단어,형태소,횟수
있,VV,4363
하,VV,2831
되,VV,2267
생각,NNG,2247
경험,NNG,1936
일,NNG,1534
기술,NNG,1418
업무,NNG,1388
고객,NNG,1141
더,MAG,1068
때,NNG,1066
노력,NNG,1033
직무,NNG,990
가장,MAG,925
지원,NNG,891
목표,NNG,886
있,VA,875
결과,NNG,872
후,NNG,869
취업,NNG,843
과정,NNG,824
사람,NNG,816
문제,NNG,801
많,VA,791
보,VV,789
시간,NNG,775
관리,NNG,764
필요,NNG,726
역량,NNG,721
회사,NNG,683
중요,NNG,670
수행,NNG,662
진행,NNG,661
없,VA,655
받,VV,653
성장,NNG,641
팀,NNG,641
해결,NNG,616
본인,NNG,613
기업,NNG,613
자,NNG,609
팀원,NNG,599
활동,NNG,598
분석,NNG,588
능력,NNG,574
자신,NNG,552
프로젝트,NNG,552
관련,NNG,535
지식,NNG,526
입사,NNG,498
좋,VA,498
만들,VV,487
잘,MAG,486
점,NNG,484
함께,MAG,483
도전,NNG,464
구체,NNG,456
산업,NNG,456
준비,NNG,455
상황,NNG,455
개발,NNG,451
공부,NNG,444
영업,NNG,440
이내,NNG,440
분야,NNG,435
사업,NNG,432
걸음,NNG,421
생산,NNG,417
이유,NNG,416
얻,VV,413
이해,NNG,413
학생,NNG,412
게시판,NNG,409
전공,NNG,409
출처,NNG,403
핫,NNG,401
맡,VV,401
역할,NNG,401
뽀개,VV,400
시작,NNG,399
작성,NNG,396
바탕,NNG,395
같,VA,395
소통,NNG,392
방법,NNG,387
의견,NNG,383
제품,NNG,378
가지,VV,377
발전,NNG,377
시장,NNG,376
관심,NNG,368
활용,NNG,361
파악,NNG,352
인턴,NNG,352
수업,NNG,342
효율,NNG,338
직접,MAG,336
공정,NNG,335
개선,NNG,335
달성,NNG,334
데이터,NNG,334
선택,NNG,333
항상,MAG,333
생활,NNG,332
가치,NNG,332
가능,NNG,328
부분,NNG,322
도움,NNG,321
알,VV,320
친구,NNG,318
계획,NNG,314
사용,NNG,313
상품,NNG,311
조직,NNG,307
직원,NNG,307
성공,NNG,305
동기,NNG,304
들,VV,301
시절,NNG,301
인재,NNG,299
먼저,MAG,299
말,NNG,296
설계,NNG,294
동안,NNG,293
서비스,NNG,289
기획,NNG,288
기존,NNG,283
한국,NNP,280
교육,NNG,278
갖,VV,278
동아리,NNG,276
찾,VV,274
현장,NNG,272
부족,NNG,272
아르바이트,NNG,268
학교,NNG,267
시스템,NNG,265
과제,NNG,265
연구,NNG,263
높,VA,263
성과,NNG,262
처음,NNG,262
근무,NNG,260
사회,NNG,258
참여,NNG,258
전문,NNG,257
해당,NNG,250
신뢰,NNG,248
당시,NNG,247
대학,NNG,247
발생,NNG,246
방식,NNG,246
이후,NNG,243
다,MAG,243
내용,NNG,242
적극,NNG,241
고민,NNG,238
이상,NNG,235
자격증,NNG,233
제공,NNG,232
배우,VV,231
부품,NNG,228
전기,NNG,227
처리,NNG,226
변화,NNG,225
관계,NNG,224
성격,NNG,224
향상,NNG,222
정보,NNG,221
열정,NNG,221
마음,NNG,221
최고,NNG,220
구매,NNG,220
운영,NNG,220
책임감,NNG,220
이루,VV,219
발표,NNG,219
사원,NNG,218
자료,NNG,217
환경,NNG,217
극복,NNG,215
품질,NNG,213
아이디어,NNG,213
행동,NNG,213
반도체,NNG,213
모습,NNG,212
이용,NNG,212
어떻게,MAG,206
물류,NNP,206
세계,NNG,205
많이,MAG,205
개인,NNG,204
과목,NNG,201
봉사,NNG,200
엔지니어,NNG,199
사례,NNG,198
작업,NNG,198
취득,NNG,196
선배,NNG,196
부서,NNG,195
최근,NNG,194
경우,NNG,192
결정,NNG,192
프로그램,NNG,189
기여,NNG,187
미래,NNG,186
마케팅,NNG,186
설명,NNG,185
공학,NNG,185
실험,NNG,184
주,VV,184
문화,NNG,184
자동차,NNG,184
앞,NNG,183
전,NNG,181
간,NNG,180
홍보,NNG,180
더욱,MAG,179
서술,NNG,178
효과,NNG,177
경쟁력,NNG,177
다양,NNG,177
어려움,NNG,176
특히,MAG,176
이끌,VV,175
남,VV,174
기회,NNG,174
모두,MAG,174
조사,NNG,173
안전,NNG,172
제안,NNG,172
전략,NNG,172
제작,NNG,171
판매,NNG,171
맞,VV,170
전문가,NNG,170
경영,NNG,169
정확,NNG,168
학년,NNG,168
다시,MAG,167
인사,NNG,166
빠르,VA,164
담당,NNG,164
장점,NNG,164
영어,NNG,164
속,NNG,164
매출,NNG,163
끝,NNG,163
핵심,NNG,163
여행,NNG,163
힘들,VA,163
기본,NNG,161
제시,NNG,161
쌓,VV,161
행사,NNG,160
현재,MAG,158
강점,NNG,158
대회,NNG,157
같이,MAG,157
꿈,NNG,156
수강,NNG,154
대화,NNG,154
시도,NNG,154
성적,NNG,152
선정,NNG,151
글로벌,NNG,151
유지,NNG,151
대하,VV,150
꾸준히,MAG,150
팀장,NNG,150
교수,NNG,149
실패,NNG,149
기반,NNG,148
지속,NNG,148
협력,NNG,148
스스로,MAG,148
자세,NNG,147
설득,NNG,147
협업,NNG,147
기사,NNG,147
학습,NNG,145
대학교,NNG,145
국내,NNG,144
확인,NNG,144
다음,NNG,144
적용,NNG,144
영향,NNG,143
쉽,VA,142
책임,NNG,142
사고,NNG,140
정신,NNG,139
혁신,NNG,138
기간,NNG,138
원,NNG,137
비용,NNG,137
느끼,VV,137
정리,NNG,137
식품,NNG,136
정도,NNG,136
만족,NNG,136
아이,NNG,136
금융,NNG,135
설비,NNG,135
학기,NNG,135
전자,NNG,135
특성,NNG,134
요구,NNG,134
차별,NNG,133
기준,NNG,133
소재,NNG,133
시험,NNG,133
업체,NNG,133
판단,NNG,133
지역,NNG,132
실무,NNG,132
평가,NNG,129
화학,NNG,129
바로,MAG,129
주제,NNG,129
전체,NNG,128
없이,MAG,128
포기,NNG,127
공사,NNG,127
사항,NNG,126
계기,NNG,126
적응,NNG,126
기계,NNG,126
커뮤니케이션,NNG,126
갖추,VV,125
학과,NNG,125
발휘,NNG,125
매우,MAG,125
회의,NNG,125
은행,NNG,124
해외,NNG,124
갈등,NNG,123
안,MAG,123
부,NNG,123
졸업,NNG,123
자원,NNG,123
포함,NNG,122
안,NNG,122
크,VA,122
장,NNG,122
삼성,NNP,121
전달,NNG,120
운동,NNG,120
가,VV,120
방안,NNG,119
삶,NNG,118
최대한,NNG,117
조원,NNG,116
자리,NNG,116
강의,NNG,116
중심,NNG,115
작,VA,115
동료,NNG,115
겪,VV,114
확보,NNG,113
경제,NNG,112
서로,MAG,112
원인,NNG,112
우선,MAG,112
날,NNG,111
완성,NNG,111
이슈,NNG,110
곳,NNG,109
예상,NNG,109
긍정,NNG,109
기억,NNG,109
연습,NNG,109
투자,NNG,108
에너지,NNG,108
구성원,NNG,108
뒤,NNG,108
지금,NNG,107
만드,VV,107
타인,NNG,107
집중,NNG,105
입장,NNG,105
힘,NNG,105
높이,VV,105
듣,VV,105
모두,NNG,105
직장,NNG,105
기초,NNG,104
그러,VV,104
덕분,NNG,104
현재,NNG,103
담당자,NNG,103
처음,MAG,103
주변,NNG,103
신입,NNG,103
깨달,VV,103
최대,NNG,102
유통,NNG,102
방향,NNG,102
설정,NNG,102
단점,NNG,101
또,MAG,101
원활,NNG,101
재고,NNG,101
최선,NNG,100
소비자,NNG,99
실습,NNG,99
매장,NNG,99
창출,NNG,98
그렇게,MAG,98
요소,NNG,98
읽,VV,97
구성,NNG,97
최소,NNG,96
이렇게,MAG,96
배려,NNG,96
우수,NNG,95
학부,NNG,95
인생,NNG,95
상태,NNG,95
대표,NNG,95
프로세스,NNG,95
일정,NNG,95
습득,NNG,94
입력,NNG,94
증가,NNG,94
남,NNG,94
평소,NNG,94
이론,NNG,94
건강,NNG,93
잡,VV,93
최종,NNG,93
서류,NNG,93
방문,NNG,92
매일,MAG,92
대응,NNG,92
의사소통,NNG,91
말씀,NNG,91
회계,NNG,91
가격,NNG,91
가치관,NNG,90
키우,VV,90
문제점,NNG,90
수립,NNG,90
이야기,NNG,90
기능,NNG,90
컴퓨터,NNG,90
실력,NNG,90
반드시,MAG,90
리더,NNG,89
부모,NNG,88
인정받,VV,88
믿,VV,88
학창,NNG,88
언어,NNG,88
흥미,NNG,88
게임,NNG,88
행복,NNG,88
체계,NNG,87
장비,NNG,87
성실,NNG,86
혁명,NNG,86
종합,NNG,86
재료,NNG,86
서로,NNG,86
업계,NNG,85
외국인,NNG,85
국제,NNG,85
필수,NNG,84
참가,NNG,84
열심히,MAG,84
교내,NNG,84
팀워크,NNG,84
태도,NNG,83
단체,NNG,83
차이,NNG,82
결국,MAG,82
트렌드,NNG,82
시설,NNG,82
넘,VV,81
부합,NNG,81
고려,NNG,81
끊임없이,MAG,81
논문,NNG,81
하루,NNG,81
구축,NNG,81
의식,NNG,81
나라,NNG,81
나누,VV,80
칭찬,NNG,80
보다,MAG,80
입학,NNG,80
실수,NNG,80
공모전,NNG,80
후배,NNG,80
분석력,NNG,79
수준,NNG,79
대비,NNG,79
비전,NNG,79
거래처,NNG,79
주말,NNG,79
의사,NNG,79
차량,NNG,79
내,VV,78
국가,NNG,78
수익,NNG,78
학업,NNG,77
끈기,NNG,77
주도,NNG,77
마지막,NNG,77
안정,NNG,77
혼자,NNG,77
조,NNG,77
작품,NNG,77
촬영,NNG,77
상대방,NNG,76
꼭,MAG,76
창의,NNG,76
실제,NNG,76
빅,NNG,76
성취,NNG,76
삼성전자,NNP,76
장기,NNG,75
한계,NNG,75
이전,NNG,75
실천,NNG,75
이바지,NNG,75
보완,NNG,75
헌신,NNG,75
대학생,NNG,75
보이,VV,75
인원,NNG,75
공유,NNG,74
표,NNG,74
가족,NNG,74
기관,NNG,74
인간,NNG,73
근거,NNG,73
사건,NNG,73
현대,NNG,73
미국,NNP,73
사,NNG,73
적,VA,72
토대,NNG,72
추구,NNG,72
사이,NNG,72
소개,NNG,71
물론,MAG,71
제어,NNG,71
수요,NNG,71
주,NNG,71
인,NNG,71
흐름,NNG,70
공장,NNG,70
사전,NNG,70
시,NNG,70
확신,NNG,70
분위기,NNG,70
공연,NNG,70
인물,NNG,70
중국,NNP,69
통하,VV,69
자유,NNG,69
과,NNG,69
단순히,MAG,69
사실,NNG,69
기록,NNG,69
정직,NNG,69
학점,NNG,69
얼마나,MAG,69
실현,NNG,68
영역,NNG,68
원칙,NNG,68
집,NNG,68
희망,NNG,68
세우,VV,68
생기,VV,68
아버지,NNG,68
체력,NNG,67
순간,NNG,67
실행,NNG,67
쓰,VV,67
추가,NNG,67
지키,VV,67
추천,NNG,67
성취감,NNG,67
관리자,NNG,66
요인,NNG,66
상승,NNG,66
회장,NNG,66
속도,NNG,66
두,VV,66
부동산,NNG,66
위,NNG,65
반영,NNG,65
불편,NNG,65
경쟁,NNG,65
동시,NNG,65
그렇,VA,65
항목,NNG,65
대상,NNG,64
자재,NNG,64
낮,VA,64
습관,NNG,64
경력,NNG,64
짧,VA,64
인력,NNG,64
오,VV,64
친환경,NNG,64
최적,NNG,63
요청,NNG,63
왜,MAG,63
그룹,NNG,63
표현,NNG,63
법,NNG,63
향후,NNG,63
센터,NNG,63
매력,NNG,63
달,NNG,63
발견,NNG,63
도입,NNG,63
철도,NNG,63
니즈,NNG,62
더불,VV,62
자신감,NNG,62
각자,NNG,62
미리,MAG,62
지향,NNG,62
이익,NNG,62
고등학교,NNG,62
온라인,NNG,62
솔루션,NNP,62
행정,NNG,62
배터리,NNG,62
인식,NNG,62
수,NNG,62
제도,NNG,62
헌혈,NNG,61
강화,NNG,61
기기,NNG,61
공동,NNG,61
마인드,NNG,61
선생,NNG,61
광고,NNG,61
형성,NNG,60
자주,MAG,60
자연,NNG,60
주목,NNG,60
절감,NNG,60
교류,NNG,60
차,NNG,60
정비,NNG,60
추진,NNG,59
연락,NNG,59
점수,NNG,59
반복,NNG,59
연구원,NNG,59
책,NNG,59
줄이,VV,59
방학,NNG,59
합격,NNG,59
어렵,VA,59
발,NNG,59
인터넷,NNG,59
위하,VV,59
철저,NNG,59
실제로,MAG,59
포부,NNG,58
그때,NNG,58
모르,VV,58
보유,NNG,58
글,NNG,58
보고서,NNG,58
비교,NNG,58
구현,NNG,58
캐릭터,NNG,58
조율,NNG,57
일원,NNG,57
규모,NNG,57
군,NNG,57
건설,NNG,57
삼,VV,57
깊,VA,57
현실,NNG,57
디스플레이,NNG,57
돈,NNG,57
채널,NNG,57
병원,NNG,57
수집,NNG,57
마련,NNG,56
마음가짐,NNG,56
설치,NNG,56
다루,VV,56
이미지,NNG,56
약속,NNG,56
수상,NNG,56
통신,NNG,56
인정,NNG,56
대한민국,NNP,56
전반,NNG,55
조장,NNG,55
영상,NNG,55
콘텐츠,NNG,55
연결,NNG,55
도출,NNG,55
선도,NNG,55
음식,NNG,55
소속감,NNG,55
목적,NNG,55
노하우,NNG,55
부여,NNG,55
교환,NNG,55
어학,NNG,55
미니스톱,NNP,55
등록,NNG,54
전화,NNG,54
국민,NNG,54
조언,NNG,54
구조,NNG,54
감정,NNG,54
피드백,NNG,54
조금,MAG,54
대신,NNG,54
여름,NNG,54
위기,NNG,54
편의점,NNG,54
조금,NNG,54
기대,NNG,53
관점,NNG,53
학생회,NNG,53
제조,NNG,53
단계,NNG,53
자금,NNG,53
정하,VV,53
재무,NNG,53
살,VV,53
반,NNG,53
중소기업,NNG,52
물질,NNG,52
나오,VV,52
시각,NNG,52
몸,NNG,52
완벽,NNG,52
확대,NNG,52
제대로,MAG,52
질문,NNG,52
융합,NNG,52
진출,NNG,52
물,NNG,52
스터디,NNP,52
임하,VV,51
공급,NNG,51
특허,NNG,51
경영학,NNG,51
눈,NNG,51
늦,VA,51
다니,VV,51
서울,NNP,51
수정,NNG,51
과거,NNG,50
길,NNG,50
사장,NNG,50
존중,NNG,50
순위,NNG,50
주로,MAG,50
연수,NNG,50
돕,VV,50
존재,NNG,50
실험실,NNG,50
문서,NNG,49
먹,VV,49
의지,NNG,49
나아가,VV,49
분담,NNG,49
제출,NNG,49
내부,NNG,49
원가,NNG,49
익히,VV,49
정확히,MAG,49
주장,NNG,49
동영상,NNG,49
지금,MAG,48
나,VA,48
임무,NNG,48
디자인,NNG,48
위치,NNG,48
의미,NNG,48
아래,NNG,48
군대,NNG,48
항공,NNG,48
카드,NNG,48
지원자,NNG,47
최초,NNG,47
계속,NNG,47
시너지,NNG,47
학우,NNG,47
값,NNG,47
만나,VV,47
신경,NNG,47
부담,NNG,47
예측,NNG,47
맞추,VV,47
부대,NNG,47
줄,NNG,47
사무,NNG,47
불만,NNG,46
끊임없,VA,46
모델,NNG,46
측면,NNG,46
채용,NNG,46
외부,NNG,46
마무리,NNG,46
일상,NNG,46
스마트폰,NNP,46
공감,NNG,46
안주,NNG,45
브랜드,NNG,45
아직,MAG,45
단축,NNG,45
정부,NNG,45
손,NNG,45
작년,NNG,45
검사,NNG,45
수많,VA,45
취미,NNG,45
매뉴얼,NNG,45
미칼,NNP,45
라인,NNG,44
이미,MAG,44
대처,NNG,44
신청,NNG,44
못,MAG,44
물,VV,44
반응,NNG,44
발전소,NNG,44
단순,NNG,44
상생,NNG,44
대부분,NNG,44
계산,NNG,44
시대,NNG,44
전력,NNG,44
시뮬레이션,NNG,44
생명,NNG,43
결국,NNG,43
해결책,NNG,43
다짐,NNG,43
극대,NNG,43
경청,NNG,43
장치,NNG,43
다르,VA,43
네트워크,NNG,43
지도,NNG,43
주요,NNG,43
배,NNG,43
욕,NNG,43
단위,NNG,43
언제나,MAG,43
진심,NNG,43
보수,NNG,43
통운,NNG,43
스스로,NNG,42
점점,MAG,42
예산,NNG,42
축제,NNG,42
원자력,NNG,42
아이템,NNG,42
부탁,NNG,42
훈련,NNG,42
맞춤,NNG,41
부문,NNG,41
사,VV,41
이외,NNG,41
원리,NNG,41
어머니,NNG,41
기르,VV,41
리더십,NNG,41
공단,NNG,41
이벤트,NNG,41
운전,NNG,41
외국,NNG,41
헬스,NNG,41
재학,NNG,41
깨닫,VV,41
시기,NNG,41
심사,NNG,41
아,VV,41
응대,NNG,41
감량,NNG,41
검토,NNG,41
이번,NNG,41
물품,NNG,41
실적,NNG,41
캠프,NNG,41
윤리,NNG,41
고분자,NNG,41
플,NNG,41
확실히,MAG,41
어울리,VV,41
상담,NNG,40
사랑,NNG,40
잊,VV,40
신규,NNG,40
사진,NNG,40
바꾸,VV,40
계약,NNG,40
스트레스,NNG,40
넓,VA,40
학원,NNG,40
대안,NNG,40
직접,NNG,40
논리,NNG,40
안내,NNG,40
유럽,NNP,39
걱정,NNG,39
직업,NNG,39
일반,NNG,39
타,VV,39
능동,NNG,39
변경,NNG,39
면,NNG,39
건축,NNG,39
너무,MAG,39
이수,NNG,39
접하,VV,39
다가가,VV,39
장단점,NNG,39
복무,NNG,39
위험,NNG,39
통계,NNG,39
툴,NNP,39
경쟁사,NNG,39
조건,NNG,39
임원,NNG,39
방,NNG,38
개념,NNG,38
차지,NNG,38
신속,NNG,38
귀,NNG,38
피해,NNG,38
회로,NNG,38
성향,NNG,38
점검,NNG,38
앱,NNG,38
대외,NNG,38
사내,NNG,38
접근,NNG,38
정말,MAG,38
매주,MAG,37
전환,NNG,37
좀,MAG,37
비록,MAG,37
자체,NNG,37
수급,NNG,37
불량,NNG,37
바라보,VV,37
기술력,NNG,37
세부,NNG,37
이때,NNG,37
세상,NNG,37
인터뷰,NNG,37
고안,NNG,37
편하,VA,37
메모리,NNG,37
제일제당,NNP,37
협조,NNG,36
달리,MAG,36
알리,VV,36
특별,NNG,36
보조,NNG,36
급,NNG,36
장소,NNG,36
중간,NNG,36
선,NNG,36
배송,NNG,36
가입,NNG,36
수치,NNG,36
마감,NNG,36
정책,NNG,36
공공,NNG,36
움직이,VV,36
견해,NNG,36
거래,NNG,36
초기,NNG,36
소프트웨어,NNG,36
디지털,NNG,36
모집,NNG,36
결선,NNG,36
치료,NNG,35
이름,NNG,35
마,NNG,35
자산,NNG,35
아침,NNG,35
체크,NNG,35
주인,NNG,35
수용,NNG,35
상대,NNG,35
때로,MAG,35
퇴근,NNG,35
계속,MAG,35
창고,NNG,35
수율,NNG,35
반대,NNG,35
전역,NNG,35
인공지능,NNP,35
종류,NNG,35
매년,MAG,35
혼자,MAG,35
보험,NNG,35
통과,NNG,35
뛰,VV,34
조별,NNG,34
제약,NNG,34
증명,NNG,34
이제,MAG,34
직,NNG,34
원동력,NNG,34
각종,NNG,34
즐거움,NNG,34
운송,NNG,34
위주,NNG,34
특기,NNG,34
시민,NNG,34
늘,MAG,34
영화,NNG,34
담,VV,34
도시,NNG,34
프로모션,NNG,33
기한,NNG,33
손님,NNG,33
창조,NNG,33
얼마,NNG,33
이끄,VV,33
스마트,NNG,33
서적,NNG,33
도면,NNG,33
보람,NNG,33
책임지,VV,33
다수,NNG,33
자발,NNG,33
좋아하,VV,33
날짜,NNG,33
오래,MAG,33
연령,NNG,33
업,NNG,33
일부,NNG,33
전국,NNG,33
주위,NNG,33
적,VV,33
가정,NNG,33
소리,NNG,33
레이더,NNG,33
양성,NNG,33
명장,NNG,33
점포,NNG,33
조절,NNG,32
수출,NNG,32
소비,NNG,32
새롭,VA,32
배치,NNG,32
접목,NNG,32
완수,NNG,32
상,NNG,32
전지,NNG,32
의,NNG,32
경량,NNG,32
부산,NNP,32
장애,NNG,32
나서,VV,32
감사,NNG,32
미군,NNG,32
동향,NNG,31
자부심,NNG,31
약품,NNG,31
미치,VV,31
특징,NNG,31
찾아보,VV,31
특정,NNG,31
무사히,MAG,31
연구실,NNG,31
예방,NNG,31
투입,NNG,31
평균,NNG,31
경기,NNG,31
오류,NNG,31
시행,NNG,31
나이,NNG,31
설문,NNG,31
법인,NNG,31
투명,NNG,31
병행,NNG,31
사유,NNG,31
다이어트,NNG,31
선수,NNG,31
모바일,NNP,31
매니저,NNG,31
거절,NNG,30
비중,NNG,30
부원,NNG,30
예,NNG,30
숙지,NNG,30
텔레콤,NNP,30
본부,NNG,30
보내,VV,30
상사,NNG,30
생활신조,NNG,30
강조,NNG,30
금액,NNG,30
백화점,NNG,30
동력,NNG,30
동의,NNG,30
옆,NNG,30
알고리즘,NNG,30
시키,VV,30
즐겁,VA,30
샘플,NNG,30
힘쓰,VV,30
마치,VV,30
차이점,NNG,30
터,NNG,30
위원,NNG,30
컨,NNP,30
교통,NNG,30
토론,NNG,29
연계,NNG,29
계발,NNG,29
수량,NNG,29
따로,MAG,29
자동,NNG,29
인상,NNG,29
감소,NNG,29
유기,NNG,29
주택,NNG,29
공간,NNG,29
진학,NNG,29
구하,VV,29
만약,MAG,29
비즈니스,NNG,29
인지,NNG,29
쉬,VV,29
소속,NNG,29
의료,NNG,29
밤,NNG,29
강하,VA,29
회원,NNG,29
결과물,NNG,29
현지,NNG,29
잃,VV,29
근로,NNG,29
기획력,NNG,29
노사,NNG,29
현상,NNG,29
점차,MAG,29
정기,NNG,29
모임,NNG,28
비,NNG,28
당황,NNG,28
도서관,NNG,28
버스,NNG,28
인류,NNG,28
발주,NNG,28
열,VV,28
참석,NNG,28
대인,NNG,28
예시,NNG,28
대장정,NNG,28
엑셀,NNP,28
조정,NNG,28
구상,NNG,28
단어,NNG,28
곧,MAG,28
합의,NNG,28
뜻,NNG,28
간략히,MAG,28
뉴스,NNG,28
모으,VV,28
응용,NNG,28
풀,VV,28
계층,NNG,28
취합,NNG,28
미션,NNG,28
홈페이지,NNG,28
제외,NNG,28
유관,NNG,27
조립,NNG,27
바이오,NNP,27
무대,NNG,27
유도,NNG,27
놓치,VV,27
상호,NNG,27
작용,NNG,27
셀,NNG,27
웃,VV,27
선발,NNG,27
국토,NNG,27
면접,NNG,27
무역,NNG,27
이르,VV,27
축구,NNG,27
잘못,MAG,27
형태,NNG,27
컨설팅,NNG,27
개최,NNG,27
체중,NNG,27
종종,MAG,27
발굴,NNG,27
나가,VV,27
들어오,VV,27
가상,NNG,27
겨울,NNG,27
중대,NNG,27
센서,NNG,27
아동,NNG,27
공구,NNG,27
약점,NNG,27
장학금,NNG,27
테스트,NNG,26
개척,NNG,26
멈추,VV,26
영업인,NNG,26
출시,NNG,26
들어가,VV,26
학회,NNG,26
일어나,VV,26
웹,NNG,26
이루어지,VV,26
욕심,NNG,26
두려워하,VV,26
총무,NNG,26
자율,NNG,26
체험,NNG,26
충분히,MAG,26
소자,NNG,26
수능,NNG,26
프로그래밍,NNG,26
등장,NNG,26
출근,NNG,26
관광,NNG,26
일본,NNP,26
빨리,MAG,26
주관,NNG,26
선호,NNG,26
증대,NNG,26
좌절,NNG,26
자랑,NNG,26
금속,NNG,26
초반,NNG,26
답,NNG,26
유학생,NNG,26
신념,NNG,26
조화,NNG,26
예비,NNG,26
제안서,NNG,26
집단,NNG,26
창업,NNG,26
휴지,NNG,26
가공,NNG,26
액,NNG,25
공헌,NNG,25
해석,NNG,25
콜,NNG,25
밝,VA,25
만족도,NNG,25
작동,NNG,25
경진,NNG,25
올리,VV,25
차질,NNG,25
합리,NNG,25
무기,NNG,25
복습,NNG,25
결심,NNG,25
제한,NNG,25
수학,NNG,25
떠나,VV,25
친화력,NNG,25
저녁,NNG,25
조달,NNG,25
보호,NNG,25
충돌,NNG,25
격려,NNG,25
가스,NNG,25
물리,NNG,25
범위,NNG,25
신사업,NNG,25
사무실,NNG,25
수영,NNG,25
코리아,NNP,25
농업,NNG,25
기쁨,NNG,24
아무리,MAG,24
식자재,NNG,24
량,NNG,24
노래,NNG,24
재상,NNG,24
사이트,NNG,24
기법,NNG,24
바뀌,VV,24
사물,NNG,24
코드,NNG,24
화합,NNG,24
적정,NNG,24
배경,NNG,24
제대,NNG,24
실기,NNG,24
개개인,NNG,24
영화관,NNG,24
근로자,NNG,24
운용,NNG,24
출연,NNG,24
공정,NNP,24
역사,NNG,24
가동,NNG,24
집행,NNG,24
당일,NNG,24
성능,NNG,24
진로,NNG,24
용량,NNG,24
공학도,NNG,24
할인,NNG,24
서포터,NNG,24
근성,NNG,24
찾아가,VV,24
강사,NNG,24
차세대,NNG,24
멘토,NNP,24
그동안,NNG,24
점유,NNG,24
저장,NNG,24
현황,NNG,24
선물,NNG,24
빛,NNG,24
중국인,NNG,24
중학교,NNG,24
분기,NNG,24
참고,NNG,24
감동,NNG,24
식사,NNG,24
깊이,MAG,24
개발자,NNG,24
파트,NNG,24
애정,NNG,24
소모임,NNG,24
수단,NNG,24
후원,NNG,24
인바디,NNP,24
요리,NNG,23
해소,NNG,23
확장,NNG,23
획득,NNG,23
양,NNG,23
가량,NNG,23
목소리,NNG,23
연관,NNG,23
증진,NNG,23
수주,NNG,23
아시아,NNP,23
철저히,MAG,23
문,NNG,23
추진력,NNG,23
우선,NNG,23
인프라,NNG,23
연구소,NNG,23
혜택,NNG,23
마트,NNG,23
장학생,NNG,23
부정,NNG,23
호기심,NNG,23
나,VV,23
물건,NNG,23
플라스틱,NNG,23
학문,NNG,23
사태,NNG,23
학술,NNG,23
자격,NNG,23
펼치,VV,23
걸리,VV,23
무리,NNG,23
능률,NNG,23
진열,NNG,23
후회,NNG,23
분류,NNG,23
반면,NNG,23
잦,VA,23
청소,NNG,23
입대,NNG,23
과학,NNG,23
가르치,VV,23
용기,NNG,23
외국어,NNG,23
중국어,NNG,23
플랜트,NNG,23
리스트,NNG,23
그래프,NNG,23
교사,NNG,23
재미,NNG,23
데이터베이스,NNG,23
복지,NNG,22
이,VV,22
음료,NNG,22
도중,NNG,22
각각,NNG,22
미생물,NNG,22
동물,NNG,22
심,VV,22
본사,NNG,22
맺,VV,22
규칙,NNG,22
계열사,NNG,22
거리,NNG,22
판토스,NNP,22
차례,NNG,22
느낌,NNG,22
상상,NNG,22
오염,NNG,22
걷,VV,22
찍,VV,22
결산,NNG,22
입,VV,22
기,NNG,22
몸소,MAG,22
완료,NNG,22
동반성,NNG,22
청년,NNG,22
긴장,NNG,22
여부,NNG,22
한국어,NNG,22
주문,NNG,22
창의력,NNG,22
그치,VV,22
올해,NNG,22
조치,NNG,22
노르웨이,NNP,22
전혀,MAG,22
새로,MAG,22
방송,NNG,22
푸드,NNG,22
매장,MAG,22
총기,NNG,22
입행,NNG,21
맛,NNG,21
걸,VV,21
얘기,NNG,21
박람회,NNG,21
준수,NNG,21
용어,NNG,21
음악,NNG,21
시공,NNG,21
이해도,NNG,21
조성,NNG,21
추후,NNG,21
뒷받침,NNG,21
얼굴,NNG,21
여유,NNG,21
자질,NNG,21
앞장서,VV,21
포스코,NNP,21
공인,NNG,21
기재,NNG,21
매번,MAG,21
신재,NNG,21
매달,MAG,21
수료,NNG,21
신호,NNG,21
결론,NNG,21
가게,NNG,21
모색,NNG,21
마침내,MAG,21
급여,NNG,21
본질,NNG,21
지내,VV,21
나중,NNG,21
분배,NNG,21
한정,NNG,21
충족,NNG,21
그대로,MAG,21
화공,NNG,21
두려움,NNG,21
끝나,VV,21
고등학생,NNG,21
저조,NNG,21
규제,NNG,21
엔진,NNG,21
도착,NNG,21
법규,NNG,21
이제,NNG,21
재단,NNG,21
건의,NNG,21
어떻,VA,21
납품,NNG,21
이동,NNG,21
편집,NNG,21
한국인,NNG,21
사정,NNG,21
경연,NNG,21
통솔,NNG,21
해양,NNG,21
멤버,NNG,21
사용량,NNG,21
재정,NNG,21
탐방,NNG,21
원전,NNG,21
보안,NNG,21
주차장,NNG,21
키워드,NNP,20
주기,NNG,20
석사,NNG,20
국내외,NNG,20
인증,NNG,20
한미,NNG,20
미,NNG,20
의약품,NNG,20
시점,NNG,20
드리,VV,20
언급,NNG,20
폼,NNG,20
면역,NNG,20
당사,NNG,20
소요,NNG,20
이어지,VV,20
시그마,NNG,20
최우선,NNG,20
적성,NNG,20
밖,NNG,20
최대한,MAG,20
취지,NNG,20
성인,NNG,20
교훈,NNG,20
근처,NNG,20
일치,NNG,20
재무제표,NNG,20
지나,VV,20
위협,NNG,20
꼼꼼히,MAG,20
회복,NNG,20
모터,NNG,20
동작,NNG,20
편안,NNG,20
살아가,VV,20
상용,NNG,20
대체,NNG,20
기구,NNG,20
임금,NNG,20
넣,VV,20
돌아가,VV,20
필기,NNG,20
대리,NNG,20
근무자,NNG,20
기울이,VV,20
늘,VV,20
카투사,NNG,20
배분,NNG,20
기능사,NNG,20
러닝,NNG,20
롯데마트,NNP,20
샘,NNG,19
전통,NNG,19
원하,VV,19
신중,NNG,19
간접,NNG,19
자극,NNG,19
플랫,NNG,19
혈액,NNG,19
그만큼,MAG,19
원천,NNG,19
서버,NNG,19
건물,NNG,19
직면,NNG,19
계획서,NNG,19
중시,NNG,19
자연스레,MAG,19
일일이,MAG,19
메모,NNG,19
중점,NNG,19
출신,NNG,19
복학,NNG,19
나머지,NNG,19
충실히,MAG,19
오차,NNG,19
형,NNG,19
블로그,NNG,19
알아보,VV,19
유학,NNG,19
다소,MAG,19
영국,NNP,19
가르침,NNG,19
심화,NNG,19
즈,NNG,19
숫자,NNG,19
공개,NNG,19
옷,NNG,19
컨퍼런스,NNG,19
야간,NNG,19
별로,MAG,19
방지,NNG,19
결합,NNG,19
간호사,NNG,19
발판,NNG,19
그냥,MAG,19
이행,NNG,19
일찍,MAG,19
떨어지,VV,19
배출,NNG,19
보직,NNG,19
간부,NNG,19
합성,NNG,19
조교,NNG,19
스타일,NNG,19
해,NNG,19
글자,NNG,19
후임,NNG,19
실전,NNG,19
복수,NNG,19
소개서,NNG,19
로봇,NNG,19
밴드,NNG,19
멀리,MAG,19
답사,NNG,19
예선,NNG,19
연극,NNG,19
공식,NNG,19
자동문,NNG,19
센싱,NNG,19
답변,NNG,19
대원,NNG,19
심리,NNG,18
카페,NNG,18
출전,NNG,18
완주,NNG,18
질,NNG,18
비율,NNG,18
질환,NNG,18
터득,NNG,18
온도,NNG,18
택,NNG,18
아주,MAG,18
변수,NNG,18
지표,NNG,18
노트,NNG,18
석유,NNG,18
소극,NNG,18
관계자,NNG,18
대형,NNG,18
오해,NNG,18
어필,NNG,18
오프라인,NNG,18
공통점,NNG,18
첨단,NNG,18
마주,MAG,18
유치,NNG,18
내리,VV,18
거두,VV,18
이하,NNG,18
귀사,NNG,18
인기,NNG,18
전산,NNG,18
금전,NNG,18
목표달성,NNP,18
흥원,NNP,18
설득력,NNG,18
타임,NNG,18
조직원,NNG,18
이온,NNG,18
고용,NNG,18
거치,VV,18
통찰력,NNG,18
액정,NNG,18
풍선,NNG,18
맛있,VA,18
진실,NNG,18
롯데,NNP,18
고리,NNG,18
미팅,NNG,18
회화,NNG,18
내역,NNG,18
벌,VV,18
머리,NNG,18
봉사자,NNG,18
지점,NNG,18
회비,NNG,18
주점,NNG,18
고강,NNG,18
판촉,NNG,18
논의,NNG,18
포인트,NNG,18
터키,NNG,18
문제집,NNG,18
기능장,NNG,18
플레이,NNG,18
기아,NNP,18
노인,NNG,17
병,NNG,17
요구사항,NNP,17
남자,NNG,17
분리,NNG,17
배양,NNG,17
살펴보,VV,17
전망,NNG,17
처,NNG,17
패러다임,NNG,17
기타,NNG,17
살아오,VV,17
대립,NNG,17
점심,NNG,17
연장,NNG,17
톤,NNG,17
정산,NNG,17
재능,NNG,17
집안,NNG,17
몰입,NNG,17
모델링,NNG,17
경제학,NNG,17
최신,NNG,17
신한,NNG,17
지급,NNG,17
형식,NNG,17
주최,NNG,17
리서치,NNG,17
팔,VV,17
차근차근,MAG,17
부회장,NNG,17
성실히,MAG,17
부스,NNG,17
올바르,VA,17
교체,NNG,17
일자리,NNG,17
연료,NNG,17
안목,NNG,17
싫,VA,17
승리,NNG,17
순서,NNG,17
기분,NNG,17
감수,NNG,17
항공사,NNG,17
자연히,MAG,17
원론,NNG,17
도표,NNG,17
선호도,NNG,17
객사,NNG,17
친절,NNG,17
코딩,NNG,17
통역,NNG,17
계약직,NNG,17
주민,NNG,17
판단력,NNG,17
소스,NNG,17
원안,NNG,17
설립,NNG,17
소프트,NNG,17
대리점,NNG,17
동반,NNG,16
마라톤,NNG,16
편리,NNG,16
알맞,VA,16
탓,NNG,16
평점,NNG,16
늘어나,VV,16
지,VV,16
페이지,NNG,16
효능,NNG,16
프로,NNG,16
측정,NNG,16
구분,NNG,16
건설업,NNG,16
완벽히,MAG,16
검증,NNG,16
일조,NNG,16
경향,NNG,16
각자,MAG,16
따르,VV,16
공기,NNG,16
연속,NNG,16
임직원,NNG,16
도약,NNG,16
캡스,NNP,16
총괄,NNG,16
뽑,VV,16
체득,NNG,16
다시금,MAG,16
지적,NNG,16
제일,MAG,16
호주,NNP,16
워킹,NNG,16
홀리데이,NNP,16
맛집,NNG,16
길,VA,16
실,NNG,16
권한,NNG,16
할머니,NNG,16
밑거름,NNG,16
도시락,NNG,16
감각,NNG,16
받아들이,VV,16
소형,NNG,16
치열,NNG,16
패기,NNG,16
전기차,NNP,16
해내,VV,16
소식,NNG,16
절반,NNG,16
초등,NNG,16
어른,NNG,16
지사,NNG,16
소외,NNG,16
하반기,NNG,16
드러나,VV,16
끌어올리,VV,16
버튼,NNG,16
문구,NNG,16
부담감,NNG,16
열역학,NNG,16
민원,NNG,16
항공기,NNG,16
전하,VV,16
출하,NNG,16
즐기,VV,16
중앙,NNG,16
차원,NNG,16
양식,NNG,16
농구,NNG,16
파,VV,16
학급,NNG,16
행정병,NNG,16
동호회,NNG,16
오토,NNG,16
패턴,NNG,16
농협,NNG,16
경농,NNG,16
사업단,NNG,16
신문,NNG,15
단기,NNG,15
이렇,VA,15
서브,NNG,15
주스,NNG,15
육체,NNG,15
넓히,VV,15
앉,VV,15
만남,NNG,15
대학원,NNG,15
분명,MAG,15
화장품,NNG,15
대사,NNG,15
가운데,NNG,15
후보,NNG,15
나타내,VV,15
션,NNG,15
화,NNG,15
궁극,NNG,15
편의,NNG,15
다행히,MAG,15
업종,NNG,15
실시,NNG,15
수입,NNG,15
웨어,NNP,15
굉장히,MAG,15
찾아내,VV,15
무시,NNG,15
예정,NNG,15
감지,NNG,15
지방,NNG,15
고치,VV,15
메뉴,NNG,15
실시간,NNG,15
리,NNG,15
한마디,NNG,15
환자,NNG,15
의무,NNG,15
채우,VV,15
시선,NNG,15
자전거,NNG,15
서,VV,15
완성도,NNG,15
게을리,MAG,15
학,NNG,15
초점,NNG,15
신체,NNG,15
드론,NNP,15
설문지,NNG,15
유일,NNG,15
잘못,NNG,15
위생,NNG,15
커머스,NNG,15
상권,NNG,15
공동체,NNG,15
용접,NNG,15
완구,NNG,15
다리,NNG,15
배달,NNG,15
꿈꾸,VV,15
커피,NNG,15
경로,NNG,15
책임자,NNG,15
별,NNG,15
납기,NNG,15
기아,NNG,15
분대,NNG,15
존경,NNG,15
공기업,NNG,15
위촉,NNG,15
파운드리,NNP,15
넥타이,NNG,15
도달,NNG,14
우위,NNG,14
주력,NNG,14
캠페인,NNG,14
부재,NNG,14
보관,NNG,14
대중,NNG,14
당장,NNG,14
선별,NNG,14
그저,MAG,14
응원,NNG,14
이견,NNG,14
유대감,NNG,14
적응력,NNG,14
가리,VV,14
등급,NNG,14
방과,NNG,14
달리,VV,14
모의,NNG,14
하락,NNG,14
고맙,VA,14
도맡,VV,14
거주,NNG,14
친밀감,NNG,14
재밌,VA,14
끌,VV,14
장사,NNG,14
패스트푸드,NNG,14
테일,NNG,14
다지,VV,14
상처,NNG,14
할애,NNG,14
한발,MAG,14
양산,NNG,14
선두,NNG,14
고장,NNG,14
막,VV,14
웃음,NNG,14
구글,NNG,14
결실,NNG,14
뛰어넘,VV,14
주행,NNG,14
독서,NNG,14
장부,NNG,14
단원,NNG,14
진단,NNG,14
승부수,NNG,14
명확히,MAG,14
대충,MAG,14
지체,NNG,14
라면,NNG,14
롯데케미칼,NNP,14
액체,NNG,14
거듭나,VV,14
시트,NNG,14
실질,NNG,14
전시회,NNG,14
바라,VV,14
인하,VV,14
파일,NNG,14
훨씬,MAG,14
부장,NNG,14
열리,VV,14
사단,NNG,14
제고,NNG,14
언제,MAG,14
전원,NNG,14
현직,NNG,14
메일,NNG,14
대기,NNG,14
위원회,NNG,14
신협,NNP,14
바이어,NNG,14
블록체인,NNG,14
검출,NNG,14
폭넓,VA,13
파트너,NNG,13
은행원,NNG,13
도모,NNG,13
급변,NNG,13
신약,NNG,13
고충,NNG,13
세대,NNG,13
질병,NNG,13
입출고,NNG,13
전날,NNG,13
고정,NNG,13
낮추,VV,13
짓,VV,13
돌아보,VV,13
첫날,NNG,13
하나하나,MAG,13
규정,NNG,13
대우건설,NNP,13
안전기사,NNG,13
솔선수범,NNG,13
모니터링,NNG,13
수시로,MAG,13
주저,NNG,13
경계,NNG,13
선사,NNG,13
부르,VV,13
부착,NNG,13
가슴,NNG,13
중간고사,NNG,13
리스크,NNG,13
세무,NNG,13
제조업,NNG,13
포스터,NNG,13
커지,VV,13
응시,NNG,13
컨셉,NNG,13
돌,VV,13
품목,NNG,13
피크,NNG,13
사라지,VV,13
동아,NNP,13
직후,NNG,13
사로잡,VV,13
인구,NNG,13
독특,NNG,13
전장,NNG,13
분량,NNG,13
발상,NNG,13
색,NNG,13
먹거리,NNG,13
분업,NNG,13
단합,NNG,13
수동,NNG,13
깨,VV,13
채택,NNG,13
대,NNG,13
바쁘,VA,13
전년,NNG,13
유저,NNG,13
돌아다니,VV,13
끈질기,VA,13
쓰레기통,NNG,13
계정,NNG,13
제의,NNG,13
분실,NNG,13
식단,NNG,13
커뮤니티,NNG,13
정상,NNG,13
쏟,VV,13
단장,NNG,13
선임,NNG,13
미소,NNG,13
칼,NNG,13
번호,NNG,13
주자,NNG,13
기다리,VV,13
침착,NNG,13
튜,NNP,13
길이,NNG,13
치킨,NNG,13
최상,NNG,13
회,NNG,13
버전,NNG,13
노동법,NNG,13
관찰,NNG,13
비행기,NNG,13
관심사,NNG,13
라즈,NNP,13
마이닝,NNP,13
초임계,NNG,13
협회,NNG,13
틀,NNG,13
캐피탈,NNP,13
피,VV,13
소모,NNG,13
지하철,NNG,13
리그,NNG,13
대출,NNG,13
영화제,NNG,13
인형,NNG,13
드라마,NNG,13
라이,NNG,13
함양,NNG,12
일례,NNG,12
손실,NNG,12
응급,NNG,12
제제,NNG,12
스토리,NNG,12
주체,NNG,12
세포,NNG,12
균,NNG,12
절대,MAG,12
난관,NNG,12
즉시,MAG,12
협동,NNG,12
유독,MAG,12
손해,NNG,12
과장,NNG,12
휴대폰,NNG,12
수리,NNG,12
회식,NNG,12
하여금,MAG,12
내부,NNP,12
외,NNG,12
재직,NNG,12
유,NNG,12
티,NNG,12
전자회로,NNP,12
오르,VV,12
출력,NNG,12
성분,NNG,12
시행착오,NNG,12
이웃,NNG,12
생활비,NNG,12
덕목,NNG,12
장기간,NNG,12
부가,NNG,12
어느새,MAG,12
지출,NNG,12
세금,NNG,12
항만,NNG,12
입,NNG,12
세미나,NNG,12
방침,NNG,12
불안,NNG,12
복합,NNG,12
사후,NNG,12
표준,NNG,12
멘토링,NNP,12
순조,NNG,12
야구,NNG,12
재활,NNG,12
수락,NNG,12
감축,NNG,12
역,NNG,12
크기,NNG,12
마음먹,VV,12
보장,NNG,12
무조건,MAG,12
잠시,MAG,12
모듈,NNG,12
뛰어나,VA,12
본격,NNG,12
순환,NNG,12
무게,NNG,12
놀,VV,12
참,MAG,12
땅,NNG,12
검색,NNG,12
협의,NNG,12
비치,NNG,12
우승,NNG,12
목,NNG,12
최우,NNP,12
유형,NNG,12
낯설,VA,12
장애물,NNG,12
기부,NNG,12
초과,NNG,12
기입,NNG,12
인수,NNG,12
나만,NNG,12
살아남,VV,12
등,NNG,12
주고받,VV,12
사과,NNG,12
달,VV,12
역학,NNG,12
통합,NNG,12
타사,NNG,12
근,NNG,12
시야,NNG,12
그만두,VV,12
재미있,VA,12
새벽,NNG,12
여성,NNG,12
공대,NNG,12
표정,NNG,12
정착,NNG,12
가득,MAG,12
정원,NNG,12
누나,NNG,12
연주,NNG,12
미안,NNG,12
영양사,NNG,12
미세,NNG,12
신속히,MAG,12
협상,NNG,12
대다수,NNG,12
연합,NNG,12
보상,NNG,12
한샘,NNP,12
끝내,VV,12
신분,NNG,12
근간,NNG,12
의족,NNG,12
연금,NNG,12
신한은행,NNP,12
승객,NNG,12
칩,NNG,12
관리사,NNG,12
와인,NNG,12
발장,NNG,12
활성,NNG,11
넘치,VV,11
가까이,MAG,11
증거,NNG,11
자사,NNG,11
문장,NNG,11
임상,NNG,11
의문,NNG,11
잠재,NNG,11
지니,VV,11
마이크,NNG,11
축적,NNG,11
악화,NNG,11
토의,NNG,11
지시,NNG,11
명회,NNG,11
동참,NNG,11
시즌,NNG,11
배정,NNG,11
전선,NNG,11
개별,NNG,11
육성,NNG,11
더욱더,MAG,11
매료,NNG,11
진입,NNG,11
사용법,NNG,11
발급,NNG,11
원자재,NNG,11
지능,NNG,11
외자,NNG,11
동생,NNG,11
판,NNG,11
할당,NNG,11
표시,NNG,11
투자자,NNG,11
축소,NNG,11
수렴,NNG,11
내일,NNG,11
전표,NNG,11
대내외,NNG,11
통화,NNG,11
매사,NNG,11
호평,NNG,11
고통,NNG,11
벽,NNG,11
세트,NNG,11
포럼,NNG,11
프리미엄,NNG,11
입지,NNG,11
단골,NNG,11
대처,NNP,11
택배,NNG,11
강의실,NNG,11
리원,NNG,11
집중력,NNG,11
곳곳,NNG,11
무료,NNG,11
갤럭시,NNP,11
저하,NNG,11
체감,NNG,11
챙기,VV,11
몫,NNG,11
셰일가스,NNP,11
선행,NNG,11
휴가,NNG,11
당당히,MAG,11
시련,NNG,11
워,NNG,11
운행,NNG,11
강연,NNG,11
줄어들,VV,11
실행력,NNG,11
유혹,NNG,11
흔히,MAG,11
귀찮,VA,11
열,NNG,11
견학,NNG,11
압축,NNG,11
성사,NNG,11
소홀히,MAG,11
닿,VV,11
가구,NNG,11
수첩,NNG,11
조선,NNP,11
배제,NNG,11
교양,NNG,11
직군,NNG,11
직책,NNG,11
상하,VV,11
만약,NNG,11
도,NNG,11
교정,NNG,11
우산,NNG,11
관객,NNG,11
며칠,NNG,11
여자,NNG,11
거의,MAG,11
대본,NNG,11
믿음,NNG,11
원활히,MAG,11
무급,NNG,11
박사,NNG,11
전사,NNG,11
월,NNG,11
허용,NNG,11
컴투스,NNP,11
설,NNG,11
소득,NNG,11
교보생명,NNP,11
선박,NNG,11
방면,NNG,11
균형,NNG,11
슈,NNP,11
프레시,NNP,11
시청자,NNG,11
미디어,NNG,11
오픈,NNG,11
집착,NNG,11
오토바이,NNG,11
하이드,NNP,11
각각,MAG,10
레스토랑,NNG,10
삼양,NNP,10
막내,NNG,10
테이블,NNG,10
추세,NNG,10
입증,NNG,10
꽃,NNG,10
균주,NNG,10
염증,NNG,10
탐색,NNG,10
요약,NNG,10
상관,NNG,10
마의,NNG,10
선점,NNG,10
변하,VV,10
노조,NNG,10
트리,NNG,10
암기,NNG,10
끼치,VV,10
이윤,NNG,10
자처,NNG,10
특이,NNG,10
최적화,NNG,10
대여,NNG,10
대답,NNG,10
정체,NNG,10
증착,NNG,10
사수,NNG,10
고수,NNG,10
어깨,NNG,10
소화,NNG,10
쾌거,NNG,10
정확도,NNG,10
묵묵히,MAG,10
내외,NNG,10
효성,NNG,10
러블,NNP,10
징검다리,NNG,10
눈앞,NNG,10
양심,NNG,10
증권,NNG,10
종이,NNG,10
주식,NNG,10
스타트업,NNG,10
케이스,NNG,10
피하,VV,10
규격,NNG,10
추억,NNG,10
고생,NNG,10
공략,NNG,10
클라이언트,NNG,10
직결,NNG,10
직급,NNG,10
인연,NNG,10
조회,NNG,10
이탈,NNG,10
리튬,NNG,10
흔들리,VV,10
시약,NNG,10
쌓이,VV,10
입원,NNG,10
과도,NNG,10
스케줄,NNG,10
전시,NNG,10
화석,NNG,10
지구,NNG,10
경영진,NNG,10
인성,NNG,10
아끼,VV,10
갑작스럽,VA,10
지난해,NNG,10
특수,NNG,10
위험물,NNG,10
인천,NNP,10
휴학,NNG,10
찾아오,VV,10
보답,NNG,10
체육,NNG,10
흘리,VV,10
지원서,NNG,10
집념,NNG,10
연말,NNG,10
수송,NNG,10
배관,NNG,10
가습기,NNG,10
띄,VV,10
선후배,NNG,10
한화,NNG,10
분산,NNG,10
동원,NNG,10
식사량,NNG,10
행위,NNG,10
도우미,NNG,10
초등학생,NNG,10
지치,VV,10
올림픽,NNP,10
막상,MAG,10
프레젠테이션,NNG,10
짜,VV,10
상반기,NNG,10
나노,NNG,10
협,NNG,10
기금,NNG,10
룸,NNG,10
열람실,NNG,10
한편,NNG,10
관습,NNG,10
물량,NNG,10
지인,NNG,10
식당,NNG,10
특별히,MAG,10
응답,NNG,10
한번,MAG,10
상위,NNG,10
입상,NNG,10
촉매,NNG,10
왕,NNG,10
호흡,NNG,10
괜찮,VA,10
시즈,NNP,10
닝,NNP,10
정의,NNG,10
디바이스,NNG,10
해운,NNG,10
실습생,NNG,10
궁금증,NNG,10
플래시,NNG,10
램,NNG,10
서울시,NNP,10
화력,NNG,10
최우수,NNP,10
후원자,NNG,10
전담,NNG,10
한류,NNG,10
철강,NNG,10
비추,VV,10
초대,NNG,10
규범,NNG,10
창립,NNG,10
인지도,NNG,10
통신사,NNG,10
진에어,NNP,10
신발,NNG,10
필리핀,NNP,10
몰두,NNG,10
통계학,NNG,10
포장,NNG,10
휴일,NNG,10
블라인드,NNG,10
금리,NNG,10
남북,NNP,10
교직원,NNG,10
워드,NNG,10
셔츠,NNG,10
애니메이션,NNG,10
토지,NNG,10
장표,NNG,10
도료,NNG,10
착안,NNG,9
일으키,VV,9
혼란,NNG,9
자부,NNG,9
조향,NNG,9
금방,MAG,9
커버,NNG,9
유행,NNG,9
파워,NNG,9
공법,NNG,9
성,NNG,9
빠짐없이,MAG,9
유체,NNG,9
과연,MAG,9
방해,NNG,9
금상,NNG,9
절차,NNG,9
접촉,NNG,9
낳,VV,9
마찰,NNG,9
매진,NNG,9
친목,NNG,9
코스,NNG,9
원익,NNP,9
전파,NNG,9
빠지,VV,9
과외,NNG,9
중,NNG,9
퇴사,NNG,9
적절히,MAG,9
인만,NNG,9
하천,NNG,9
본래,NNG,9
전부,MAG,9
양보,NNG,9
산학,NNG,9
핀테크,NNG,9
자산관리,NNP,9
소상,NNG,9
독일,NNP,9
갑자기,MAG,9
접,VV,9
시청,NNG,9
직장인,NNG,9
사명감,NNG,9
갈수록,MAG,9
맥락,NNG,9
홈,NNG,9
점장,NNG,9
배낭,NNG,9
물집,NNG,9
자동화,NNG,9
주어지,VV,9
고교,NNG,9
공유,NNP,9
섭외,NNG,9
옮기,VV,9
포상,NNG,9
다각,NNG,9
충전,NNG,9
덜,VV,9
석탄,NNG,9
여기,VV,9
쓰이,VV,9
폭발,NNG,9
개수,NNG,9
중도,NNG,9
굴하,VV,9
이목,NNG,9
달라지,VV,9
방전,NNG,9
미국인,NNG,9
온실가스,NNG,9
영리,NNG,9
자대,NNG,9
일병,NNG,9
거듭,MAG,9
학대,NNG,9
유리,NNG,9
한층,MAG,9
코팅,NNG,9
외우,VV,9
아예,MAG,9
프로세서,NNG,9
땀,NNG,9
만료,NNG,9
체제,NNG,9
실생활,NNG,9
공백,NNG,9
철학,NNG,9
그리,VV,9
보일러,NNG,9
공조,NNG,9
분과,NNG,9
쉽,NNG,9
보통,NNG,9
시나리오,NNG,9
이메일,NNG,9
진정,NNG,9
평생,NNG,9
대한항공,NNP,9
층,NNG,9
넘어가,VV,9
열쇠,NNG,9
다가오,VV,9
물론,NNG,9
기업가,NNG,9
압도,NNG,9
사료,NNG,9
결제,NNG,9
청렴,NNG,9
서빙,NNG,9
묻,VV,9
꼽,VV,9
맡기,VV,9
브레이크,NNG,9
깊이,NNG,9
력사,NNG,9
확립,NNG,9
소홀,NNG,9
의도,NNG,9
부진,NNG,9
진행자,NNG,9
종료,NNG,9
워크,NNG,9
메커니즘,NNG,9
기차,NNG,9
파티,NNG,9
카메라,NNG,9
납부,NNG,9
일단,MAG,9
빵,NNG,9
바이오디젤,NNP,9
미세먼지,NNP,9
머신,NNG,9
지리,NNG,9
한국사,NNP,9
진척,NNG,9
위임,NNG,9
관장,NNG,9
예약,NNG,9
적점,NNG,9
전동,NNG,9
자진,NNG,9
마무리,MAG,9
부산항,NNP,9
변동,NNG,9
현업,NNG,9
대두,NNG,9
서서히,MAG,9
편법,NNG,9
강도,NNG,9
운동장,NNG,9
패키지,NNG,9
한진,NNP,9
생산량,NNG,9
뿌리,NNG,9
상세히,MAG,9
문의,NNG,9
인과,NNG,9
뮤지컬,NNG,9
시각화,NNG,9
리뷰,NNP,9
사교,NNG,9
행원,NNG,9
술,NNG,9
귀국,NNG,9
명령,NNG,9
경농,NNP,9
도서,NNG,9
웨이,NNG,9
강,NNG,9
중학생,NNG,9
수식,NNG,9
호텔,NNG,9
기념품,NNG,9
점주,NNG,9
클라우드,NNP,9
에어부산,NNP,9
클러스터,NNG,9
입주자,NNG,9
관,NNG,8
보건,NNG,8
내면,NNG,8
목표치,NNG,8
고품질,NNG,8
공,NNG,8
진취,NNG,8
늘리,VV,8
농도,NNG,8
가수,NNG,8
충격,NNG,8
대변,NNG,8
붙,VV,8
접속,NNG,8
관리직,NNG,8
비판,NNG,8
주거,NNG,8
완제품,NNG,8
대책,NNG,8
압력,NNG,8
결,NNG,8
아파트,NNG,8
자칫,MAG,8
이해관계,NNG,8
음식점,NNG,8
평상시,NNG,8
카테고리,NNG,8
심지어,MAG,8
버리,VV,8
신조,NNG,8
한자,NNG,8
계산서,NNG,8
경비,NNG,8
계산기,NNG,8
참가자,NNG,8
휴대,NNG,8
조작,NNG,8
활력,NNG,8
이터,NNP,8
꼼꼼,MAG,8
이득,NNG,8
정직,NNP,8
신한,NNP,8
결혼식,NNG,8
처지,NNG,8
영향력,NNG,8
종목,NNG,8
곧바로,MAG,8
실무자,NNG,8
상세,NNG,8
신고,NNG,8
주의,NNG,8
직업윤리,NNG,8
과감히,MAG,8
폭,NNG,8
너무나,MAG,8
낭비,NNG,8
부딪히,VV,8
전방,NNG,8
정지,NNG,8
역임,NNG,8
수명,NNG,8
제기,NNG,8
지나치,VA,8
초심,NNG,8
이사,NNG,8
연간,NNG,8
독자,NNG,8
도장,NNG,8
작업자,NNG,8
화두,NNG,8
논란,NNG,8
또래,NNG,8
불평,NNG,8
멀,VA,8
해답,NNG,8
일종,NNG,8
재생,NNG,8
운전자,NNG,8
심장,NNG,8
탄소,NNG,8
공통,NNG,8
내내,MAG,8
닦,VV,8
전쟁,NNG,8
현대,NNP,8
대국,NNG,8
고유,NNG,8
도덕,NNG,8
패널,NNG,8
움직임,NNG,8
발광,NNG,8
치,VV,8
메탄올,NNG,8
교회,NNG,8
젊,VA,8
유선,NNG,8
결속력,NNG,8
마찬가지,NNG,8
획단,NNG,8
삼광,NNP,8
분실물,NNG,8
자주포,NNG,8
배신,NNG,8
냉동기,NNG,8
소음,NNG,8
신설,NNG,8
관행,NNG,8
사기,NNG,8
하루하루,NNG,8
돌아오,VV,8
반품,NNG,8
부지런히,MAG,8
중공업,NNG,8
좌우,NNG,8
외향,NNG,8
의뢰,NNG,8
대륙,NNG,8
열전달,NNG,8
생산직,NNG,8
채점,NNG,8
감당,NNG,8
여론,NNG,8
나타나,VV,8
플랜,NNG,8
명시,NNG,8
한글,NNG,8
없애,VV,8
케미,NNP,8
호응,NNG,8
키,NNG,8
야근,NNG,8
피,NNG,8
피곤,NNG,8
샵,NNP,8
사귀,VV,8
충실하,VV,8
베이스,NNG,8
희생,NNG,8
맞대,VV,8
출입,NNG,8
극,NNG,8
규율,NNG,8
구독,NNG,8
메시지,NNG,8
창,NNG,8
세계사,NNG,8
한양대,NNP,8
나태,NNG,8
음성,NNG,8
지각,NNG,8
회로도,NNG,8
틈틈이,MAG,8
동서,NNG,8
봉,NNG,8
공격,NNG,8
트럭,NNG,8
잠,NNG,8
걸이,NNG,8
원자로,NNG,8
노후,NNG,8
중소,NNG,8
산업단지,NNP,8
탄약,NNG,8
끌어내,VV,8
캠퍼스,NNG,8
여행사,NNG,8
딱,MAG,8
웹젠,NNP,8
월요일,NNG,8
정장,NNG,8
오뚜기,NNG,8
파이썬,NNP,8
탈의실,NNG,8
만족감,NNG,8
조리,NNG,8
탈북자,NNG,8
유비쿼터스,NNP,8
잉크,NNG,8
지수,NNG,8
취침,NNG,8
매대,NNG,8
임대,NNG,8
정치,NNG,8
백성,NNG,8
발명,NNG,8
응원가,NNG,8
상점,NNG,8
액세서리,NNG,8
잠바,NNG,8
레이트,NNP,8
엔,NNP,8
블루홀,NNP,8
권유,NNG,7
정신력,NNG,7
겸비,NNG,7
큐,NNG,7
수지,NNG,7
이틀,NNG,7
처분,NNG,7
팔,NNG,7
승화,NNG,7
프린트,NNG,7
도구,NNG,7
예전,NNG,7
고부,NNG,7
발현,NNG,7
활발히,MAG,7
완화,NNG,7
인체,NNG,7
막,NNG,7
의심,NNG,7
그날,NNG,7
동일,NNG,7
메신저,NNG,7
재무관리,NNP,7
전송,NNG,7
반성,NNG,7
테,NNG,7
관람객,NNG,7
과열,NNG,7
기숙사,NNG,7
계획표,NNG,7
줄,VV,7
고르,VV,7
스포츠,NNG,7
화물,NNG,7
편입,NNG,7
영업직,NNP,7
전부,NNG,7
유동,NNG,7
분해,NNG,7
살,NNG,7
하위,NNG,7
요즘,NNG,7
평,NNG,7
수질,NNG,7
살리,VV,7
저감,NNG,7
적자,NNG,7
충당,NNG,7
반납,NNG,7
언론,NNG,7
장르,NNG,7
마땅히,MAG,7
멤버십,NNG,7
관광객,NNG,7
이념,NNG,7
저소득층,NNG,7
뱅크,NNG,7
포토샵,NNP,7
비품,NNG,7
참,VV,7
견디,VV,7
기부금,NNG,7
협찬,NNG,7
감독,NNG,7
아이스크림,NNG,7
모양,NNG,7
우편,NNG,7
우체국,NNG,7
채소,NNG,7
오전,NNG,7
오후,NNG,7
변환,NNG,7
품,VV,7
토끼,NNG,7
캐치,NNG,7
강구,NNG,7
인턴사원,NNG,7
떠올리,VV,7
특화,NNG,7
매,NNG,7
대용량,NNG,7
흔쾌히,MAG,7
사이클,NNG,7
실용,NNG,7
절약,NNG,7
연비,NNG,7
내성,NNP,7
정밀,NNG,7
감탄,NNG,7
운반,NNG,7
날씨,NNG,7
엑스포,NNG,7
지연,NNG,7
호감,NNG,7
겁,NNG,7
노동,NNG,7
성숙,NNG,7
충실,NNG,7
가속,NNG,7
갓,MAG,7
숨,NNG,7
오늘,NNG,7
가,NNG,7
영문,NNG,7
파고,NNG,7
여도,NNG,7
금지,NNG,7
밑,NNG,7
소설,NNG,7
대체,MAG,7
조심,NNG,7
고속버스,NNG,7
자문,NNG,7
선거,NNG,7
총회,NNG,7
체결,NNG,7
승인,NNG,7
머릿속,NNG,7
리포트,NNG,7
베풀,VV,7
정비병,NNG,7
업적,NNG,7
비결,NNG,7
창구,NNG,7
신뢰도,NNG,7
도식,NNG,7
뱅킹,NNG,7
수소,NNG,7
확산,NNG,7
인내,NNG,7
전형,NNG,7
시일,NNG,7
자재관리,NNP,7
전임,NNG,7
행방,NNG,7
생각나,VV,7
퀄리티,NNP,7
다녀오,VV,7
조도,NNG,7
어린이,NNG,7
엉망,NNG,7
결함,NNG,7
불어넣,VV,7
반응기,NNG,7
지장,NNG,7
좌우명,NNG,7
어셈블리,NNG,7
접점,NNG,7
을,NNG,7
타이틀,NNG,7
인자,NNG,7
놓,VV,7
우리나라,NNG,7
수기,NNG,7
취급,NNG,7
레,NNP,7
크레이,NNP,7
분장,NNG,7
무한,NNG,7
급하,VA,7
따라가,VV,7
기상,NNG,7
수험,NNG,7
번역,NNG,7
붓,VV,7
교대,NNG,7
어학원,NNP,7
용돈,NNG,7
박자,NNG,7
튜티,NNP,7
여전히,MAG,7
화장실,NNG,7
부학,NNG,7
행보,NNG,7
반장,NNG,7
꽤,MAG,7
스탭,NNG,7
역대,NNG,7
똑바로,MAG,7
군인,NNG,7
국무,NNG,7
심사자,NNG,7
초안,NNG,7
보행자,NNG,7
뒤죽박죽,NNG,7
노동조합법,NNG,7
사용자,NNG,7
근태,NNG,7
월별,NNG,7
리드,NNG,7
출동,NNG,7
신선도,NNG,7
스마트,NNP,7
팩토리,NNP,7
자세히,MAG,7
신호등,NNG,7
정규직,NNG,7
품,NNG,7
누적,NNG,7
개설,NNG,7
귀하,NNG,7
왕복,NNG,7
기획부,NNG,7
당직,NNG,7
시운전,NNG,7
수검,NNG,7
토요일,NNG,7
중고,NNG,7
그라운드,NNG,7
코스튬,NNG,7
동메달,NNG,7
스케줄링,NNP,7
무분별,NNG,7
화장지,NNG,7
밀도,NNG,7
입찰,NNG,7
요금,NNG,7
중견,NNG,7
플러스,NNG,7
컨트롤,NNG,7
유년,NNG,7
이력,NNG,7
불스원,NNP,7
닮,VV,7
애플리케이션,NNG,7
지정,NNG,7
멀티플라이어,NNG,7
체크카드,NNG,7
은퇴,NNG,7
의류,NNG,7
마켓,NNP,7
크롤링,NNG,7
유통망,NNG,7
모션,NNG,7
지원금,NNG,7
탐방,MAG,7
목숨,NNG,7
만점,NNG,7
코레,NNG,7
남용,NNG,7
원격,NNG,7
전산실,NNG,7
일련,NNG,7
열차,NNG,7
특산물,NNG,7
취향,NNG,7
로점,NNG,7
원두커피,NNG,7
통조림,NNG,7
한국자산관리공사,NNP,7
중개,NNG,7
함수,NNG,7
장영실,NNP,7
텍,NNG,7
계급,NNG,7
헌병,NNG,7
에러,NNG,7
덕,NNG,7
되새기,VV,7
벤치마킹,NNG,7
진술,NNG,7
편리성,NNG,7
관련자,NNG,7
상하,NNG,7
타지,NNG,7
웍스,NNG,7
출입증,NNG,7
데스크,NNG,7
국민은행,NNP,7
증여,NNG,7
트윈,NNP,7
스크린,NNG,7
도어,NNG,7
로켓,NNG,7
히터,NNG,7
좌절감,NNG,7
스타크래프트,NNP,7
뻗,VV,6
수차례,NNG,6
점하,VV,6
외식,NNG,6
계열,NNG,6
술자리,NNG,6
탄생,NNG,6
차트,NNG,6
거대,NNG,6
게시,NNG,6
아티스트,NNG,6
랩,NNG,6
유전자,NNG,6
단백질,NNG,6
생물학,NNG,6
사이토카인,NNG,6
적어도,MAG,6
침체,NNG,6
노무,NNG,6
그림,NNG,6
연상,NNG,6
단편,NNG,6
가끔,MAG,6
통제,NNG,6
객관적으로,MAG,6
고급,NNG,6
호출,NNG,6
벨,NNG,6
유무,NNG,6
검,NNG,6
공모,NNG,6
예습,NNG,6
메이커,NNG,6
금세,MAG,6
아카데미,NNG,6
영수증,NNG,6
접수,NNG,6
물성,NNG,6
공학부,NNG,6
빼,VV,6
케이블,NNG,6
핸드폰,NNG,6
부끄러움,NNG,6
유해,NNG,6
당,NNG,6
재테크,NNG,6
증권사,NNG,6
나열,NNG,6
별명,NNG,6
거부,NNG,6
전주,NNG,6
부채,NNG,6
윈,NNP,6
뜻깊,VA,6
작전,NNG,6
관찰력,NNG,6
어긋나,VV,6
만든,VV,6
동행,NNG,6
윤활유,NNG,6
총무부,NNG,6
경시대회,NNG,6
끊,VV,6
모금,NNG,6
사기업,NNG,6
고도,NNG,6
검정,NNG,6
타깃,NNG,6
브레인스토밍,NNG,6
쇼핑,NNG,6
통보,NNG,6
가을,NNG,6
이대로,MAG,6
행하,VV,6
그리드,NNG,6
개진,NNG,6
유망,NNG,6
스폰서,NNG,6
임기,NNG,6
서,NNG,6
욕구,NNG,6
맞벌이,NNG,6
의존,NNG,6
나무,NNG,6
혼합,NNG,6
바람,NNG,6
롤,NNG,6
새,VV,6
발주자,NNG,6
자본,NNG,6
고령,NNG,6
숙소,NNG,6
미술,NNG,6
불과,MAG,6
셰일,NNG,6
난방,NNG,6
브리핑,NNG,6
발음,NNG,6
순수,NNG,6
출원,NNG,6
춤,NNG,6
폭행,NNG,6
울산,NNP,6
알,NNG,6
이세돌,NNP,6
냉장고,NNG,6
전면,NNG,6
운전병,NNG,6
선입견,NNG,6
하,NNG,6
실에,NNG,6
학자,NNG,6
조합,NNG,6
특유,NNG,6
세분,NNG,6
달리기,NNG,6
국외,NNG,6
근본,NNG,6
카리스마,NNG,6
에이스,NNG,6
파손,NNG,6
돌파,NNG,6
드,VV,6
유입,NNG,6
우려,NNG,6
빌딩,NNG,6
종사자,NNG,6
일부러,MAG,6
따지,VV,6
계통,NNG,6
터빈,NNG,6
아마존,NNP,6
신장,NNG,6
월급,NNG,6
명세서,NNG,6
어르신,NNG,6
지불,NNG,6
끼,VV,6
레이더,NNP,6
가중,NNG,6
산청,NNG,6
농가,NNG,6
식욕,NNG,6
득,NNG,6
예탁,NNG,6
제원,NNG,6
따,VV,6
민감,NNG,6
장난감,NNG,6
중단,NNG,6
인맥,NNG,6
멀티,NNG,6
플레이어,NNG,6
마주치,VV,6
평창,NNP,6
스페셜,NNP,6
기체,NNG,6
명절,NNG,6
우선시,NNG,6
낮,NNG,6
런던,NNP,6
박스,NNG,6
타이어,NNG,6
서약서,NNG,6
여,VV,6
탈,NNG,6
벗어나,VV,6
고찰,NNG,6
불화,NNG,6
법령,NNG,6
사고방식,NNG,6
소,NNG,6
마다,NNG,6
원래,NNG,6
마음껏,MAG,6
결재,NNG,6
초래,NNG,6
출발,NNG,6
여행객,NNG,6
건네,VV,6
여정,NNG,6
무산,NNG,6
중재,NNG,6
구입,NNG,6
한쪽,NNG,6
눈치,NNG,6
아우르,VV,6
뚫,VV,6
목적지,NNG,6
다투,VV,6
소양,NNG,6
단골손님,NNG,6
상경,NNG,6
악기,NNG,6
행진,NNG,6
명심,NNG,6
책상,NNG,6
밥,NNG,6
붙이,VV,6
지켜보,VV,6
까다롭,VA,6
냉동,NNG,6
입맛,NNG,6
호의,NNG,6
입소,NNG,6
양해,NNG,6
앞서,MAG,6
모형,NNG,6
치수,NNG,6
인수인계,NNG,6
삽입,NNG,6
장관,NNG,6
북한,NNP,6
대통령,NNG,6
통일,NNG,6
갈리,VV,6
인도,NNP,6
결부,NNG,6
세면장,NNG,6
예기,NNG,6
반발,NNG,6
체,NNG,6
눈부심,NNG,6
미러,NNG,6
헬,NNP,6
스케어,NNP,6
생태,NNG,6
송수신,NNG,6
정성,NNG,6
모티브,NNG,6
즉각,MAG,6
택하,VV,6
서포트,NNG,6
승진,NNG,6
양측,NNG,6
인텔,NNP,6
다운,NNG,6
벤처,NNG,6
학위,NNG,6
크로스,NNG,6
낸드,NNG,6
구별,NNG,6
테스터,NNG,6
전동기,NNG,6
구역,NNG,6
영양,NNG,6
포트폴리오,NNG,6
종사,NNG,6
급식,NNG,6
최우수,NNG,6
통인,NNG,6
되게,MAG,6
주석,NNG,6
지분,NNG,6
모토,NNG,6
트러블,NNG,6
배틀,NNG,6
실망,NNG,6
합병,NNG,6
모범,NNG,6
경고,NNG,6
고압,NNG,6
인문,NNG,6
일방,NNG,6
제거,NNG,6
미만,NNG,6
까지,NNG,6
종업원,NNG,6
개편,NNG,6
계원,NNG,6
공항,NNG,6
관광공사,NNP,6
마시,VV,6
티맥스,NNG,6
오랫동안,NNG,6
법률,NNG,6
노선,NNG,6
청중,NNG,6
지금껏,MAG,6
스펙,NNP,6
추천인,NNG,6
차후,NNG,6
마니아,NNG,6
굿,NNG,6
유능,NNG,6
운,NNG,6
농산물,NNG,6
보고,NNG,6
기수,NNG,6
바닥,NNG,6
경쟁심,NNG,6
컨테이너,NNG,6
연구회,NNG,6
민간,NNG,6
교통안전,NNG,6
일본어,NNG,6
북한학,NNP,6
서툴,VA,6
무파마,NNP,6
판매량,NNG,6
전동차,NNG,6
장당,NNP,6
밀리,VV,6
용품,NNG,6
중개사,NNG,6
적금,NNG,6
대면,NNG,6
금융업,NNG,6
가이드,NNG,6
답장,NNG,6
세종,NNP,6
잇,VV,6
화성,NNG,6
정반대,NNG,6
장식품,NNG,6
연동,NNG,6
화재,NNG,6
정형,NNG,6
편입학,NNG,6
등장인물,NNG,6
로그,NNG,6
신병교육대,NNP,6
훈련병,NNG,6
자베르,NNP,6
배트맨,NNP,6
아이언맨,NNP,6
왕국,NNG,6
대별,NNG,6
연봉,NNG,6
기자,NNG,6
활쏘기,NNG,6
에버,NNG,6
독일어,NNG,6
라노스,NNP,6
고속도,NNG,6
졸음운전,NNG,6
필드,NNG,6
와이어,NNG,6
올리브,NNG,6
네트,NNG,6
구급차,NNG,6
생애,NNG,5
라이프,NNG,5
동남아,NNP,5
보건소,NNG,5
명단,NNG,5
소장,NNG,5
자회사,NNG,5
프리,NNG,5
클레임,NNG,5
양쪽,NNG,5
취소,NNG,5
치료제,NNG,5
형제,NNG,5
교재,NNG,5
살피,VV,5
부끄럽,VA,5
음원,NNG,5
곡,NNG,5
일반인,NNG,5
일동,NNG,5
기전,NNG,5
종,NNG,5
관하,VV,5
시료,NNG,5
생물,NNG,5
벡터,NNG,5
형질,NNG,5
생존,NNG,5
분자,NNG,5
채취,NNG,5
유사,NNG,5
급격히,MAG,5
암,NNG,5
봉착,NNG,5
행,NNG,5
中,NNG,5
게재,NNG,5
양질,NNG,5
에어컨,NNG,5
금호,NNP,5
금호건설,NNP,5
경주,NNP,5
지진,NNG,5
증설,NNG,5
보강,NNG,5
나뉘,VV,5
접근성,NNG,5
관람,NNG,5
수긍,NNG,5
가져다주,VV,5
알차,VA,5
감명,NNG,5
정서,NNG,5
이내,MAG,5
모듈러,NNG,5
타협,NNG,5
허브,NNG,5
문항,NNG,5
하드웨어,NNG,5
상징,NNG,5
일류,NNG,5
정량,NNG,5
헤아리,VV,5
상기,NNG,5
조명,NNG,5
몸무게,NNG,5
등산,NNG,5
활기,NNG,5
세기,NNG,5
적재적소,NNG,5
자라,VV,5
진보,NNG,5
야외,NNG,5
업로드,NNG,5
흘러가,VV,5
힙합,NNG,5
사촌,NNG,5
무더위,NNG,5
별도,NNG,5
도래,NNG,5
상공,NNG,5
가이드라인,NNG,5
뛰어다니,VV,5
계절,NNG,5
엄수,NNG,5
카,NNG,5
지나가,VV,5
소규모,NNP,5
개방,NNG,5
면담,NNG,5
소정,NNG,5
장려상,NNG,5
압박감,NNG,5
제휴,NNG,5
남기,VV,5
일진,NNG,5
역동,NNG,5
졸업식,NNG,5
수평,NNG,5
경영주,NNG,5
스카우트,NNP,5
진도,NNG,5
허가,NNG,5
학생회관,NNG,5
슬로건,NNG,5
횟수,NNG,5
열의,NNG,5
영광,NNG,5
밤낮,NNG,5
상당,NNG,5
오늘날,NNG,5
하이브리드,NNG,5
가만히,MAG,5
매출액,NNG,5
양극,NNG,5
얇,VA,5
일터,NNG,5
간격,NNG,5
기어,NNG,5
플라,NNP,5
종주,NNG,5
정년,NNG,5
찬성,NNG,5
고령화,NNG,5
클래스,NNP,5
굳,VA,5
천연가스,NNG,5
일시,NNG,5
고갈,NNG,5
개발비,NNG,5
뜻밖,NNG,5
담임,NNG,5
향하,VV,5
갈,VV,5
이과,NNG,5
수없이,MAG,5
마치,MAG,5
애,NNG,5
증강현실,NNP,5
군복,NNG,5
중독,NNG,5
선진국,NNG,5
좌석,NNG,5
선언,NNG,5
부과,NNG,5
신,NNG,5
예술,NNG,5
스쿨,NNG,5
고난,NNG,5
아트,NNG,5
트랜드,NNG,5
송년회,NNG,5
현금,NNG,5
상식,NNG,5
기름,NNG,5
조종수,NNP,5
조종,NNG,5
이해력,NNG,5
병합,NNG,5
압축기,NNG,5
장착,NNG,5
사안,NNG,5
재경,NNG,5
보증,NNG,5
융,NNG,5
달려가,VV,5
한국전력공사,NNP,5
통섭,NNG,5
기적,NNG,5
폐쇄,NNG,5
쟁의,NNG,5
의원,NNG,5
요즘,MAG,5
주눅,NNG,5
승부,NNG,5
텍스트,NNG,5
다방,NNG,5
북미,NNP,5
똑같이,MAG,5
엠티,NNG,5
식,NNG,5
발표회,NNG,5
반사,NNG,5
기술원,NNG,5
인내심,NNG,5
시중,NNG,5
탈피,NNG,5
언젠가,MAG,5
투어,NNG,5
사실,MAG,5
내빈,NNG,5
트,NNG,5
배선,NNG,5
면제,NNG,5
충북,NNP,5
탐구,NNG,5
안녕,NNG,5
야기,NNG,5
활약,NNG,5
여타,NNG,5
선출,NNG,5
봄,NNG,5
우연히,MAG,5
이날,NNG,5
편지,NNG,5
완전히,MAG,5
흥행,NNG,5
어느덧,MAG,5
여쭈,VV,5
대금,NNG,5
모이,VV,5
전교,NNG,5
가깝,VA,5
선뜻,MAG,5
간식,NNG,5
마침,MAG,5
공고,NNG,5
이모,NNG,5
너머,NNG,5
권하,VV,5
녹화,NNG,5
민주,NNG,5
매거진,NNG,5
홀로,MAG,5
촉박,NNG,5
전수,NNG,5
팔찌,NNG,5
서점,NNG,5
간과,NNG,5
얼,NNG,5
직간접,NNG,5
자만,NNG,5
천천히,MAG,5
국방,NNG,5
대전,NNP,5
정진,NNG,5
프레임,NNG,5
번뜩이,VV,5
변속기,NNG,5
안내문,NNG,5
디테일,NNG,5
나사,NNG,5
수도관,NNG,5
수건,NNG,5
스킬,NNG,5
실내,NNG,5
신뢰감,NNG,5
올라가,VV,5
맨,NNG,5
콜드,NNG,5
굳건히,MAG,5
스페인,NNP,5
트레이닝,NNG,5
보충,NNG,5
스페인어,NNP,5
문자,NNG,5
해외여행,NNG,5
식각,NNG,5
법학,NNG,5
대입,NNG,5
정답,NNG,5
학사,NNG,5
주먹구구식,NNG,5
챙겨오,VV,5
주무관,NNG,5
개성,NNG,5
화물선,NNG,5
복사,NNG,5
생활관,NNG,5
독,NNG,5
송,NNP,5
편식,NNG,5
손길,NNG,5
겸손,NNG,5
생산력,NNG,5
골,NNG,5
용역,NNG,5
국사,NNG,5
생리,NNG,5
매월,NNG,5
회계감사,NNP,5
물적분할,NNP,5
임명,NNG,5
매월,MAG,5
하차,NNG,5
과금,NNG,5
냉,NNG,5
돌리,VV,5
퀸스,NNP,5
유공,NNG,5
압,NNP,5
엑,NNP,5
츄,NNP,5
상시,NNG,5
해체,NNG,5
노후화,NNG,5
경재,NNG,5
매칭,NNP,5
넘어서,VV,5
오피스,NNP,5
이달,NNG,5
관광업,NNG,5
매점,NNG,5
토탈,NNP,5
인계,NNG,5
유출,NNG,5
긍지,NNG,5
서비스업,NNG,5
불러일으키,VV,5
크리스마스,NNG,5
무척,MAG,5
역지사지,NNG,5
높이,NNG,5
힐링,NNG,5
손익,NNG,5
아쉽,VA,5
유튜브,NNP,5
약술,NNG,5
이력서,NNG,5
허물,VV,5
판매대,NNG,5
과자,NNG,5
수혜자,NNG,5
주방,NNG,5
요원,NNG,5
증빙,NNG,5
전례,NNG,5
전문점,NNG,5
저라,VV,5
파견,NNG,5
축산물,NNG,5
전극,NNG,5
보드,NNP,5
재능기부,NNP,5
활기차,VA,5
지부,NNG,5
본받,VV,5
교과,NNG,5
취약,NNG,5
건수,NNG,5
불리,NNG,5
무상,NNG,5
철광석,NNG,5
달러,NNG,5
차축,NNG,5
폭염,NNG,5
말레이시아,NNP,5
교원그룹,NNP,5
열망,NNG,5
베푸,VV,5
멤,NNG,5
열매,NNG,5
심판,NNG,5
원장,NNG,5
세심,NNG,5
비,VV,5
고비,NNG,5
발달,NNG,5
담보,NNG,5
녹음,NNG,5
보도,NNG,5
끈,NNG,5
밟,VV,5
타결,NNG,5
최다,NNG,5
이중,NNG,5
한양,NNP,5
공과,NNG,5
상향,NNG,5
탈락,NNG,5
하둡,NNP,5
상의,NNG,5
특강,NNG,5
콘서트,NNG,5
상영,NNG,5
직업관,NNG,5
역차별,NNG,5
동반자,NNG,5
잡초,NNG,5
로직,NNG,5
패션,NNG,5
판례,NNG,5
주차,NNG,5
단말기,NNG,5
룩,NNG,5
국적,NNG,5
단기간,NNG,5
연예인,NNG,5
전월,NNG,5
회수,NNG,5
북,NNG,5
세액,NNG,5
디지털,NNP,5
방위,NNG,5
산업체,NNG,5
사고력,NNG,5
원거리,NNG,5
협정,NNG,5
장미꽃,NNG,5
방송사,NNG,5
임대료,NNG,5
신상,NNG,5
직,MAG,5
불이익,NNG,5
선명,NNG,5
건립,NNG,5
업진,NNG,5
변환기,NNG,5
부대끼,VV,5
부적응,NNG,5
강수,NNG,5
웰,NNP,5
랜섬,NNP,5
로직스,NNP,5
해태,NNG,5
국방연구원,NNP,5
중합,NNG,5
사회생활,NNG,4
자리매김,NNG,4
독거,NNG,4
금융인,NNG,4
한식,NNG,4
현대인,NNG,4
독려,NNG,4
풍요,NNG,4
대량,NNG,4
긴급,NNG,4
취하,VV,4
배열,NNG,4
엘리트,NNG,4
몰래,MAG,4
독보,NNG,4
고체,NNG,4
안전성,NNG,4
라디오,NNG,4
각인,NNG,4
입소문,NNG,4
바이옴,NNG,4
형질전환,NNP,4
학술지,NNG,4
장내,NNG,4
유제품,NNG,4
밝히,VV,4
식음,NNG,4
상인,NNG,4
똑같,VA,4
식습관,NNG,4
시시각각,MAG,4
이마트,NNP,4
협약,NNG,4
동문,NNG,4
서울대,NNP,4
되돌아보,VV,4
중요도,NNG,4
괏,MAG,4
야구장,NNG,4
중재자,NNG,4
동,NNG,4
뒤풀이,NNG,4
필연,NNG,4
중반,NNG,4
조처,NNG,4
뭉치,VV,4
분명히,MAG,4
친하,VA,4
짜증,NNG,4
어차피,MAG,4
포워딩,NNG,4
인센티브,NNG,4
쪼개,VV,4
다방면,NNG,4
결근,NNG,4
새기,VV,4
단번에,MAG,4
근접,NNG,4
장벽,NNG,4
머무,VV,4
행동력,NNG,4
첨부,NNG,4
각기,MAG,4
통상,NNG,4
머무르,VV,4
비약,NNG,4
열중,NNG,4
태그,NNG,4
뮤,NNG,4
가전,NNG,4
송전,NNG,4
기하,VV,4
증폭,NNG,4
낫,VA,4
이어,MAG,4
교,NNG,4
박막,NNG,4
노틸러스,NNP,4
폰,NNG,4
꾀하,VV,4
친화,NNG,4
독학,NNG,4
닫,VV,4
치명,NNG,4
상관없이,MAG,4
돌려주,VV,4
입금,NNG,4
펀드,NNG,4
밑바탕,NNG,4
콜라보레이션,NNG,4
알아내,VV,4
게리온,NNP,4
케이스,NNP,4
카라,NNP,4
사무직,NNG,4
가시,NNG,4
학부모,NNP,4
초청,NNG,4
컨텐츠,NNG,4
우편사업,NNP,4
스스럼없이,MAG,4
사업자,NNG,4
도매,NNG,4
포착,NNG,4
대우,NNG,4
하계,NNG,4
일기,NNG,4
와중,NNG,4
섬기,VV,4
지위,NNG,4
분석가,NNG,4
주류,NNG,4
친분,NNG,4
보태,VV,4
과다,NNG,4
일쑤,NNG,4
싱가포르,NNP,4
그만,MAG,4
성별,NNG,4
고집,NNG,4
시연,NNG,4
성장세,NNG,4
뛰어들,VV,4
짐,NNG,4
부식,NNG,4
증기,NNG,4
끊이,VV,4
약간,MAG,4
꾸미,VV,4
학도,NNG,4
도로,NNG,4
미루,VV,4
수작업,NNG,4
장시간,NNG,4
바퀴,NNG,4
접어들,VV,4
특급,NNG,4
꽉,MAG,4
속력,NNG,4
병사,NNG,4
현장감,NNG,4
우연,NNG,4
무선,NNG,4
희열,NNG,4
부천,NNP,4
평택,NNP,4
바둑,NNG,4
놀라움,NNG,4
알아주,VV,4
시계,NNG,4
차체,NNG,4
장애인,NNG,4
강습,NNG,4
비로소,MAG,4
발언,NNG,4
출석률,NNG,4
평일,NNG,4
멋있,VA,4
심정,NNG,4
합산,NNG,4
배부,NNG,4
연례행사,NNG,4
태양광,NNG,4
파리,NNG,4
기후,NNG,4
단단히,MAG,4
중요시,NNG,4
초창기,NNG,4
기틀,NNG,4
본,NNG,4
확률,NNG,4
애플,NNP,4
캠프,NNP,4
큰일,NNG,4
연평균,NNG,4
촉진,NNG,4
행복감,NNG,4
복귀,NNG,4
구르,VV,4
무사고,NNG,4
심화,NNP,4
가스공사,NNP,4
부피,NNG,4
결단력,NNG,4
뚜껑,NNG,4
동상,NNG,4
일맥상통,NNG,4
본연,NNG,4
세계인,NNG,4
트레이너,NNG,4
샘플링,NNG,4
캄보디아,NNP,4
어려워하,VV,4
단시간,NNG,4
한컴,NNP,4
민국,NNG,4
흥망성쇠,NNG,4
피터,NNP,4
드러커,NNP,4
조력자,NNG,4
충동,NNG,4
뚱뚱,NNG,4
정립,NNG,4
무장,NNG,4
재산,NNG,4
생겨나,VV,4
실천력,NNG,4
만화,NNG,4
빼놓,VV,4
서양,NNG,4
뷰,NNP,4
정면,NNG,4
본분,NNG,4
이용자,NNP,4
공지,NNG,4
수도,NNG,4
언니,NNG,4
출현,NNG,4
손수,MAG,4
경기장,NNG,4
동계,NNP,4
뱃지,NNP,4
경쟁자,NNG,4
압박,NNG,4
뷔페,NNG,4
감,NNG,4
실제,MAG,4
의문점,NNG,4
회계사,NNG,4
관념,NNG,4
페스티벌,NNG,4
숲,NNG,4
교우,NNG,4
널리,MAG,4
두께,NNG,4
수술,NNG,4
캐미,NNG,4
관리인,NNG,4
걸맞,VA,4
타국,NNG,4
개점,NNG,4
양분,NNG,4
신입생,NNG,4
좁,VA,4
유류,NNG,4
제품군,NNG,4
화해,NNG,4
허심탄회,NNG,4
털,VV,4
딛,VV,4
돌발,NNG,4
오탈,NNG,4
카탈로그,NNG,4
화면,NNG,4
나르,VV,4
명소,NNG,4
자산운용,NNP,4
협동심,NNG,4
질의,NNG,4
절제,NNG,4
등교,NNG,4
시내,NNG,4
놀라,VV,4
호소,NNG,4
약간,NNG,4
사업장,NNG,4
고루,MAG,4
때마침,MAG,4
비바람,NNG,4
게다가,MAG,4
막바지,NNG,4
바인더,NNG,4
겉,NNG,4
소수,NNG,4
존,NNP,4
학번,NNG,4
안건,NNG,4
앞두,VV,4
도넛,NNG,4
채,MAG,4
폐기,NNG,4
벽보,NNG,4
퀴즈,NNG,4
날개,NNG,4
원래,MAG,4
임원진,NNP,4
링,NNG,4
막히,VV,4
녹아들,VV,4
세팅,NNG,4
작업장,NNG,4
위생사,NNG,4
덧대,VV,4
각국,NNG,4
불만족,NNG,4
손쉽,VA,4
늦추,VV,4
병과,NNG,4
일과,NNG,4
오롯,NNG,4
로비,NNG,4
수업료,NNG,4
감상,NNG,4
책자,NNG,4
인용,NNG,4
서스펜션,NNG,4
유니스,NNP,4
코,NNG,4
독창,NNG,4
부하,NNG,4
도로공사,NNP,4
본선,NNG,4
확정,NNG,4
착오,NNG,4
수력,NNG,4
흡수,NNG,4
케어,NNG,4
애견,NNG,4
최악,NNG,4
집계,NNG,4
출고,NNG,4
연락처,NNG,4
절,NNG,4
동양,NNG,4
피자,NNG,4
버,VV,4
달인,NNG,4
남성,NNG,4
아두이노,NNP,4
음향,NNG,4
포토,NNG,4
판별,NNG,4
가형,NNG,4
시합,NNG,4
투수,NNG,4
구속,NNG,4
착수,NNG,4
사이즈,NNG,4
점호,NNG,4
중대장,NNG,4
차분히,MAG,4
벽화,NNG,4
테스터,NNP,4
발전기,NNG,4
공자,NNG,4
어수선,NNG,4
중부,NNG,4
풍력,NNG,4
규명,NNG,4
금요일,NNG,4
분대장,NNG,4
풀리,VV,4
연령층,NNG,4
일산,NNP,4
저해,NNG,4
얼즈,NNP,4
몸치,NNG,4
일임,NNG,4
이대로,NNP,4
한국가스공사,NNP,4
일환,NNG,4
출결,NNG,4
한계점,NNG,4
월드,NNG,4
물류비용,NNG,4
가방,NNG,4
연출,NNG,4
착공,NNG,4
검수,NNG,4
방부,NNG,4
묶,VV,4
범주,NNG,4
로드맵,NNP,4
단가,NNG,4
편성,NNG,4
달하,VV,4
인명,NNG,4
적임자,NNG,4
성비,NNG,4
내주,VV,4
조용히,MAG,4
찰나,NNG,4
떠오르,VV,4
최전선,NNG,4
의자,NNG,4
자,VV,4
역경,NNP,4
터널,NNG,4
유신,NNG,4
구색,NNG,4
협상력,NNG,4
팀플레이,NNG,4
멘,NNG,4
위반,NNG,4
대소사,NNG,4
마냥,MAG,4
성수기,NNG,4
시립,NNG,4
패러디,NNG,4
아무로,NNP,4
나미에,NNP,4
토로,NNG,4
포화,NNG,4
충성,NNG,4
동선,NNG,4
출퇴근,NNG,4
코스트코,NNP,4
케이,NNG,4
신생,NNG,4
기왕이면,MAG,4
아프가니스탄,NNP,4
보훈,NNG,4
허리,NNG,4
리딩,NNG,4
뮤지션,NNP,4
터,VV,4
절충안,NNG,4
컨설턴트,NNG,4
유난히,MAG,4
네이버,NNP,4
키트,NNG,4
운동복,NNG,4
품격,NNG,4
통일부,NNG,4
인화,NNG,4
약하,VA,4
프린터,NNG,4
피에스,NNG,4
선보이,VV,4
정리,NNP,4
챌린저,NNG,4
간식거리,NNG,4
불가,NNG,4
밀,VV,4
우직,NNG,4
학부모,NNG,4
수고,NNG,4
제동목장,NNP,4
부지,NNG,4
색상,NNG,4
뒤쳐지,VV,4
유압,NNG,4
결성,NNG,4
풀이,NNG,4
공짜,NNG,4
권력,NNG,4
카드리,NNP,4
더기,NNG,4
운항,NNG,4
유지비,NNG,4
확충,NNG,4
디버깅,NNG,4
구간,NNG,4
불리,VV,4
민법,NNG,4
빈도,NNG,4
차인,NNG,4
느낌,MAG,4
명예,NNG,4
마운,NNP,4
브래킷,NNG,4
알루미늄,NNG,4
판재,NNG,4
어퍼,NNP,4
추적,NNG,4
수영장,NNG,4
청소년,NNG,4
결석,NNG,4
문법,NNG,4
위원장,NNG,4
후기,NNG,4
포명,NNG,4
인근,NNG,4
섹션,NNG,4
연어,NNG,4
주인공,NNG,4
발걸음,NNG,4
에스원,NNP,4
온비드,NNP,4
번역기,NNG,4
순간,MAG,4
유라시아,NNP,4
직종,NNG,4
비즈,NNG,4
핵,NNG,4
총합,NNG,4
평균값,NNG,4
소셜,NNG,4
지역난방,NNG,4
대왕,NNG,4
낙하산,NNG,4
심하,VA,4
부처,NNG,4
영진,NNG,4
유발,NNG,4
인정,NNP,4
한국군,NNP,4
티켓,NNG,4
스텝,NNG,4
실용신안,NNG,4
논술,NNG,4
이색,NNG,4
유용,NNG,4
권역,NNG,4
금,NNG,4
병리,NNG,4
무,VV,4
특색,NNG,4
사절단,NNG,4
방문자,NNG,4
노년층,NNG,4
다큐멘터리,NNG,4
방문객,NNG,4
염색,NNG,4
물음,NNG,4
과산화수소,NNG,4
가설,NNG,4
리크,NNG,4
루팅,NNP,4
결여,NNG,4
단과,NNG,4
택,NNP,4
표면,NNG,4
태양,NNG,4
대전,NNG,4
권리,NNG,4
훗날,NNG,4
이어폰,NNG,4
쇼핑몰,NNG,4
위인,NNG,4
선택지,NNG,4
소망,NNG,4
면세점,NNG,4
맡,NNG,4
오직,MAG,4
아쿠아리움,NNP,4
신청자,NNG,4
임시변통,NNG,4
단독,NNG,4
잡,NNP,4
문학,NNG,4
사회학,NNG,4
알프레드,NNP,4
자비스,NNP,4
차등,NNG,4
사와,NNG,4
팬,NNG,4
페어,NNG,4
동요,NNG,4
고가,NNG,4
중년,NNG,4
가독성,NNG,4
상영관,NNP,4
신문사,NNG,4
헬로,NNP,4
동성,NNP,4
즉석식품,NNG,4
법칙,NNG,4
발사,NNG,4
직전,NNG,4
보육,NNG,4
면허,NNG,4
입장권,NNG,4
견지,NNG,4
우주,NNG,4
실마리,NNG,4
지역민,NNG,4
현대모비스,NNP,4
탈출,NNG,4
구직자,NNG,4
테넌트,NNP,4
심도,NNG,4
제과,NNG,4
페이,NNP,4
국간,NNG,4
국숫집,NNG,4
일정표,NNG,4
격차,NNG,4
고객감동,NNP,4
추정,NNG,4
오너,NNG,4
입주민,NNG,4
정치인,NNG,4
선바이저,NNG,4
스펙트럼,NNG,4
교실,NNG,4
문헌,NNG,4
생성,NNG,4
양친,NNG,4
신지식인,NNP,4
법안,NNG,4
전자레인지,NNG,4
페이퍼,NNG,4
닳,VV,4
위아래,NNG,4
보험금,NNG,4
환우,NNG,4
단열재,NNG,4
지지,NNG,3
치매,NNG,3
공문,NNG,3
샘,NNP,3
간장,NNG,3
에센스,NNG,3
뚝심,NNG,3
유명,NNG,3
농축,NNG,3
동종,NNG,3
캔,NNG,3
큐대,NNG,3
에소,NNP,3
메,NNG,3
졸,NNG,3
이기,NNG,3
전화위복,NNG,3
향료,NNG,3
발효,NNG,3
독성,NNG,3
라이브,NNG,3
급속도,NNG,3
길거리,NNG,3
노출,NNG,3
간직,NNG,3
연구생,NNG,3
동정,NNG,3
혐기,NNG,3
접합,NNG,3
수득,NNG,3
업데이트,NNG,3
총,NNG,3
억제,NNG,3
건선,NNG,3
항,NNG,3
판정,NNG,3
항암,NNG,3
적립,NNG,3
낙담,NNG,3
항체,NNG,3
유수,NNG,3
반출,NNG,3
고려개발,NNP,3
강자,NNG,3
안심,NNG,3
자연재해,NNG,3
직과,NNG,3
밀러,NNP,3
전환점,NNG,3
잠시,NNG,3
편협,NNG,3
귀담아들,VV,3
회피,NNG,3
주시,NNG,3
안전사고,NNG,3
자제,NNG,3
공생,NNG,3
불,NNG,3
하교,NNG,3
대우,NNP,3
찾아뵈,VV,3
다툼,NNG,3
상당히,MAG,3
친근감,NNG,3
무릎,NNG,3
고마움,NNG,3
녹색,NNG,3
겹치,VV,3
연마,NNG,3
진흥,NNG,3
전용,NNG,3
증력,NNG,3
간단히,MAG,3
전과,NNG,3
절망,NNG,3
차석,NNG,3
무,NNG,3
미련,NNG,3
장악,NNG,3
정식,NNG,3
수소문,NNG,3
프린팅,NNG,3
서식,NNG,3
들어서,VV,3
절실히,MAG,3
매주,NNG,3
자기소개,NNG,3
어쩌면,MAG,3
오디오,NNG,3
앰프,NNG,3
축전기,NNG,3
예외,NNG,3
구직,NNG,3
트랜지스터,NNG,3
효성,NNP,3
생태계,NNG,3
댓글,NNG,3
돌,NNG,3
매체,NNG,3
덜,MAG,3
협심,NNG,3
스탠드,NNG,3
구비,NNG,3
토익,NNG,3
正道,NNG,3
한인,NNG,3
부각,NNG,3
탈퇴,NNG,3
지배,NNG,3
유로,NNG,3
추측,NNG,3
노래방,NNG,3
배,VV,3
전주,NNP,3
마을,NNG,3
객,NNG,3
열광,NNG,3
대가,NNG,3
일체,NNG,3
뜨겁,VA,3
못지않,VA,3
독점,NNG,3
깨지,VV,3
각오,NNG,3
몸짓,NNG,3
실업,NNG,3
발행,NNG,3
홍대,NNG,3
벗,VV,3
옳,VA,3
회전율,NNG,3
진,NNP,3
각지,NNG,3
가져오,VV,3
완전,NNG,3
염두,NNG,3
배전,NNG,3
그간,NNG,3
연장자,NNG,3
부상,NNG,3
영웅,NNG,3
농수산,NNG,3
시음,NNG,3
아세안,NNP,3
명품,NNG,3
숙련도,NNG,3
망,NNG,3
전개,NNG,3
테마,NNG,3
풀,NNG,3
재빠르,VA,3
하루하루,MAG,3
출품,NNG,3
문구점,NNG,3
구동,NNG,3
내연,NNG,3
보존,NNG,3
현명,NNG,3
탑재,NNG,3
은혜,NNG,3
조기,NNG,3
내재,NNG,3
내다보,VV,3
스승,NNG,3
검품,NNG,3
공병,NNG,3
겨울철,NNG,3
시식,NNG,3
납축전지,NNG,3
박차,NNG,3
가하,VV,3
원형,NNG,3
불량품,NNG,3
발령,NNG,3
벌어지,VV,3
기술직,NNG,3
잉여,NNG,3
물러서,VV,3
노동자,NNG,3
드림,NNP,3
오가,VV,3
버팀목,NNG,3
사망,NNG,3
전념,NNG,3
대폭,MAG,3
증서,NNG,3
서두르,VV,3
세월,NNG,3
판도,NNG,3
원료,NNG,3
결코,MAG,3
안,VV,3
청정,NNG,3
가교,NNG,3
주춤,MAG,3
등대,NNG,3
틀림없,VA,3
무인화,NNG,3
사회인,NNG,3
내딛,VV,3
헤매,VV,3
연대장,NNG,3
깨우,VV,3
고군분투,NNG,3
고등,NNG,3
목사,NNG,3
부부,NNG,3
입히,VV,3
저서,NNG,3
약,NNG,3
일화,NNG,3
용납,NNG,3
부단히,MAG,3
단의,NNG,3
보편,NNG,3
강요,NNG,3
정말로,MAG,3
재현,NNG,3
투과율,NNG,3
승마,NNG,3
뇌성마비,NNP,3
불안감,NNG,3
제정,NNG,3
꿰뚫,VV,3
막연히,MAG,3
부작용,NNG,3
소멸,NNG,3
산출,NNG,3
대수,NNG,3
동경,NNG,3
플래카드,NNG,3
스타,NNG,3
접착력,NNG,3
스피치,NNP,3
코멘트,NNP,3
축,NNG,3
에스,NNG,3
정보력,NNG,3
디,NNG,3
유와,NNG,3
페이스북,NNP,3
삼광,NNG,3
콜링,NNP,3
밀집,NNG,3
번화가,NNG,3
재빨리,MAG,3
기뻐하,VV,3
드디어,MAG,3
시동,NNG,3
연휴,NNG,3
표창장,NNG,3
계통도,NNG,3
기지,NNG,3
탱크,NNG,3
초음파,NNG,3
진동자,NNG,3
아랫부분,NNG,3
씻,VV,3
왕래,NNG,3
외환,NNG,3
다각화,NNG,3
피트,NNG,3
도색,NNG,3
다듬,VV,3
헛되,VA,3
굳이,MAG,3
영미,NNG,3
재난,NNG,3
다국적,NNG,3
장래,NNG,3
소중히,MAG,3
비만,NNG,3
기점,NNG,3
불굴,NNG,3
주의깊,VA,3
매매,NNG,3
요건,NNG,3
바이,NNG,3
빈손,NNG,3
행여나,MAG,3
방영,NNG,3
비하,NNG,3
터,NNP,3
일식집,NNG,3
유익,NNG,3
한눈,NNG,3
젖,VV,3
흠뻑,MAG,3
미니,NNG,3
계,NNG,3
견해차,NNG,3
방진복,NNG,3
합창단,NNG,3
낯,NNG,3
엔지니어링,NNG,3
지문,NNG,3
튀,VV,3
진화,NNG,3
시편,NNG,3
파형,NNG,3
슈퍼,NNG,3
단련,NNG,3
주식회사,NNG,3
속하,VV,3
고추,NNG,3
삽질,NNG,3
잔,NNG,3
자존심,NNG,3
아기,NNG,3
동양인,NNG,3
카네기,NNP,3
분열,NNG,3
타계,NNG,3
초석,NNG,3
재검사,NNG,3
락,NNG,3
칠,NNG,3
영위,NNG,3
출납,NNG,3
선입,NNG,3
한결,MAG,3
섬유,NNG,3
접착제,NNG,3
다이어리,NNG,3
기념일,NNG,3
생일,NNG,3
한잔,NNG,3
코너,NNG,3
소품,NNG,3
끝없이,MAG,3
상거래,NNG,3
배포,NNG,3
접시,NNG,3
위축,NNG,3
회의감,NNG,3
히치,NNG,3
하이킹,NNG,3
수확,NNG,3
숨,VV,3
애착,NNG,3
발표력,NNG,3
황,NNG,3
자립,NNG,3
행운,NNG,3
기쁘,VA,3
출마,NNG,3
당선,NNG,3
견문,NNG,3
이어주,VV,3
타이완,NNP,3
연,NNG,3
성품,NNG,3
영양소,NNG,3
경상남도,NNP,3
태풍,NNG,3
싸움,NNG,3
나기,NNG,3
불태우,VV,3
펌프,NNG,3
활물질,NNG,3
턱없이,MAG,3
참조,NNG,3
워크숍,NNG,3
이동현,NNP,3
자긍심,NNG,3
장식,NNG,3
상표,NNG,3
통로,NNG,3
그래픽,NNG,3
디자이너,NNG,3
스크랩,NNG,3
추첨,NNG,3
영감,NNG,3
허락,NNG,3
제주도,NNP,3
루트,NNG,3
눈물,NNG,3
깨달음,NNG,3
소성,NNG,3
퍼지,VV,3
음료수,NNG,3
점원,NNG,3
막차,NNG,3
만류,NNG,3
밸브,NNG,3
경동나비엔,NNP,3
온수,NNG,3
국한,NNG,3
아름답,VA,3
암기력,NNG,3
런닝,NNG,3
오늘,MAG,3
매일,NNG,3
지형,NNG,3
신병,NNG,3
설레,VV,3
보호자,NNG,3
싸우,VV,3
생계,NNG,3
참고서,NNG,3
울,VV,3
출장,NNG,3
죽,VV,3
결력,NNG,3
파이프,NNG,3
소책자,NNG,3
메세지,NNG,3
반박,NNG,3
임시,NNG,3
면장,NNG,3
되려,MAG,3
진작,NNG,3
차근히,MAG,3
망설이,VV,3
난항,NNG,3
기술진,NNG,3
감시,NNG,3
밀접,NNG,3
도태,NNG,3
당사자,NNG,3
진솔,NNG,3
주간,NNG,3
월간,NNG,3
현저히,MAG,3
원부,NNG,3
라오스,NNP,3
기피,NNG,3
요령,NNG,3
벽돌,NNG,3
구,NNG,3
부엌,NNG,3
입출,NNG,3
블로거,NNP,3
통학,NNG,3
진동,NNG,3
시력,NNG,3
라즈베리,NNG,3
파이,NNG,3
출산율,NNG,3
제어기,NNG,3
강국,NNG,3
제치,VV,3
미세화,NNG,3
포지션,NNG,3
집적도,NNG,3
희극,NNG,3
본국,NNG,3
목록,NNG,3
내일,MAG,3
의복,NNG,3
분주,NNG,3
뒷정리,NNG,3
태양열,NNG,3
당면,NNG,3
치약,NNG,3
편히,MAG,3
아무것,NNG,3
실버,NNP,3
단지,MAG,3
세분화,NNG,3
부리,VV,3
자아실현,NNG,3
거래소,NNG,3
눈빛,NNG,3
채팅,NNG,3
디딤돌,NNG,3
법회,NNG,3
출국,NNG,3
거울,NNG,3
한국전력,NNP,3
미결산,NNG,3
분식,NNG,3
붕,MAG,3
뜨,VV,3
실례,NNG,3
불상사,NNG,3
부서원,NNG,3
계획안,NNG,3
민폐,NNG,3
깜빡하,VV,3
여행지,NNG,3
폰,NNP,3
맵,NNG,3
로얄,NNP,3
패스,NNG,3
베스트,NNG,3
배차,NNG,3
자식,NNG,3
준비물,NNG,3
상하차,NNG,3
이러,VV,3
수출입,NNG,3
기판,NNG,3
안전관,NNG,3
리자,NNG,3
적외선,NNG,3
이,NNG,3
막대,NNG,3
점도,NNG,3
기력,NNG,3
임계점,NNG,3
디어,NNP,3
샙,NNG,3
투표,NNG,3
기저,NNP,3
경각심,NNG,3
핵연료,NNG,3
범죄,NNG,3
육박,NNG,3
단지,NNG,3
내실,NNG,3
학,MAG,3
타진,NNG,3
선진,NNG,3
편중,NNG,3
근교,NNG,3
월드컵,NNG,3
리스트,NNP,3
인건비,NNG,3
군수,NNG,3
인사이트,NNP,3
사회봉사,NNG,3
바다,NNG,3
놀림,NNG,3
샷,NNG,3
항공업,NNG,3
역부족,NNG,3
장거리,NNG,3
재수,NNG,3
페이스,NNG,3
자투리,NNG,3
주중,NNG,3
허투루,MAG,3
임차,NNG,3
월말,NNG,3
관계사,NNG,3
불참,NNG,3
부득이,MAG,3
교육부,NNG,3
현안,NNG,3
숙박,NNG,3
호주,NNG,3
토킹,NNP,3
사막,NNG,3
에어,NNG,3
일념,NNG,3
응급실,NNG,3
병역,NNG,3
고학년,NNG,3
서핑,NNG,3
신원,NNG,3
팔리,VV,3
허물어지,VV,3
콜라보,NNP,3
코트,NNG,3
공시,NNG,3
아픔,NNG,3
임의,NNG,3
흑인,NNG,3
언행,NNG,3
날카롭,VA,3
지면,NNG,3
북,NNP,3
스타트,NNG,3
대비책,NNG,3
매크로,NNG,3
부응,NNG,3
족도,NNG,3
피벗,NNG,3
룸메이트,NNG,3
입구,NNG,3
역무,NNG,3
개론,NNG,3
나노,NNP,3
윤활제,NNG,3
난이도,NNG,3
일식,NNG,3
우동,NNG,3
장인,NNG,3
캐논,NNP,3
사무기기,NNG,3
저항,NNG,3
제작비,NNG,3
치,NNG,3
명,NNG,3
간담회,NNG,3
사물함,NNG,3
혐의,NNG,3
하나같이,MAG,3
지옥,NNG,3
저,VV,3
능글맞,VA,3
고참,NNG,3
부사관,NNG,3
군용,NNG,3
처다보,VV,3
직영,NNG,3
한때,NNG,3
판매점,NNG,3
열람,NNG,3
여명,NNG,3
승낙,NNG,3
팅,MAG,3
쿠폰,NNG,3
꺼리,VV,3
독하,VA,3
시리얼,NNP,3
파동,NNG,3
사육,NNG,3
항생제,NNG,3
장단,NNG,3
장직,NNG,3
온스,NNG,3
다년간,NNG,3
내화성,NNG,3
방염,NNG,3
노,NNP,3
멕스,NNP,3
범퍼,NNG,3
레일,NNG,3
기온,NNG,3
산원,NNG,3
주파수,NNG,3
입출력,NNG,3
타이밍,NNG,3
클록,NNP,3
대학원생,NNG,3
끼우,VV,3
석인,NNG,3
변전소,NNG,3
조류,NNG,3
한국남,NNP,3
동발,NNG,3
그린벨트,NNG,3
선로,NNG,3
업그레이드,NNG,3
가벼이,MAG,3
해독,NNG,3
메모장,NNP,3
변함없이,MAG,3
홍,NNG,3
부동,NNG,3
상업,NNG,3
대보,NNG,3
흠,NNG,3
전제,NNG,3
뿌리치,VV,3
병장,NNG,3
승패,NNG,3
스트라이커,NNG,3
슬럼프,NNG,3
난생,MAG,3
일손,NNG,3
레드,NNP,3
나아지,VV,3
대대,NNG,3
마이크로프로세서,NNG,3
스카다,NNP,3
유속,NNG,3
자녀,NNG,3
문과,NNG,3
렌,NNG,3
환급,NNG,3
소프트아이스크림,NNG,3
시식대,NNG,3
프랜차이즈,NNG,3
파생,NNG,3
디저트,NNG,3
정관,NNG,3
체육관,NNG,3
딥,NNG,3
베트남,NNP,3
부동,NNP,3
매입,NNG,3
가계,NNG,3
상환,NNG,3
채권,NNG,3
국유재산,NNP,3
세법,NNG,3
숨기,VV,3
공정성,NNG,3
해상,NNG,3
공무원,NNG,3
재원,NNG,3
뉴욕,NNP,3
중고차,NNG,3
추이,NNG,3
당연히,MAG,3
순발력,NNG,3
입문,NNG,3
기용,NNG,3
독단,NNG,3
물결,NNG,3
마진,NNG,3
보급,NNG,3
탑,NNG,3
교차로,NNG,3
횡단보도,NNG,3
적발,NNG,3
대령,NNG,3
교통위반,NNP,3
발부,NNG,3
소터,NNP,3
국경,NNG,3
인종,NNG,3
지휘,NNG,3
교과서,NNG,3
친절히,MAG,3
현대로템,NNP,3
되짚,VV,3
털어놓,VV,3
위로,NNG,3
탑승,NNG,3
침해,NNG,3
간호학,NNG,3
일거양득,NNG,3
우유,NNG,3
방치,NNG,3
동네,NNG,3
재차,MAG,3
등수,NNG,3
튼튼히,MAG,3
정제,NNG,3
입자,NNG,3
주가,NNG,3
외면,NNG,3
타입,NNG,3
사무원,NNG,3
모순,NNG,3
후원금,NNG,3
리,NNP,3
높이,MAG,3
거론,NNG,3
대생,NNG,3
시급,NNG,3
눈치채,VV,3
구매력,NNG,3
분담금,NNG,3
일부분,NNG,3
예보,NNG,3
보험료,NNG,3
사은품,NNG,3
마크,NNG,3
포용,NNG,3
퍼포먼스,NNG,3
막장,NNG,3
일주일,NNG,3
숙련,NNG,3
표본,NNG,3
칼럼,NNG,3
중복,NNG,3
경리,NNG,3
의기투합,NNG,3
트라우마,NNP,3
개혁,NNG,3
몹,NNP,3
스태프,NNG,3
칩과,NNP,3
핀,NNG,3
수식어,NNG,3
기말고사,NNG,3
마네킹,NNG,3
집행부,NNG,3
소진,NNG,3
야구단,NNG,3
외근,NNG,3
곁,NNG,3
학비,NNG,3
진위,NNG,3
타격,NNG,3
커리어,NNP,3
발돋움,NNG,3
화폐,NNG,3
세무사,NNG,3
미스코리아,NNP,3
근무지,NNG,3
출발점,NNG,3
레미제라블,NNG,3
용서,NNG,3
키덜트,NNP,3
볼드,NNG,3
귀걸이,NNG,3
목걸이,NNG,3
조사표,NNG,3
날로,MAG,3
참모,NNG,3
드나들,VV,3
겨냥,NNG,3
도리,NNG,3
신문고,NNG,3
지하,NNG,3
지구력,NNG,3
킹,MAG,3
송장,NNG,3
회귀,NNG,3
화주,NNG,3
외삼촌,NNG,3
대원,NNP,3
주입,NNG,3
익,VV,3
보이스,NNP,3
피싱,NNP,3
급증,NNG,3
사출,NNG,3
객원,NNG,3
터로,NNP,3
판촉물,NNG,3
짊어지,VV,3
정체기,NNG,3
뇌,NNG,3
수련,NNG,3
톱,NNG,3
경마장,NNG,3
질서,NNG,3
마권,NNG,3
한국감정원,NNP,3
밀링,NNG,3
후처리,NNG,3
백문,NNG,3
불여일견,NNG,3
측정기,NNG,3
동관,NNG,3
카트리지,NNG,3
전압,NNG,3
가동률,NNG,3
서부산,NNP,3
공무,NNG,3
카티아,NNP,3
파크,NNG,3
공익,NNG,3
엉덩이,NNG,3
여건,NNG,3
디지탈,NNG,3
토양,NNG,3
홀,NNP,3
공유가치창출,NNP,3
펀딩,NNP,3
구매자,NNG,3
언서,NNG,3
할인점,NNG,3
대표자,NNG,3
집합,NNG,3
바이올린,NNG,3
추론,NNG,3
홈즈,NNP,3
환산,NNG,3
퍼시스,NNP,3
초미세,NNG,3
노광,NNG,3
할당제,NNG,3
변형,NNG,3
등한시,NNG,3
칭화,NNP,3
유니,NNP,3
슬러,VV,3
레이트,NNG,3
관생,NNG,3
발하,VV,3
직능,NNG,3
난사,NNG,3
좀처럼,MAG,3
강제,NNG,3
부반장,NNG,3
망치,NNG,3
승하차,NNG,3
버릇,NNG,3
열풍,NNG,3
용산,NNP,3
시간대,NNG,3
오스트리아,NNP,3
환기,NNG,3
벡스,NNP,3
안성,NNG,3
계약서,NNG,3
서무,NNG,3
소대원,NNG,3
안드로이드,NNG,3
출산,NNG,3
과실,NNG,3
무전여행,NNG,3
비대,VV,2
숙취,NNG,2
방증,NNG,2
식문화,NNG,2
콜라,NNG,2
동결,NNG,2
용질,NNG,2
용액,NNG,2
반응물,NNG,2
첨삭,NNG,2
스낵,NNG,2
막걸리,NNG,2
당구장,NNG,2
남녀,NNG,2
커플,NNG,2
혈압,NNG,2
아모,NNG,2
잘탄,NNP,2
상자,NNG,2
어쩌,VV,2
미생물학,NNG,2
배지,NNG,2
가사,NNG,2
켜,VV,2
킹,NNP,2
바이럴,NNP,2
사체,NNG,2
유산균,NNG,2
형광,NNG,2
면역학,NNG,2
조군,NNG,2
능숙히,MAG,2
논거,NNG,2
투여,NNG,2
마커,NNG,2
비장,NNG,2
항비,NNG,2
약물,NNG,2
창조성,NNG,2
마가,NNG,2
퇴직,NNG,2
공제,NNG,2
대관,NNG,2
설치,VV,2
지망,NNG,2
다각도,NNG,2
포항,NNP,2
홈서비스,NNG,2
분석법,NNP,2
연구자,NNG,2
퍼,NNG,2
다치,VV,2
갑작스레,MAG,2
면학,NNG,2
아프리카,NNP,2
저력,NNG,2
기사보,NNG,2
긍정성,NNG,2
울리,VV,2
분포,NNG,2
풀기,NNG,2
이어받,VV,2
리조트,NNG,2
대화방,NNG,2
도사,NNG,2
통력,NNG,2
직판,NNG,2
전명,NNG,2
최사,NNG,2
핫트랙스,NNP,2
자양분,NNG,2
우선순위,NNG,2
비젼,NNP,2
사드,NNP,2
작동,NNP,2
메,VV,2
당당,MAG,2
탭,NNG,2
이황화,NNG,2
몰리브덴,NNG,2
후반,NNG,2
데스크톱,NNG,2
노트북,NNG,2
근육,NNG,2
목요일,NNG,2
해시,NNG,2
니케,NNG,2
최첨단,NNG,2
묘사,NNG,2
눈높이,NNG,2
곰곰이,MAG,2
관여,NNG,2
송전,NNP,2
차남,NNG,2
황화몰리브덴,NNG,2
확고히,MAG,2
정화,NNG,2
탄천,NNP,2
냄새,NNG,2
수직,NNG,2
물고기,NNG,2
파괴,NNG,2
흑자,NNG,2
들르,VV,2
항의,NNG,2
좇,VV,2
정세,NNG,2
흥,NNG,2
훈육,NNG,2
덥,VA,2
선풍기,NNG,2
한옥마을,NNP,2
사교육,NNG,2
비대칭,NNG,2
뉴질랜드,NNP,2
하우스,NNP,2
교외,NNG,2
줌,NNG,2
잡담,NNG,2
저절로,MAG,2
손발,NNG,2
입출금,NNG,2
나침반,NNG,2
국장,NNG,2
교육청,NNG,2
공직자,NNG,2
더더욱,MAG,2
심층,NNG,2
코믹,NNG,2
경영자,NNG,2
진열,NNP,2
짝,NNG,2
밀어주,VV,2
할아버지,NNG,2
요행,NNG,2
주부,NNG,2
해리포터,NNP,2
제스처,NNG,2
매너,NNG,2
계전기,NNG,2
통찰,NNG,2
허기,NNG,2
연이,VV,2
은사,NNG,2
관계없이,MAG,2
지원군,NNG,2
서번트,NNP,2
애초,NNG,2
회의록,NNG,2
농수산물,NNG,2
내기,NNP,2
취약점,NNG,2
새삼,MAG,2
슬기,NNG,2
내걸,VV,2
아웃,NNG,2
룰,NNG,2
중추,NNG,2
전기전도도,NNP,2
의존도,NNG,2
대체재,NNG,2
새,NNG,2
전기자동차,NNP,2
비우,VV,2
가훈,NNG,2
화목,NNG,2
돌보,VV,2
양수,NNG,2
과점,NNG,2
음극,NNG,2
퍼즐,NNG,2
이제껏,MAG,2
근속,NNG,2
기념,NNG,2
근면,NNG,2
폐지,NNG,2
잔업,NNG,2
피켓,NNG,2
불,VV,2
세력,NNG,2
나란히,MAG,2
체류,NNG,2
유지관리,NNP,2
각,NNG,2
자분,NNG,2
튜브,NNG,2
절벽,NNG,2
타협점,NNG,2
이혼,NNG,2
집안일,NNG,2
쥐,VV,2
모래,NNG,2
진흙,NNG,2
탄화수소,NNG,2
퇴적암,NNG,2
에너지원,NNG,2
그리스,NNG,2
채굴,NNG,2
업자,NNG,2
조지,NNP,2
미첼,NNP,2
수압,NNG,2
파쇄,NNG,2
종말,NNG,2
온난,NNG,2
속단,NNG,2
전장화,NNG,2
첫발,NNG,2
오감,NNG,2
칠판,NNG,2
참,NNG,2
철책,NNG,2
순찰,NNG,2
꾸중,NNG,2
상황실,NNG,2
따라다니,VV,2
승자,NNG,2
현시점,NNG,2
테슬라,NNP,2
파급,NNG,2
포드,NNP,2
제일,NNG,2
제자리,NNG,2
댄스,NNG,2
함성,NNG,2
박수,NNG,2
찬반,NNG,2
유치원,NNG,2
가시,VV,2
계모,NNG,2
시체,NNG,2
잔인,NNG,2
성립,NNG,2
극단,NNG,2
구타,NNG,2
애사심,NNG,2
본고장,NNG,2
창업자,NNG,2
연인,NNG,2
족보,NNG,2
해치,VV,2
소감,NNG,2
패배,NNG,2
쓴맛,NNG,2
설사,MAG,2
불협화음,NNG,2
시간표,NNG,2
명암,NNG,2
지배력,NNG,2
화질,NNG,2
광원,NNG,2
실리콘,NNG,2
활,NNG,2
사이드,NNP,2
워커,NNG,2
혼나,VV,2
호칭,NNG,2
논쟁,NNG,2
산업재,NNG,2
에탄올,NNG,2
초일류,NNG,2
격,NNG,2
매트릭스,NNG,2
발달,VV,2
가상현실,NNP,2
인문학,NNG,2
인승,NNG,2
바로잡,VV,2
예산안,NNG,2
수납장,NNG,2
개강,NNG,2
매사,MAG,2
휴식,MAG,2
위트,NNP,2
스위스,NNP,2
약전,NNG,2
경구,NNG,2
상과,NNG,2
대화법,NNG,2
강좌,NNG,2
내리막길,NNG,2
오르막,NNG,2
뒷면,NNG,2
연두,NNG,2
식탁,NNG,2
센스,NNG,2
트랜,NNP,2
글쓰기,NNG,2
성황리,NNG,2
수탁,NNG,2
강남역,NNP,2
코엑스,NNP,2
당하,VV,2
전진,NNG,2
의료업,NNG,2
흉터,NNG,2
주삿바늘,NNG,2
전염병,NNG,2
헌혈증,NNG,2
공회전,NNG,2
검표,NNG,2
뺏기,VV,2
형평,NNG,2
상온,NNG,2
옴니,NNP,2
노르,VA,2
기업인,NNG,2
고모,NNG,2
예의,NNG,2
더블,NNG,2
무인,NNG,2
몸담,VV,2
니스,NNG,2
짬,NNG,2
쫓,VV,2
지라,NNG,2
자치,NNG,2
출범,NNG,2
진료비,NNG,2
수납,NNG,2
훌쩍,MAG,2
모험,NNG,2
동남아시아,NNP,2
들리,VV,2
재해,NNG,2
발자취,NNG,2
당연,MAG,2
영업부,NNG,2
간절히,MAG,2
전격,NNG,2
배점,NNG,2
서구,NNG,2
아르,NNG,2
미래형,NNG,2
메가,NNP,2
몸매,NNG,2
숙,VV,2
고향,NNG,2
학내,NNG,2
붐,NNG,2
우뚝,MAG,2
맛보,VV,2
얕,VA,2
신나,VV,2
플로어,NNG,2
하키,NNG,2
침,NNG,2
평형,NNG,2
편견,NNG,2
합창,NNG,2
음색,NNG,2
친밀,NNG,2
태권,NNG,2
리눅스,NNP,2
올레드,NNP,2
주야간,NNG,2
겸용,NNG,2
반사판,NNG,2
머물,VV,2
저널,NNG,2
이용한,NNP,2
옵티머스,NNP,2
상법,NNG,2
사업비,NNG,2
기계요소,NNG,2
디스크,NNG,2
끝마치,VV,2
곡면,NNG,2
받침대,NNG,2
말,VV,2
품수,NNG,2
연맹,NNG,2
초월,NNG,2
플랫폼,NNG,2
돋보이,VV,2
소문,NNG,2
본교,NNG,2
알바,NNP,2
약정,NNG,2
모교,NNG,2
뼈,NNG,2
대접,NNG,2
클렌징,NNG,2
라인업,NNG,2
소풍,NNG,2
원자,NNG,2
포플러,NNG,2
소주,NNG,2
혹시나,MAG,2
관리원,NNG,2
틈,NNG,2
대구,NNP,2
육상,NNG,2
비정규직,NNG,2
브릿지,NNP,2
건너,VV,2
의외,NNG,2
공채,NNG,2
두루,MAG,2
한꺼번에,MAG,2
실상,NNG,2
주임,NNG,2
합심,NNG,2
번영,NNG,2
타파,NNG,2
궤도,NNG,2
불감증,NNG,2
실태,NNG,2
이기주의,NNG,2
페인트,NNG,2
누락,NNG,2
인쇄,NNG,2
와해,NNG,2
묵,VV,2
일사천리,NNG,2
수조,NNG,2
거울삼,VV,2
정시,NNG,2
정수기,NNG,2
비밀,NNG,2
노리,VV,2
한껏,MAG,2
글씨,NNG,2
진전,NNG,2
더디,VV,2
상품명,NNG,2
대조,NNG,2
교정부,NNG,2
빛나,VV,2
수칙,NNG,2
안일,NNG,2
이성,NNG,2
영월,NNG,2
하동,NNG,2
배짱,NNG,2
걸어가,VV,2
안무,NNG,2
이왕,MAG,2
연습량,NNG,2
간판,NNG,2
병간호,NNG,2
숙제,NNG,2
퇴원,NNG,2
교무실,NNG,2
대청소,NNG,2
유적지,NNG,2
서부,NNG,2
간간이,MAG,2
워크,NNP,2
캐나다,NNP,2
고구마,NNG,2
불꽃,NNG,2
전라도,NNP,2
나주,NNG,2
기대감,NNG,2
강행,NNG,2
하동군,NNG,2
기운,NNG,2
조교수,NNG,2
연구노트,NNP,2
깎,VV,2
도저히,MAG,2
공장설,NNG,2
쓰임새,NNG,2
가라앉,VV,2
최소한,NNG,2
차기,NNG,2
부재중,NNG,2
악습,NNG,2
잔뜩,MAG,2
책장,NNG,2
나비,NNG,2
세척,NNG,2
멋지,VA,2
가판대,NNG,2
펴,VV,2
공포증,NNG,2
비닐,NNG,2
일러스트레이터,NNG,2
힘입,VV,2
밤새,NNG,2
문화부,NNG,2
식목일,NNP,2
씨앗,NNG,2
작문,NNG,2
올라오,VV,2
작아지,VV,2
반갑,VA,2
드럼,NNG,2
푸,VV,2
자책,NNG,2
힘내,VV,2
북돋,VV,2
통일전망대,NNP,2
의향,NNG,2
데리,VV,2
태어나,VV,2
섞,VV,2
팁,NNG,2
단결,NNG,2
기증,NNG,2
달걀,NNG,2
탄탄히,MAG,2
사범,NNG,2
장류,NNG,2
하프,NNG,2
가락시장,NNP,2
가까스로,MAG,2
문전성시,NNG,2
일해,NNG,2
방사형,NNG,2
무량,NNG,2
덩어리,NNG,2
냉장,NNG,2
기호,NNG,2
안전장치,NNG,2
선천,NNG,2
산물,NNG,2
자취,NNG,2
들여놓,VV,2
컵,NNG,2
유산소,NNP,2
로테이션,NNG,2
퇴출,NNG,2
탄식,NNG,2
걸레,NNG,2
신문지,NNG,2
더럽,VA,2
급선무,NNG,2
초임,NNG,2
타개,NNG,2
지형학,NNG,2
경관,NNG,2
강원도,NNP,2
본론,NNG,2
자작,NNG,2
창설,NNG,2
외형,NNG,2
토너먼트,NNG,2
불합리,NNG,2
오른쪽,NNG,2
왼쪽,NNG,2
로드,NNG,2
엔드,NNG,2
발맞추,VV,2
일진,NNP,2
소대장,NNG,2
형광펜,NNG,2
표기,NNG,2
사투리,NNG,2
화상,NNG,2
제지,NNG,2
안과,NNG,2
줄기,NNG,2
소독,NNG,2
이송,NNG,2
끝내,MAG,2
유하,VV,2
분화,NNG,2
반발심,NNG,2
적중,NNG,2
애완,NNG,2
중량,NNG,2
구매처,NNG,2
동북아,NNP,2
운영비,NNG,2
단호히,MAG,2
기세,NNG,2
기일,NNG,2
밤낮,MAG,2
키,VV,2
쏟아지,VV,2
기술사,NNG,2
위탁,NNG,2
아울러,MAG,2
시시각각,NNG,2
중장비,NNG,2
공수,NNG,2
대장,NNG,2
잊어버리,VV,2
시멘트,NNG,2
보탬,NNG,2
쥴,NNP,2
트래킹,NNG,2
소위,NNG,2
신선,NNG,2
라스트,NNG,2
마일,NNG,2
시태,NNG,2
노동부,NNG,2
데일,NNP,2
신호기,NNG,2
옛날,NNG,2
핵가족,NNG,2
웨이퍼,NNG,2
패,NNG,2
측정값,NNG,2
보험법,NNG,2
치르,VV,2
시속,NNG,2
판교,NNG,2
고용량,NNG,2
고속,NNG,2
볼트,NNG,2
수요량,NNG,2
호황,NNG,2
파격,NNG,2
집적회로,NNP,2
문득,MAG,2
정극,NNG,2
새터민,NNG,2
귀환,NNG,2
예비자,NNG,2
어제,NNG,2
유심히,MAG,2
용도,NNG,2
내년,NNG,2
학과목,NNG,2
한국남부발전,NNP,2
금장,NNG,2
말동무,NNG,2
획기적으로,MAG,2
세면대,NNG,2
수세미,NNG,2
사관,NNG,2
한전,NNP,2
복구,NNG,2
소지,NNG,2
저출산,NNP,2
섭취,NNG,2
장면,NNG,2
아웃소싱,NNP,2
자습,NNG,2
당량,NNG,2
근력,NNG,2
챕터,NNP,2
여가,NNG,2
탈진,NNG,2
위아,NNP,2
부와,NNG,2
동사,NNG,2
수혜,NNG,2
편익,NNG,2
청정에너지,NNG,2
자청,NNG,2
빠트리,VV,2
피쳐,NNP,2
원작,NNG,2
배틀,MAG,2
모드,NNG,2
인터페이스,NNG,2
컨트롤러,NNG,2
스킨,NNG,2
공급사슬,NNP,2
그레이트,NNP,2
고심,NNG,2
브로커,NNG,2
전문직,NNG,2
항시,MAG,2
메달,NNG,2
터치,NNG,2
수표,NNG,2
코닝,NNP,2
완제,NNG,2
병목,NNG,2
싸이클,NNP,2
방호,NNG,2
보호구,NNG,2
음,NNG,2
잔량,NNG,2
가스안전공사,NNP,2
팔레스타인,NNP,2
채,NNG,2
스틸,NNG,2
지나치,VV,2
육하원칙,NNG,2
지걸,NNG,2
카톡,NNP,2
액션,NNG,2
공포,NNG,2
점차,NNG,2
미확보,NNG,2
동남,NNG,2
히든,NNG,2
챔피언,NNG,2
카카오톡,NNP,2
봇,NNG,2
방출,NNG,2
석박,NNG,2
완공,NNG,2
착용,NNG,2
역사책,NNG,2
먼지,NNG,2
혐오,NNG,2
저주파,NNG,2
지자체,NNG,2
공원,NNG,2
잇,NNG,2
내근,NNG,2
계단,NNG,2
개,NNG,2
관심없,VV,2
성공리,NNG,2
부정행위,NNG,2
내수,NNG,2
예고,NNG,2
타워,NNG,2
영업력,NNG,2
광경,NNG,2
존재감,NNG,2
교보,NNG,2
人,NNG,2
팀웍,NNP,2
공존,NNG,2
토목,NNG,2
예인,NNG,2
방제,NNG,2
과업,NNG,2
저렇게,MAG,2
요일,NNG,2
경험담,NNG,2
골칫거리,NNG,2
번거로이,MAG,2
까라,NNP,2
빼먹,VV,2
가져가,VV,2
줄어드,VV,2
때때로,MAG,2
연세대,NNP,2
관건,NNG,2
탄력,NNG,2
끊기,VV,2
공강,NNG,2
순간순간,NNG,2
불황,NNG,2
경남,NNP,2
후임자,NNG,2
가까이,NNG,2
기자단,NNG,2
악용,NNG,2
포지셔닝,NNG,2
관광지,NNG,2
터울,NNG,2
남매,NNG,2
아무래도,MAG,2
용모,NNG,2
날,VV,2
적당히,MAG,2
우프,NNP,2
시프트,NNG,2
왕왕,MAG,2
비자,NNG,2
개요,NNG,2
그레이,NNP,2
그림자,NNG,2
고기,NNG,2
발탁,NNG,2
통용,NNG,2
영문학,NNG,2
전속,NNG,2
나미,NNG,2
대만,NNP,2
카우치,NNP,2
워너,NNP,2
런,NNG,2
쿠,MAG,2
뷰티,NNG,2
스토어,NNG,2
허드렛일,NNG,2
성심성의껏,MAG,2
경중,NNG,2
하객,NNG,2
카카오,NNP,2
열성,NNG,2
총동원,NNG,2
도력,NNG,2
대상자,NNG,2
쉼터,NNG,2
개원,NNG,2
인권,NNG,2
표적,NNG,2
홍삼,NNG,2
암시,NNG,2
단서,NNG,2
게스트,NNG,2
아쉬움,NNG,2
게스트,NNP,2
서면,NNG,2
플리,NNP,2
국세청,NNG,2
말투,NNG,2
굴,NNG,2
구청,NNG,2
활동가,NNG,2
찢,VV,2
사리,NNG,2
노르웨이인,NNP,2
바우처,NNG,2
리방,NNG,2
저번,NNG,2
지기,NNG,2
수월,NNG,2
느리,VA,2
엄청나,VA,2
기꺼이,MAG,2
홍보물,NNG,2
회칙,NNG,2
출석,NNG,2
프랑스,NNP,2
프랑스어,NNP,2
만일,NNG,2
레시피,NNG,2
쿠르,MAG,2
물색,NNG,2
보관함,NNG,2
일괄,NNG,2
일석이조,NNG,2
월등히,MAG,2
내구,NNG,2
매끄럽,VA,2
연구비,NNG,2
유색,NNG,2
필라멘트,NNG,2
한창,MAG,2
보행,NNG,2
앞서,VV,2
준우승,NNG,2
특별상,NNG,2
구조물,NNG,2
정기회,NNG,2
운동회,NNG,2
낙후,NNG,2
과회,NNG,2
으뜸,NNG,2
생필품,NNG,2
풀무원,NNP,2
만발,NNG,2
보배,NNG,2
응모,NNG,2
벌레,NNG,2
신혼,NNG,2
빈곤,NNG,2
탐독,NNG,2
중급,NNG,2
계좌,NNG,2
속이,VV,2
화살,NNG,2
연기,NNG,2
식이,NNG,2
요법,NNG,2
보살피,VV,2
자꾸,MAG,2
이기,VV,2
원망,NNG,2
반찬,NNG,2
넘버,NNG,2
꺼내,VV,2
청정,NNP,2
제주,NNP,2
살충제,NNG,2
쿡,NNP,2
커리큘럼,NNG,2
검,VA,2
상관없,VA,2
교통수단,NNG,2
위상,NNG,2
학당,NNG,2
전력망,NNG,2
파라미터,NNG,2
정격,NNG,2
동적,NNG,2
열외,NNG,2
개폐,NNG,2
시퀀스,NNG,2
폐색,NNG,2
절대로,MAG,2
지상,NNG,2
내방,NNP,2
차장,NNG,2
어휘,NNG,2
물가,NNG,2
정수,NNG,2
불합격,NNG,2
소금,NNG,2
워라,NNG,2
사설,NNG,2
트렌디,NNP,2
최근,MAG,2
다변,NNG,2
털실,NNG,2
방한,NNG,2
국어,NNG,2
에세이,NNG,2
소유,NNG,2
쟁점,NNG,2
사무소,NNG,2
중요히,MAG,2
가볍,VA,2
공격수,NNG,2
활짝,MAG,2
치중,NNG,2
영농,NNG,2
농촌,NNG,2
귀농,NNG,2
모닝,NNP,2
기술자,NNG,2
물체,NNG,2
예제,NNG,2
더듬,VV,2
이등병,NNG,2
포술,NNG,2
주특기,NNG,2
전술,NNG,2
전액,NNG,2
한,NNG,2
수위,NNG,2
비츠,NNP,2
시스,NNP,2
아낌없,VA,2
일취월장,NNG,2
파벌,NNG,2
개정,NNG,2
주니어,NNG,2
위아,NNG,2
법대,NNG,2
억지로,MAG,2
편,NNG,2
코레일유통,NNP,2
의회,NNG,2
사무처,NNG,2
보좌관,NNG,2
바깥,NNG,2
각성,NNG,2
데이,NNG,2
유,NNP,2
악착같이,MAG,2
수학여행,NNG,2
등반,NNG,2
발자국,NNG,2
외식업,NNG,2
거르,VV,2
매각,NNG,2
거시,NNG,2
부실기업,NNG,2
경매,NNG,2
세제,NNG,2
관재,NNG,2
일일히,MAG,2
현지인,NNG,2
가성,NNG,2
랜드,NNG,2
접대,NNG,2
유창,NNG,2
종식,NNG,2
예감,NNG,2
고질,NNG,2
후자,NNG,2
직감,NNG,2
시차,NNG,2
결항,NNG,2
레몬,NNG,2
로비스,NNP,2
해운업,NNG,2
홍채,NNG,2
신하,NNG,2
농지,NNG,2
군사,NNG,2
뼈대,NNG,2
한국지역난방공사,NNP,2
언짢,VA,2
변모,NNG,2
제삼자,NNG,2
분단,NNG,2
국철,NNG,2
성장률,NNG,2
연필,NNG,2
주변인,NNG,2
물고,NNG,2
체질,NNG,2
국익,NNG,2
파트너십,NNP,2
레벨,NNG,2
중금속,NNG,2
출제,NNG,2
선제,NNG,2
틀,VV,2
시끄럽,VA,2
커넥션,NNG,2
플래너,NNG,2
코피노,NNP,2
뉘른베르크,NNP,2
헤드,NNG,2
숍,NNG,2
모조품,NNG,2
시골,NNG,2
낙오,NNG,2
경쟁의식,NNG,2
학습지,NNG,2
유엔,NNP,2
추출,NNG,2
해킹,NNG,2
사이버,NNG,2
쇼,NNG,2
참관,NNG,2
질투,NNG,2
테크,NNP,2
한양,NNG,2
의료진,NNG,2
중환자,NNG,2
밤늦,VA,2
봉투,NNG,2
성찰,NNG,2
식은땀,NNG,2
증상,NNG,2
제세,NNG,2
환,NNG,2
지시약,NNG,2
은상,NNG,2
가산점,NNG,2
방정식,NNG,2
분별,NNG,2
석차,NNG,2
블루,NNP,2
오션,NNP,2
채혈,NNG,2
혈구,NNG,2
생화학,NNG,2
혈장,NNG,2
여비,NNG,2
무섭,VA,2
정중히,MAG,2
여기저기,NNG,2
여지,NNG,2
교통편,NNG,2
도메인,NNG,2
의의,NNG,2
비싸,VA,2
맥주,NNG,2
리포,NNG,2
프로토,NNP,2
권회,NNG,2
정작,MAG,2
내놓,VV,2
타과,NNG,2
종일,NNG,2
악순환,NNG,2
마침표,NNG,2
시작점,NNG,2
장마,NNG,2
피로,NNG,2
양면,NNG,2
룰렛,NNG,2
드림,NNG,2
마당,NNG,2
불만제로,NNP,2
대야,NNG,2
실전,NNP,2
구사,NNG,2
산,NNG,2
접객,NNG,2
자택,NNG,2
의구심,NNG,2
의전,NNG,2
입국,NNG,2
외교부,NNP,2
체크인,NNG,2
비즈니스맨,NNG,2
톡톡,MAG,2
캐리어,NNG,2
민박,NNG,2
가시성,NNG,2
실장,NNG,2
통째,NNG,2
스토리텔링,NNP,2
보부,NNG,2
주안점,NNG,2
이질,NNG,2
번갈,VV,2
스도쿠,NNP,2
소매,NNG,2
프리마,NNP,2
켓,NNP,2
소장품,NNG,2
전통주,NNG,2
알코올,NNG,2
슬리퍼,NNG,2
재발견,NNG,2
기말,NNG,2
감성,NNG,2
작가,NNG,2
줄거리,NNG,2
포스팅,NNP,2
구두,NNG,2
번번이,MAG,2
중남미,NNP,2
단자,NNG,2
얽매이,VV,2
고,NNG,2
피시방,NNG,2
인생철학,NNG,2
대거,MAG,2
지새우,VV,2
다독이,VV,2
유대,NNG,2
어린아이,NNG,2
실,VV,2
이자,NNG,2
적관,NNG,2
교감,NNG,2
끄,VV,2
의하,VV,2
사명,NNG,2
면모,NNG,2
면세,NNG,2
쿡,MAG,2
만나,NNG,2
고사,NNG,2
벼락치기,NNG,2
쯤,NNG,2
엄마,NNG,2
침체기,NNG,2
신상품,NNG,2
리셉션,NNG,2
팝콘,NNG,2
떨,VV,2
휴가철,NNG,2
근원,NNG,2
자립심,NNG,2
생명력,NNG,2
걱정거리,NNG,2
산하,NNG,2
특허증,NNG,2
프리스,NNP,2
위판,NNG,2
분업화,NNG,2
사자성어,NNG,2
긴급회의,NNG,2
벼룩시장,NNG,2
세일즈,NNP,2
구원,NNG,2
새로이,MAG,2
촉매제,NNG,2
발목,NNG,2
내면,NNP,2
미쓰,NNP,2
풍자,NNG,2
가지,NNG,2
베레모,NNG,2
빅토르,NNP,2
위고,NNG,2
장편,NNG,2
엘,NNG,2
주교,NNG,2
마리우스,NNP,2
앙,NNP,2
졸라,NNP,2
퇴색,NNG,2
올곧,VA,2
벗겨지,VV,2
악인,NNG,2
강아지,NNG,2
전적,NNG,2
유네스코,NNP,2
소녀,NNG,2
편차,NNG,2
폴더,NNG,2
하늘,NNG,2
명물,NNG,2
만석,NNG,2
제시간,NNG,2
국립대,NNG,2
단발,NNG,2
고을,NNG,2
증여세,NNG,2
산입,NNG,2
재배치,NNG,2
출구,NNG,2
스카우트,NNG,2
연수생,NNG,2
원재료,NNG,2
팔레트,NNG,2
객체,NNG,2
신축,NNG,2
재고량,NNG,2
타자,NNG,2
물동량,NNG,2
체인,NNG,2
옥외,NNG,2
배양기,NNG,2
터지,VV,2
학장,NNG,2
의논,NNG,2
역무원,NNG,2
개선책,NNG,2
가맹점,NNG,2
궂,VA,2
메뉴판,NNG,2
서베이,NNG,2
과녁,NNG,2
맞히,VV,2
딸,NNG,2
듀스,NNG,2
다,VV,2
고장나,VV,2
이용객,NNG,2
콤,NNG,2
보,NNG,2
셀링,NNP,2
동성,NNG,2
튀김옷,NNG,2
찬류,NNG,2
죠스떡볶이,NNP,2
찾아다니,VV,2
주재원,NNG,2
새우,VV,2
무역업,NNG,2
늘어지,VV,2
간혹,MAG,2
아웃도어,NNG,2
재정리,NNG,2
셀로,NNG,2
작업량,NNG,2
상선,NNG,2
수원,NNP,2
형편,NNG,2
미취학,NNG,2
결핍,NNG,2
밀도계,NNG,2
수력학,NNG,2
열수,NNG,2
력학,NNG,2
객장,NNG,2
소란,NNG,2
비타민,NNG,2
일관,NNG,2
의지력,NNG,2
굳,VV,2
틀어지,VV,2
차라리,MAG,2
임,NNP,2
플란트,NNP,2
선반,NNG,2
감싸,VV,2
초집,NNG,2
하이닉스,NNP,2
옐로,NNG,2
카펫,NNG,2
화단,NNG,2
텃밭,NNG,2
기울,VV,2
롤플레잉,NNG,2
하늘길,NNG,2
알라딘,NNP,2
비행,NNG,2
플래시,NNP,2
진,NNG,2
지부장,NNG,2
신뢰성,NNG,2
차종,NNG,2
재학생,NNG,2
동체,NNG,2
빵집,NNG,2
종로,NNP,2
머리카락,NNG,2
바이러스,NNG,2
부친,NNG,2
시신,NNG,2
아동학,NNG,2
육아,NNG,2
숙달,NNG,2
부여받,VV,2
돌출,NNG,2
카,NNP,2
이스트,NNP,2
화법,NNG,2
마인드맵,NNG,2
예비품,NNG,2
대중교통,NNG,2
지어,NNG,2
우드,NNG,2
긴장감,NNG,2
가독,NNG,2
모니터,NNG,2
병통,NNG,2
투석기,NNG,2
대통,NNG,2
공통분모,NNG,2
싣,VV,2
시제품,NNG,2
회계학,NNG,2
감기,NNG,2
진찰,NNG,2
복용,NNG,2
콘셉트,NNG,2
숯불,NNG,2
밑반찬,NNG,2
공평,NNG,2
파이널,NNG,2
귀납,NNG,2
배달원,NNG,2
기록부,NNG,2
주사,NNG,2
휘장,NNG,2
엘리자베스,NNP,2
스티브,NNP,2
잡스,NNP,2
지혜,NNG,2
삼자대면,NNG,2
태평양,NNP,2
서열,NNG,2
거짓,NNG,2
숙식,NNG,2
한국도로공사,NNP,2
백방,NNG,2
열흘,NNG,2
교통사고,NNG,2
성년,NNG,2
송이,NNG,2
카트,NNG,2
닉스,NNG,2
연합회,NNG,2
슈팅,NNG,2
해명,NNG,2
커패시터,NNG,2
제동,NNG,2
제조원,NNG,2
병렬,NNG,2
계측,NNG,2
납땜,NNG,2
부자재,NNG,2
해제,NNG,2
얼음덩어리,NNG,2
레고,NNP,2
작용기,NNG,2
생성물,NNG,2
톱니바퀴,NNG,2
꿇,VV,2
기본기,NNG,2
토플,NNG,2
대행사,NNP,2
청,NNG,2
스튜디오,NNG,2
영상물,NNG,2
포맷,NNG,2
구도,NNG,2
펌,NNG,2
자본금,NNG,2
똑,MAG,2
출입구,NNG,2
정류장,NNG,2
연도,NNG,2
빈도수,NNG,2
일자,NNG,2
가중치,NNG,2
동월,NNG,2
균등,NNG,2
안전도,NNG,2
쿼,NNG,2
리문,NNG,2
하루빨리,MAG,2
하사,NNG,2
포반장,NNG,2
곧장,MAG,2
절충,NNG,2
손잡이,NNG,2
대진표,NNG,2
프레임워크,NNP,2
엿보,VV,2
나날이,MAG,2
화인,NNG,2
번복,NNG,2
회귀분석,NNP,2
정신없이,MAG,2
잡지,NNG,2
류연,NNP,2
구진,NNG,2
휠,NNG,2
비게,NNG,2
무론,MAG,2
무역상,NNG,2
장교,NNG,2
시범,NNG,2
하우징,NNG,2
금형,NNG,2
상담소,NNG,2
슈터,NNG,2
반열,NNG,2
정류기,NNG,2
생리대,NNG,2
공사장,NNG,2
온전히,MAG,2
야무지,VA,2
毒,NNG,2
결막염,NNG,2
앓,VV,2
멀티태스킹,NNG,2
난이,NNG,2
공공사업,NNG,2
태권도,NNG,2
치맥,NNG,2
산출물,NNG,2
비트코인,NNP,2
정회원,NNG,2
성취도,NNG,2
테크노,NNP,2
불법,NNG,2
아키,NNP,2
빌드,NNP,2
종족,NNG,2
학교명,NNG,2
유의,NNG,2
지게차,NNG,2
애드워즈,NNP,2
다년,NNG,2
한발,NNG,2
청소기,NNG,2
공가,NNG,2
쪽지,NNG,2
경찰,NNG,2
영외,NNG,2
소대,NNG,2
리니지,NNP,2
멸망,NNG,2
유소년,NNG,2
악,NNG,2
산정,NNG,2
삼보,NNG,2
모터스,NNP,2
고소공포증,NNP,2
전경,NNG,2
풍류,NNG,2
정구,NNG,2
천,NNG,2
물기,NNG,2
빗,NNG,2
군용차,NNG,2
경유,NNG,2
유변학,NNG,2
화합물,NNG,2
경화,NNG,2
핑계,NNG,2
잠깐,NNG,2
구급,NNG,2
위급,NNG,2
후송,NNG,2
균일,NNG,2
흡음,NNG,2
매경,NNP,1
취직,NNG,1
신용,NNG,1
영원,NNG,1
최전방,NNG,1
국력,NNG,1
환은,NNG,1
설탕,NNG,1
밀가루,NNG,1
에프,NNG,1
믹스,NNG,1
식생활,NNG,1
제당,NNG,1
코카,NNG,1
펩시,NNP,1
삼양,NNG,1
정학,NNG,1
함량,NNG,1
과냉각,NNG,1
빙결,NNG,1
수습,NNG,1
포켓볼,NNG,1
탄,NNG,1
로수,NNP,1
젯,NNP,1
로벨,NNP,1
리토,NNP,1
약효,NNG,1
투약,NNG,1
랩스,NNP,1
당뇨,NNG,1
램스,NNP,1
분별력,NNG,1
산소,NNG,1
살모넬라,NNG,1
대장균,NNG,1
외관,NNG,1
향,NNG,1
읊,VV,1
단정,NNG,1
팬덤,NNP,1
힙,NNP,1
이별,NNG,1
윤종신,NNP,1
역주행,NNG,1
단연,MAG,1
릴레이,NNP,1
안무,NNP,1
요새,NNG,1
지큐,NNP,1
오비타,NNP,1
건조,NNG,1
내산성,NNG,1
담즙,NNG,1
전기천,NNP,1
능,NNG,1
장염,NNG,1
장유,NNG,1
밀착,NNG,1
연접,NNG,1
누수,NNG,1
스크리닝,NNG,1
밀착연접,NNP,1
장간,NNG,1
림프절,NNG,1
분비,NNG,1
유방암,NNG,1
종양,NNG,1
소견,NNG,1
전폐,NNG,1
우울,NNG,1
의식주,NNG,1
난치병,NNG,1
마비,NNG,1
앤,NNP,1
아파하,VV,1
테니스,NNG,1
관절염,NNG,1
부외,NNG,1
부금,NNG,1
급박,NNG,1
저유,NNG,1
건축물,NNG,1
서정진,NNP,1
제약사,NNG,1
온이,MAG,1
탈바꿈,NNG,1
세세,NNG,1
범하,VV,1
쥐,NNG,1
상층,NNG,1
아토피,NNG,1
금호,NNG,1
조속히,MAG,1
차근차근히,MAG,1
지로,NNG,1
실리,NNG,1
조직력,NNG,1
경호원,NNG,1
파울,NNP,1
볼,NNG,1
음주,NNG,1
가라앉히,VV,1
사감,NNG,1
학실,NNG,1
정대우,NNG,1
사보,NNG,1
용설,NNG,1
워크아웃,NNG,1
거가,NNG,1
시화호,NNP,1
조력,NNG,1
원청,NNG,1
숙고,NNG,1
황금기,NNG,1
有,NNG,1
진두지휘,NNG,1
스튜디오,NNP,1
뮬,NNG,1
막노동,NNG,1
만만히,MAG,1
팍,MAG,1
소명,NNG,1
프론티어,NNP,1
심취,NNG,1
술집,NNG,1
쓸데없,VA,1
평택항,NNP,1
해당자,NNG,1
명과,NNG,1
왠지,MAG,1
지킴,NNG,1
불광,NNP,1
불급,NNG,1
세라믹,NNG,1
유니온,NNP,1
머티,NNP,1
리얼,NNG,1
륵,NNG,1
전력비,NNG,1
경영지,NNG,1
면허증,NNG,1
뇌파,NNG,1
여파,NNG,1
최상위,NNG,1
제형,NNG,1
카페인,NNG,1
기제품,NNG,1
삼박자,NNG,1
적서,NNG,1
결점,NNG,1
통가,NNG,1
총무국,NNG,1
검사장,NNG,1
장등,NNG,1
연중,NNG,1
원일,NNG,1
레저,NNG,1
전화기,NNG,1
덤벨,NNG,1
봉수대,NNG,1
등산로,NNG,1
생기,NNG,1
되찾,VV,1
해방,NNG,1
투지,NNG,1
라테,NNG,1
일생,NNG,1
훈일,NNG,1
알아듣,VV,1
반문,NNG,1
왜곡,NNG,1
가정주부,NNG,1
남중,NNG,1
태블릿,NNP,1
시험법,NNG,1
폐수,NNG,1
