가격,"값

"
가구,"세대2

"
가구,"세대2

"
가극,"오페라

"
가도,"가로3

"
가락,"곡조

"
가락,"선율

"
가로,"가도

"
가로세로,"종횡

"
가루,"분2, 분말

"
가루비누,"합성 세제
"
가마,"가마솥

"
가마,"가마니

"
가마,"가마니

"
가마니,"가마4

"
가마니,"가마4

"
가마솥,"가마1

"
가면,"마스크, 탈1

"
가문,"문벌

"
가부,"찬반

"
가부장제,"가부장 제도

"
가사,"집안일, 집일

"
가사,"노랫말

"
가산,"덧셈
"
가솔린,"휘발유

"
가슴,"흉부

"
가슴,"젖가슴

"
가슴속,"마음속, 심중, 염두, 의중

"
가슴팍,"가슴패기

"
가슴패기,"가슴팍

"
가시방석,"바늘방석

"
가식,"가장3

"
가요,"대중가요

"
가운뎃손가락,"장지1, 중지2

"
가을걷이,"추수

"
가장,"호주1

"
가장,"가식

"
가재도구,"세간1

"
가전,"가전제품

"
가전제품,"가전

"
가정일,"집안일

"
가정일,"집안일

"
가정주부,"주부, 안주인

"
가제,"거즈

"
가족,"식구

"
가지각색,"각양각색, 형형색색

"
가축,"집짐승

"
가타부타,"왈가왈부

"
각,"각도

"
각가지,"각색1, 각종

"
각도,"각1

"
각본,"극본

"
각색,"각가지, 각종

"
각시,"새색시, 색시

"
각양각색,"가지각색, 형형색색

"
각자,"제각각1, 제각기1

"
각종,"각가지, 각색1

"
각지,"각처

"
각처,"각지

"
간,"간장3

"
간격,"간극

"
간격,"간극
"
간극,"간격

"
간극,"간격

"
간석지,"개펄, 갯벌

"
간음,"내통, 야합, 통정
"
간장,"장6

"
간장,"간3

"
간질,"간질병
"
간질병,"간질
"
간첩,"스파이, 첩자

"
간행,"출간, 출판

"
갈대밭,"갈밭

"
갈림길,"기로

"
갈무리,"저장

"
갈밭,"갈대밭

"
갈비,"갈비뼈, 늑골

"
갈비,"갈비씨

"
갈비뼈,"갈비, 늑골

"
갈비씨,"갈비
"
감,"감도

"
감감무소식,"감감소식

"
감감소식,"감감무소식

"
감도,"감3

"
감산,"뺄셈
"
감상,"소감

"
감시원,"감시인, 감시자

"
감시인,"감시원, 감시자

"
감시자,"감시원, 감시인

"
감안,"고려1, 참작

"
감옥,"옥2
"
감옥살이,"옥살이

"
감옥살이,"옥살이

"
감지기,"센서

"
감촉,"촉감

"
갑절,"곱, 곱절, 배4

"
값,"가격2

"
갓난아기,"갓난아이, 갓난쟁이, 신생아

"
갓난아이,"신생아
"
갓난쟁이,"갓난아기, 갓난아이, 신생아

"
강가,"강변1
"
강간,"겁탈

"
강국,"강대국

"
강기슭,"강안
"
강냉이,"옥수수

"
강대국,"강국
"
강력범,"폭력범

"
강변,"강가

"
강보,"포대기

"
강사,"연사

"
강안,"강기슭

"
강철,"철강

"
강철판,"강판2

"
강판,"강철판

"
강하,"하강

"
개가,"재가1

"
개간,"개척

"
개개,"낱낱

"
개교,"개학
"
개구리밥,"부평초

"
개구리헤엄,"평영

"
개구쟁이,"악동, 장난꾸러기

"
개국,"건국

"
개그,"익살

"
개똥벌레,"반디, 반딧불, 반딧불이

"
개략,"개요

"
개략적,"대략적1

"
개런티,"출연료

"
개명,"개화1, 진보

"
개발,"계발

"
개변,"개혁
"
개시,"개점

"
개시,"마수걸이

"
개신교,"신교

"
개심,"개전

"
개요,"개략

"
개울,"개천, 내1

"
개전,"개심

"
개점,"개시1
"
개찰,"개표1

"
개척,"개간

"
개천,"개울, 내1

"
개펄,"간석지, 갯벌

"
개표,"개찰

"
개학,"개교

"
개혁,"개변

"
개화,"개명2, 진보

"
객,"손2

"
객식구,"군식구

"
객지,"타관, 타향

"
갤러리,"화랑

"
갯마을,"어촌

"
갯벌,"개펄, 간석지

"
갱,"갱도

"
갱도,"갱1

"
갱생,"소생, 재생, 회생

"
갱신,"경신

"
갹출,"추렴

"
거개,"거의1

"
거국,"전국

"
거금,"큰돈

"
거리,"길거리

"
거부,"대부1

"
거부,"거절

"
거북,"거북이

"
거북이,"거북

"
거상,"대상1

"
거센소리,"격음
"
거소,"거처
"
거스름돈,"잔돈2

"
거웃,"음모1

"
거의,"거개1

"
거장,"대가1

"
거절,"거부2
"
거점,"근거, 근거지

"
거주,"주거

"
거주민,"주민

"
거즈,"가제2

"
거지,"걸인

"
거짓,"허위
"
거처,"거소

"
거푸집,"형틀

"
걱정,"근심

"
걱정거리,"근심거리

"
건국,"개국2

"
건기,"건조기1
"
건널목,"횡단보도

"
건반,"키보드

"
건조기,"건기

"
건조기,"드라이어

"
건축가,"건축사

"
건축사,"건축가

"
걸상,"의자

"
걸음,"발걸음

"
걸인,"거지

"
걸작,"명작
"
검둥개,"검둥이

"
검둥이,"검둥개
"
검무,"칼춤

"
검약,"경제

"
검은빛,"검은색, 흑1, 흑색

"
검은색,"검은빛, 검정색, 흑1, 흑색
"
검정색,"검은색

"
검지,"인지1, 집게손가락

"
검진,"진찰

"
검찰,"검찰청

"
검찰청,"검찰

"
겁보,"겁쟁이

"
겁쟁이,"겁보

"
겁탈,"약탈

"
겁탈,"강간

"
겉껍질,"외피
"
겉면,"외면1, 표면

"
겉모습,"겉모양

"
겉모양,"겉모습, 외양

"
겉보기,"외관

"
겉옷,"외투

"
게릴라,"유격대

"
게시판,"안내판, 알림판

"
게임,"놀이

"
게임,"시합

"
겨드랑,"겨드랑이

"
겨드랑이,"겨드랑

"
겨우살이,"월동, 겨울나기

"
겨울나기,"월동, 겨우살이

"
겨울옷,"동복
"
겨울잠,"동면

"
겨울철,"동계
"
격년,"해거리

"
격노,"격분

"
격분,"격노

"
격음,"거센소리

"
격증,"격감

"
견사,"명주실

"
견식,"식견

"
견지,"관점

"
결국,"결말

"
결례,"실례1, 실수

"
결론,"맺음말, 마무리
"
결말,"결국1
"
결승,"결승전

"
결승전,"결승

"
결심,"결의1

"
결의,"결심

"
결의,"의결

"
결재,"재가2

"
결점,"단점
"
결정,"낙착

"
결행,"단행

"
결혼,"혼인
"
결혼식,"예식, 혼례, 혼례식, 혼인식

"
겸손,"겸허
"
겸임,"겸직
"
겸직,"겸임

"
겸허,"겸손

"
겹겹,"첩첩1

"
경각심,"경계심

"
경계심,"경각심

"
경관,"경치, 풍경, 풍광, 풍물

"
경구,"잠언

"
경박,"경솔

"
경비,"경비원

"
경비원,"경비2

"
경사로,"비탈길

"
경솔,"경박

"
경승,"명승

"
경신,"갱신

"
경어법,"높임법

"
경외,"외경

"
경음,"된소리

"
경쟁심,"경쟁의식

"
경쟁의식,"경쟁심

"
경제,"경제학

"
경제,"검약

"
경제계,"재계

"
경제학,"경제

"
경주,"달리기

"
경지,"부문, 분야, 영역

"
경찰,"경찰관

"
경찰관,"경찰

"
경치,"경관, 풍경, 풍광, 풍물

"
경칭,"존칭

"
경향,"동향3, 흐름

"
경험담,"체험담

"
경험론,"경험주의
"
경험주의,"경험론

"
곁가지,"지엽

"
계,"합계, 합산

"
계간,"계간지
"
계간지,"계간
"
계단,"층계

"
계단,"단계

"
계란,"달걀

"
계략,"계책

"
계량,"계측

"
계명,"계이름

"
계모,"의붓어머니
"
계발,"개발

"
계부,"의붓아버지
"
계산,"셈1

"
계승,"승계

"
계이름,"계명
"
계절,"시절, 철1

"
계절풍,"몬순

"
계좌,"구좌

"
계주,"이어달리기

"
계책,"계략

"
계측,"계량

"
계층,"층

"
고객,"손님

"
고교,"고등학교

"
고교생,"고등학생

"
고국,"조국
"
고금리,"고리3
"
고기,"물고기

"
고기잡이,"어부

"
고기잡이배,"고깃배, 어선

"
고깃덩어리,"고깃덩이

"
고깃덩어리,"고깃덩이

"
고깃덩이,"고깃덩어리

"
고깃덩이,"고깃덩어리

"
고깃배,"고기잡이배, 어선

"
고난,"고초

"
고니,"백조

"
고담,"옛날이야기, 옛이야기

"
고등학교,"고교
"
고등학생,"고교생
"
고딕,"고딕체

"
고딕체,"고딕

"
고려,"감안, 참작

"
고료,"원고료

"
고름,"옷고름

"
고리,"고금리
"
고막,"귀청

"
고만치,"고만큼1
큰말 그만치1
"
고만큼,"고만치1
큰말 그만큼1
"
고목,"고목나무

"
고목나무,"고목1

"
고무,"고취

"
고무지우개,"지우개

"
고무풍선,"풍선

"
고발인,"고발자
"
고발자,"고발인

"
고사장,"시험장

"
고서,"고서적, 고전1

"
고서적,"고서, 고전1

"
고소,"쓴웃음

"
고소설,"고대 소설
"
고소인,"고소자
"
고소자,"고소인
"
고속철,"고속 철도

"
고수부지,"둔치

"
고아원,"보육원

"
고어,"옛말

"
고용인,"고용자1

"
고용인,"고용자2

"
고용자,"고용인1

"
고용자,"고용인2

"
고유어,"토박이말
"
고육지계,"고육지책

"
고육지책,"고육지계

"
고저,"높낮이

"
고적,"고적지, 유적
"
고적지,"고적, 유적
"
고전,"고서, 고서적

"
고전,"고투

"
고조,"고조부, 고조할아버지

"
고조모,"고조할머니
"
고조부,"고조1, 고조할아버지
"
고조할머니,"고조모
"
고조할아버지,"고조1, 고조부
"
고종,"고종사촌
"
고종사촌,"고종
"
고지,"고지대
"
고지대,"고지2
"
고질,"고질병

"
고질,"고질병

"
고질병,"고질

"
고질병,"고질

"
고참,"선임1
"
고초,"고난

"
고취,"고무2

"
고치,"누에고치

"
고투,"고전2

"
고해,"고해 성사

"
고환,"불알

"
곡,"통곡

"
곡마단,"서커스

"
곡명,"곡목

"
곡목,"곡명

"
곡물,"곡식

"
곡성,"곡소리

"
곡소리,"곡성

"
곡식,"곡물

"
곡절,"우여곡절

"
곡절,"사정1

"
곡조,"가락2, 자락

"
곡해,"오해

"
곤궁,"빈곤

"
골,"골짜기

"
골,"골수, 뼛속

"
골,"뇌

"
골동,"골동품

"
골동품,"골동

"
골마루,"복도

"
골목,"골목길

"
골목길,"골목

"
골몰,"몰두

"
골반,"골반뼈

"
골반뼈,"골반

"
골수,"뼛속, 골3

"
골수,"뼛속

"
골짜기,"골2
"
골칫거리,"두통거리

"
곰국,"곰탕

"
곰탕,"곰국

"
곰팡내,"곰팡냄새

"
곰팡내,"곰팡냄새

"
곰팡냄새,"곰팡내

"
곰팡냄새,"곰팡내

"
곱,"갑절, 곱절, 배4

"
곱,"곱절, 배4

"
곱셈,"승2
"
곱절,"갑절, 곱, 배4

"
곱절,"곱, 배4

"
곳곳,"도처, 여기저기

"
공,"공로

"
공,"영2, 제로

"
공감,"동감

"
공것,"공짜

"
공고,"공시, 공포1, 반포

"
공공사업,"공익사업

"
공덕,"덕

"
공란,"공백, 빈칸, 여백

"
공로,"공3

"
공로자,"유공자

"
공론,"여론
"
공문,"공문서

"
공문서,"공문

"
공방,"빈방

"
공백,"공란, 여백

"
공백,"허점, 허

"
공범,"공범자
"
공범자,"공범

"
공복,"공무원

"
공복감,"시장기

"
공비,"관비, 국비
"
공비,"빨치산

"
공사장,"공사판

"
공사판,"공사장

"
공석,"빈자리

"
공석,"빈자리

"
공소장,"기소장

"
공수병,"광견병

"
공시,"공고2, 공포1, 반포

"
공원,"직공

"
공유지,"국유지
"
공익사업,"공공사업

"
공작물,"공작품

"
공작품,"공작물

"
공중목욕탕,"대중목욕탕

"
공중변소,"공중화장실

"
공중화장실,"공중변소

"
공지,"공터, 터1

"
공짜,"공것

"
공책,"노트1

"
공터,"공지2, 터1

"
공포,"공고2, 공시, 반포

"
공학,"엔지니어링

"
공헌,"기여

"
과거사,"과거지사

"
과거지사,"과거사

"
과녁,"과녁판

"
과녁판,"과녁

"
과대망상,"과대망상증

"
과대망상증,"과대망상

"
과도,"과일칼

"
과보호,"과잉보호

"
과수,"과실수, 과일나무

"
과실,"과일, 실과

"
과실,"과오

"
과실수,"과수, 과일나무

"
과오,"과실2

"
과일,"실과, 과실1

"
과일나무,"과실수, 과수

"
과일즙,"과즙

"
과일칼,"과도1

"
과잉보호,"과보호

"
과즙,"과일즙

"
과학,"자연 과학

"
관객,"관람자, 구경꾼

"
관객석,"관람석

"
관광업,"관광 사업

"
관념론,"관념주의

"
관념주의,"관념론

"
관람석,"관객석

"
관람자,"관객, 구경꾼

"
관련,"연관

"
관련성,"연관성

"
관리,"관헌, 벼슬아치

"
관리인,"매니저, 지배인

"
관복,"관운

"
관비,"공비1, 국비
"
관성,"타성

"
관심거리,"관심사

"
관심사,"관심거리

"
관용구,"관용어, 숙어

"
관용어,"관용구, 숙어

"
관운,"관복2

"
관절,"뼈마디

"
관점,"견지

"
관제,"직제

"
관직,"직1

"
관헌,"관리1, 벼슬아치

"
관현악단,"오케스트라
"
관형격,"소유격

"
괄호,"묶음표

"
광,"빛

"
광,"광택

"
광견병,"공수병

"
광도,"밝기

"
광맥,"맥

"
광선,"빛살

"
광어,"넙치

"
광영,"영광

"
광원,"발광체

"
광인,"미치광이

"
광택,"광2

"
괘,"점괘

"
괘종,"괘종시계

"
괘종시계,"괘종

"
괴수,"수괴, 원흉

"
교과서,"교본

"
교내,"학내
"
교단,"교육 기관

"
교도,"신도, 신자

"
교량,"다리2

"
교련,"조련

"
교만,"오만1
"
교미,"교접
"
교복,"학생복

"
교본,"교과서

"
교분,"정분, 정의3

"
교육가,"교육자

"
교육자,"교육가

"
교장,"학교장
"
교접,"교미
"
교체,"대체1

"
교칙,"학칙

"
교통경찰,"교통순경

"
교통순경,"교통경찰

"
교파,"종파

"
교합,"성교, 성행위
"
교향곡,"심포니

"
교회,"교회당

"
교회당,"교회

"
구경꾼,"관객, 관람자

"
구급차,"앰뷸런스

"
구김,"구김살

"
구김,"구김살

"
구김살,"구김, 구김새

"
구김살,"구김, 구김새

"
구김새,"구김살

"
구김새,"구김살

"
구둣주걱,"주걱

"
구들목,"아랫목

"
구렁이,"능구렁이

"
구령,"호령

"
구류,"구류형

"
구류형,"구류

"
구릉지,"구릉 지대

"
구리,"동3

"
구명보트,"구명정

"
구명정,"구명보트

"
구미,"입맛, 밥맛, 식욕

"
구미,"서양

"
구변,"말솜씨, 말재주, 말주변, 언변, 화술

"
구비,"구전

"
구상화,"구체화

"
구성,"짜임새

"
구성,"플롯

"
구성원,"성원1

"
구세주,"구주

"
구술,"구연

"
구실,"소임

"
구약,"구약 성경, 구약 성서
"
구어,"입말
"
구어,"입말, 음성 언어
"
구연,"구술

"
구원병,"원군, 지원군

"
구전,"구비1

"
구정물,"오수2

"
구좌,"계좌

"
구주,"구세주

"
구체화,"구상화1

"
구충제,"살충제

"
구혼,"청혼

"
국,"국물

"
국가,"나라

"
국가수반,"국가 원수, 원수2

"
국격,"국위

"
국내산,"국산
"
국립대,"국립 대학
"
국명,"국호

"
국무총리,"총리

"
국물,"국

"
국부,"국소

"
국비,"공비1, 관비
"
국사,"나랏일

"
국산,"국내산
"
국소,"국부1

"
국수,"면4

"
국어,"나라말

"
국역,"한역2

"
국위,"국격

"
국유지,"공유지
"
국호,"국명

"
국화,"나라꽃

"
국화,"국화꽃

"
국화꽃,"국화2

"
군,"군대

"
군,"군부

"
군,"군청

"
군것질,"주전부리

"
군기침,"헛기침

"
군대,"군1

"
군말,"군소리, 두말

"
군말,"군소리, 두말

"
군부,"군1

"
군비,"군사비

"
군사,"병사1, 병졸

"
군사,"병사2

"
군사비,"군비2

"
군소리,"군말, 두말

"
군수품,"군수 물자

"
군식구,"객식구

"
군왕,"군주, 왕, 왕자2, 임금1, 주군

"
군주,"군왕, 왕, 왕자2, 임금1, 주군

"
군청,"군2

"
굴,"석화

"
굴삭기,"굴착기

"
굴착기,"굴삭기

"
굶주림,"기아

"
굽,"발굽

"
궁,"활

"
궁,"궁궐, 궁전, 궁정, 대궐, 전각

"
궁궐,"궁2, 궁전, 궁정, 대궐, 전각

"
궁녀,"나인

"
궁전,"궁2, 궁궐, 궁정, 대궐, 전각

"
궁정,"궁2, 궁궐, 궁전, 대궐, 전각

"
궁중,"궐내

"
권력가,"권력자

"
권력자,"권력가

"
권위적,"권위주의적1

"
권위주의적,"권위적1

"
권투,"복싱

"
궐내,"궁중

"
귀,"귓바퀴

"
귀,"바늘귀, 바늘구멍

"
귀걸이,"귀고리

"
귀고리,"귀걸이

"
귀국,"환국

"
귀양,"유배

"
귀양지,"유배지

"
귀엣말,"귓속말

"
귀울림,"이명

"
귀재,"수재2

"
귀청,"고막

"
귓바퀴,"귀1

"
귓밥,"귓불

"
귓불,"귓밥

"
귓속말,"귀엣말

"
균,"박테리아, 세균

"
균형,"평형

"
그간,"그사이

"
그늘,"음영

"
그루,"그루터기

"
그루터기,"그루1
"
그릇,"용기2

"
그리스도교,"기독교

"
그림물감,"물감

"
그만치,"그만큼1
작은말 고만치1
"
그만큼,"그만치1
작은말 고만큼1
"
그물,"네트

"
그믐,"그믐날

"
그믐날,"그믐

"
그사이,"그간
작은말 고사이
"
극락,"극락세계

"
극락세계,"극락

"
극본,"각본

"
극존칭,"아주높임

"
극한,"혹한

"
근간,"금일, 요사이

"
근간,"근본, 근저, 기저, 기초

"
근간,"근본, 바탕

"
근거,"거점, 근거지

"
근거지,"거점, 근거, 본거지

"
근력,"기력, 정력

"
근로자,"노동자

"
근린,"근방, 근처, 인근

"
근방,"근린, 근처, 인근

"
근본,"근간3, 근저, 기저, 기초

"
근본,"근간3, 바탕

"
근사치,"근삿값

"
근삿값,"근사치

"
근심,"걱정

"
근심거리,"걱정거리

"
근저,"근간3, 근본, 기저, 기초

"
근처,"근린, 근방, 인근

"
근해,"앞바다

"
글,"글자, 글씨

"
글감,"글거리, 소재2

"
글거리,"글감, 소재2

"
글귀,"문구1

"
글꼴,"글씨체, 서체

"
글라스,"유리잔

"
글말,"문어2
"
글말,"문어2, 문자 언어
"
글방,"서당, 서재

"
글씨,"글자, 글

"
글씨체,"서체, 필체

"
글씨체,"서체

"
글씨체,"글꼴, 서체

"
글자,"글, 글씨

"
글재주,"문재

"
글짓기,"작문

"
금,"금메달

"
금강석,"다이아, 다이아몬드

"
금괴,"금덩이

"
금기,"터부

"
금년,"당년, 올해

"
금덩이,"금괴

"
금번,"이번

"
금빛,"금색

"
금색,"금빛

"
금속,"쇠붙이

"
금속성,"쇳소리

"
금일,"오늘1

"
금일,"근간2, 요사이

"
금전,"금화

"
금전,"화폐, 돈1

"
금화,"금전

"
급등,"폭등
"
급락,"폭락
"
급료,"급여

"
급사,"사환

"
급소,"요점, 요체

"
급여,"급료

"
급정거,"급정차

"
급정차,"급정거

"
급행,"급행열차
"
급행열차,"급행
"
기공,"기술공

"
기공,"착공
"
기녀,"기생1

"
기념비,"기념탑

"
기념탑,"기념비

"
기능,"기량

"
기능공,"기술공

"
기도,"기원1

"
기독교,"그리스도교

"
기독교인,"크리스천

"
기둥서방,"포주

"
기량,"기능1

"
기력,"근력, 정력

"
기로,"갈림길

"
기름기,"유분

"
기마,"승마

"
기말고사,"기말시험

"
기말시험,"기말고사

"
기미,"낌새

"
기본급,"본봉

"
기본형,"원형1

"
기사,"운전기사

"
기상,"날씨

"
기상,"의기

"
기생,"기녀

"
기세,"형세

"
기소장,"공소장

"
기술,"노하우, 비결, 비법

"
기술공,"기공1, 기능공

"
기아,"굶주림

"
기업가,"기업인, 기업자
"
기업인,"기업가, 기업자

"
기업자,"기업가, 기업인

"
기여,"공헌

"
기왕,"이왕1

"
기왕지사,"이왕지사

"
기원,"기도2

"
기원후,"서기
"
기저,"밑바닥

"
기저,"근간3, 근본, 근저, 기초

"
기적,"이적1

"
기점,"시점1, 출발점
"
기중기,"크레인
"
기증,"증여, 증정

"
기초,"근간3, 근본, 근저, 기저

"
기한,"마감

"
기호품,"기호 식품

"
긴소리,"장음
"
긴소매,"긴팔
"
긴팔,"긴소매
"
길,"도로2

"
길가,"길섶, 길옆, 노변

"
길거리,"거리1

"
길라잡이,"길잡이

"
길라잡이,"길잡이

"
길바닥,"노면

"
길바닥,"노상2

"
길섶,"길가, 길옆, 노변

"
길옆,"길가, 길섶, 노변

"
길잡이,"길라잡이

"
길잡이,"길라잡이

"
깁스,"석고 붕대

"
깃,"깃털

"
깃,"옷깃

"
깃,"옷깃

"
깃털,"깃1

"
까까머리,"빡빡머리, 중머리

"
까막눈,"까막눈이, 눈뜬장님, 문맹

"
까막눈이,"까막눈, 눈뜬장님, 문맹

"
까투리,"암꿩
"
까풀,"꺼풀

"
까풀,"꺼풀

"
깍지,"손깍지

"
깡,"깡다구

"
깡다구,"깡

"
꺼풀,"까풀

"
꺼풀,"까풀

"
꺽다리,"키다리

"
꼬꼬,"꼬꼬닭

"
꼬꼬닭,"꼬꼬1

"
꼬챙이,"꼬치

"
꼬치,"꼬챙이

"
꼭대기,"정수리

"
꼭두각시,"바지저고리, 로봇, 허수아비

"
꼴,"목초2

"
꽁무니,"뒤꽁무니

"
꽁초,"담배꽁초

"
꽃나무,"화초, 화훼

"
꽃동산,"화원

"
꽃망울,"망울

"
꽃병,"화병2

"
꽃봉오리,"봉오리

"
꽃삽,"모종삽

"
꾸중,"꾸지람, 지청구

"
꾸지람,"꾸중, 지청구

"
꿀꿀이,"꿀돼지

"
꿀돼지,"꿀꿀이

"
꿀밤,"알밤

"
꿀통,"벌통

"
꿈풀이,"해몽

"
끝막음,"종결

"
끝소리,"받침소리, 종성, 첫소리

"
끼,"끼니

"
끼,"끼니

"
끼니,"끼1

"
끼니,"끼1

"
끽연,"흡연

"
낌새,"기미2

"
나귀,"당나귀

"
나라,"국가1

"
나라꽃,"국화1

"
나라말,"국어

"
나락,"벼

"
나락,"지옥

"
나랏일,"국사2

"
나머지,"여분

"
나무,"땔나무

"
나무저,"나무젓가락

"
나무젓가락,"나무저

"
나뭇등걸,"등걸

"
나사,"나사못
"
나사못,"나사

"
나신,"나체, 맨몸, 알몸

"
나이,"연령
"
나이층,"연령층

"
나이테,"연륜

"
나이트,"나이트클럽

"
나이트클럽,"나이트

"
나인,"궁녀

"
나중,"이다음

"
나체,"나신, 맨몸, 알몸

"
낙관주의,"낙천주의

"
낙농,"낙농업

"
낙농업,"낙농

"
낙원,"파라다이스

"
낙제,"유급2

"
낙제,"불합격
"
낙조,"사양1, 석양

"
낙착,"결정1

"
낙천주의,"낙관주의
"
낚시,"낚싯바늘

"
낚시,"낚시질

"
낚시질,"낚시

"
낚싯바늘,"낚시

"
낚싯밥,"미끼

"
난,"난초

"
난로,"스토브
"
난문제,"난제

"
난민,"이재민

"
난장,"난장판

"
난장판,"난장

"
난전,"혼전2

"
난제,"난문제

"
난초,"난2

"
난파,"파선

"
난형난제,"백중, 백중지세

"
날,"날씨

"
날,"날짜, 일자2

"
날것,"생것

"
날계란,"날달걀

"
날고기,"생고기

"
날달걀,"날계란

"
날수,"일자1

"
날씨,"기상1, 날1, 일기2, 천기1

"
날짜,"날1, 일자2

"
날짜,"일자2

"
남,"남자
"
남녘,"남쪽
"
남동,"남동쪽

"
남동쪽,"남동

"
남동풍,"동남풍

"
남루,"누더기

"
남매,"오누이

"
남미,"남아메리카

"
남방,"남쪽
"
남방,"남방셔츠

"
남빛,"남색, 쪽빛

"
남색,"남빛

"
남서,"남서쪽

"
남서쪽,"남서

"
남성,"남2
"
남아,"남자아이
"
남아,"대장부, 장부

"
남아메리카,"남미

"
남자,"남2
"
남자아이,"남아
"
남진,"남하

"
남쪽,"남3, 남녘, 남방, 남측
"
남쪽,"남측
"
남측,"남쪽

"
남측,"남쪽
"
남포,"남포등, 램프

"
남포등,"남포, 램프

"
남하,"남진
"
남한,"이남
"
납득,"이해2

"
납부,"납입

"
납부금,"납입금, 불입금, 불입액

"
납입,"납부

"
납입금,"납부금

"
낭독,"낭송
"
낭설,"뜬소문, 유언비어

"
낭송,"낭독

"
낮,"한낮

"
낮잠,"오수1
"
낯,"면목

"
낯빛,"안색, 얼굴빛, 얼굴색
"
낱낱,"개개1

"
낱말,"단어

"
낱자,"자모

"
내,"개울, 개천

"
내,"냄새

"
내관,"내시, 환관

"
내년,"명년

"
내달,"새달

"
내력,"유래

"
내림세,"하락세
"
내막,"속사정

"
내복,"내의, 속내의

"
내사,"뒷조사

"
내세,"후세
"
내시,"내관, 환관

"
내실,"안방

"
내실,"실속

"
내심,"속마음

"
내야,"내야수
"
내야수,"내야
"
내역,"명세

"
내역서,"명세서

"
내왕,"왕래

"
내왕,"왕래

"
내외,"안팎

"
내외,"안팎

"
내외,"부부

"
내외간,"내외지간, 부부간, 부부지간

"
내외지간,"내외간, 부부간, 부부지간

"
내의,"속옷

"
내의,"내복, 속내의

"
내일,"명일
"
내일모레,"모레1
"
내전,"대전2

"
내전,"내란

"
내통,"간음, 야합, 통정

"
내피,"외피

"
내한,"방한2

"
냉,"냉병

"
냉각기,"냉각기간

"
냉각기간,"냉각기1

"
냉기,"찬기1, 한기
"
냉대,"박대, 푸대접, 한대

"
냉병,"냉

"
냉수,"찬물
"
냉커피,"아이스커피

"
너비,"넓이, 폭
"
너트,"암나사
"
넋,"혼, 혼백

"
널,"널빤지, 널판, 널판자, 판3, 판자

"
널빤지,"널1, 널판, 널판자, 판3, 판자

"
널판,"널빤지

"
널판자,"널빤지

"
넓이,"너비, 폭

"
넙치,"광어

"
넝쿨,"덩굴

"
네거리,"사거리

"
네모,"사각2, 사각형

"
네온,"네온사인

"
네온사인,"네온

"
네트,"그물

"
네트워크,"통신망

"
네트워크,"방송망

"
네티즌,"누리꾼

"
넥타이,"타이2

"
노년,"늘그막, 만년1
"
노동자,"근로자

"
노동조합,"노조

"
노동조합원,"노조원

"
노랫말,"가사3

"
노른자,"노른자위

"
노른자,"노른자위

"
노른자위,"노른자

"
노른자위,"노른자

"
노름,"도박

"
노름꾼,"도박꾼

"
노름판,"도박장, 도박판

"
노망,"망령
"
노면,"길바닥

"
노무자,"노동자

"
노변,"길가, 길섶, 길옆

"
노상,"길바닥

"
노숙인,"노숙자

"
노숙자,"노숙인

"
노인,"늙은이

"
노작,"역작

"
노정,"도정2

"
노조,"노동조합

"
노조원,"노동조합원

"
노처녀,"올드미스
"
노천,"바깥, 밖, 한데2

"
노트,"공책

"
노트,"필기

"
노트북,"노트북 컴퓨터

"
노하우,"기술1, 비결, 비법

"
노하우,"기술1, 비결, 비법

"
녹말,"녹말가루, 전분

"
녹말가루,"녹말, 전분

"
녹색,"초록색

"
논리,"논리학

"
논리학,"논리

"
논박,"반박

"
논설,"논설문

"
논설문,"논설

"
논스톱,"직행

"
논의,"의논

"
논픽션,"비소설
"
놀이,"유희

"
놀이공원,"놀이동산, 유원지

"
놀이꾼,"유람객

"
놀이동산,"놀이공원, 유원지

"
놋,"놋쇠

"
놋쇠,"놋

"
농,"농담

"
농,"장롱
"
농가,"농삿집

"
농가,"농삿집

"
농경지,"농지

"
농군,"농민

"
농기구,"농구

"
농담,"농1
"
농민,"농군

"
농법,"농사법

"
농부,"농사꾼

"
농사꾼,"농부

"
농사법,"농법

"
농삿집,"농가

"
농삿집,"농가

"
농수산,"농수산업

"
농수산업,"농수산

"
농악,"풍물놀이

"
농작물,"작물

"
농지,"농경지

"
높낮이,"고저

"
높임,"존칭

"
높임말,"경어, 존댓말
"
높임법,"경어법

"
뇌,"두뇌, 골3

"
뇌성,"천둥소리

"
누더기,"남루

"
누드,"알몸

"
누런색,"황2, 황색
"
누리꾼,"네티즌

"
누설,"누출

"
누설,"누출

"
누에고치,"고치

"
누에치기,"양잠

"
누출,"누설

"
누출,"누설

"
눈,"시력

"
눈,"눈금

"
눈가,"눈언저리

"
눈금,"눈2

"
눈길,"시선

"
눈길,"시선

"
눈까풀,"눈꺼풀

"
눈깔사탕,"알사탕

"
눈꺼풀,"눈까풀

"
눈꼬리,"눈초리

"
눈대중,"눈어림, 눈짐작

"
눈동자,"동공

"
눈뜬장님,"까막눈, 까막눈이, 문맹

"
눈망울,"눈알, 안구

"
눈매,"눈맵시

"
눈맵시,"눈매

"
눈살,"눈총

"
눈알,"눈망울, 안구
"
눈앞,"목전

"
눈앞,"목전

"
눈약,"안약

"
눈어림,"눈대중, 눈짐작

"
눈언저리,"눈가

"
눈인사,"목례

"
눈짐작,"눈대중, 눈어림

"
눈초리,"눈꼬리

"
눈총,"눈살2

"
느림뱅이,"느림보

"
느림보,"느림뱅이

"
늑골,"갈비, 갈비뼈

"
늑대,"이리1

"
늑장,"늦장

"
늘그막,"노년, 만년1

"
늘푸른나무,"상록수

"
늙은이,"노인
"
능구렁이,"구렁이

"
능변,"달변
"
능변,"달변

"
늦가을,"만추
"
늦장,"늑장

"
늪지,"늪지대

"
늪지대,"늪지

"
다과,"다소1

"
다듬이,"다듬이질, 다듬질

"
다듬이질,"다듬이, 다듬질

"
다듬질,"다듬이, 다듬이질

"
다락,"다락방

"
다락방,"다락

"
다리,"교량

"
다면,"다방면

"
다방,"다실

"
다방면,"다면

"
다실,"다방

"
다이아,"금강석, 다이아몬드

"
다이아몬드,"금강석, 다이아

"
다행,"행2
"
다홍,"다홍색

"
다홍색,"다홍, 진홍

"
단결,"단합

"
단계,"계단

"
단골,"단골집

"
단골,"단골손님

"
단골손님,"단골

"
단골집,"단골

"
단교,"절교

"
단기,"단기간
"
단기간,"단기1
"
단련,"연마

"
단말기,"단말 장치

"
단명,"박명1

"
단물,"담수, 민물

"
단서,"단초, 실마리

"
단선,"외줄

"
단신,"홀몸

"
단어,"낱말

"
단역,"엑스트라

"
단음,"짧은소리
"
단잠,"숙면

"
단장,"화장1

"
단점,"결점
"
단초,"단서2, 실마리

"
단편,"단편 소설
"
단편,"파편

"
단편,"파편

"
단풍,"단풍나무

"
단풍나무,"단풍

"
단합,"단결

"
단행,"결행

"
달걀,"계란

"
달거리,"생리, 월경

"
달동네,"산동네

"
달리기,"경주2

"
달변,"능변

"
달변,"능변

"
달빛,"월광

"
달음박질,"달음질, 뜀박질, 뜀질

"
달음질,"달음박질, 뜀박질, 뜀질

"
닭싸움,"투계

"
담,"담장

"
담,"담력

"
담,"쓸개

"
담당,"담당자

"
담당자,"담당

"
담배꽁초,"꽁초

"
담수,"단물, 민물

"
담요,"모포

"
담장,"담1

"
담쟁이,"담쟁이덩굴

"
담쟁이덩굴,"담쟁이

"
답,"대답

"
답,"해답

"
답,"회답

"
답보,"제자리걸음

"
답습,"인습

"
답신,"회신

"
답안지,"답지

"
답지,"답안지

"
당,"당류

"
당,"정당

"
당국,"당사국

"
당근,"홍당무

"
당나귀,"나귀

"
당년,"금년, 올해

"
당뇨,"당뇨병

"
당뇨병,"당뇨

"
당류,"당1

"
당사국,"당국2

"
당사자,"본인1
"
당선,"입선
"
당숙,"종숙

"
당초,"애당초, 애초
"
당해,"해당

"
닿소리,"자음
"
대,"줏대

"
대,"세대1

"
대가,"거장

"
대가,"대금2

"
대강대강,"대충대충

"
대검,"대검찰청

"
대검찰청,"대검2

"
대궐,"궁2, 궁궐, 궁전, 궁정, 전각

"
대금,"대가2

"
대꾸,"말대꾸

"
대낮,"백주

"
대단원,"대미1

"
대담,"대화

"
대답,"답

"
대대손손,"자손만대, 자자손손

"
대두,"콩

"
대략적,"개략적2

"
대로,"신작로, 큰길
"
대리인,"대리자

"
대리자,"대리인

"
대립,"대치2

"
대만,"타이완

"
대미,"대단원

"
대변인,"대변자

"
대변자,"대변인

"
대부,"거부1

"
대사,"큰일1

"
대사,"큰일2

"
대상,"거상

"
대시,"말바꿈표, 줄표

"
대우,"대접2

"
대인,"성인1, 어른
"
대자보,"벽보

"
대장,"큰창자
"
대장부,"남아, 장부
"
대적,"대도1

"
대접,"대우

"
대중가요,"가요

"
대중목욕탕,"공중목욕탕

"
대체,"교체

"
대치,"대립

"
대통령제,"대통령 중심제
"
대표,"대표자

"
대표자,"대표

"
대풍,"대풍년

"
대풍년,"대풍
"
대필,"자필

"
대학,"단과 대학

"
대학자,"석학

"
대한민국,"한국

"
대화,"대담2

"
더듬이,"촉각1

"
더운물,"온수
"
더하기,"플러스
"
덕,"덕분, 덕택

"
덕,"공덕

"
덕분,"덕, 덕택

"
덕택,"덕분

"
덜미,"목덜미

"
덧셈,"가산1
"
덩굴,"넝쿨

"
덩어리,"덩이

"
덩이,"덩어리

"
덩치,"몸집, 체구

"
덮개,"뚜껑

"
데모,"시위2

"
데모대,"시위대

"
데생,"소묘

"
데스크톱,"데스크톱 컴퓨터

"
데이터,"자료

"
도공,"옹기장이

"
도깨비시장,"도떼기시장

"
도달,"당도

"
도둑,"도적

"
도둑질,"도적질

"
도떼기시장,"도깨비시장

"
도래,"전래

"
도로,"길1

"
도륙,"도살
"
도망,"도주

"
도박,"노름

"
도박꾼,"노름꾼

"
도박장,"노름판, 도박판

"
도박판,"노름판, 도박장

"
도보,"보행

"
도사,"도인

"
도산,"파산

"
도살,"도륙

"
도색,"색칠

"
도서,"책, 서적, 서책, 책자

"
도시,"도회, 도회지

"
도시민,"도시인

"
도시인,"도시민

"
도움말,"조언

"
도인,"도사

"
도장,"인장

"
도적,"도둑

"
도적질,"도둑질

"
도정,"노정

"
도제,"제자

"
도주,"도망

"
도중,"중도1
"
도착순,"선착순

"
도처,"곳곳, 여기저기

"
도합,"합계

"
도회,"도시, 도회지

"
도회지,"도회, 도시

"
독,"독약

"
독,"독기

"
독감,"유행성 감기, 인플루엔자

"
독기,"독2

"
독뱀,"독사

"
독사,"독뱀

"
독약,"독2
"
독어,"독일어

"
독일어,"독어

"
독자,"외아들

"
독재,"독재 정치

"
독점,"독차지

"
독차지,"독점

"
돈,"화폐, 금전

"
돈가스,"포크커틀릿

"
돋보기,"돋보기안경

"
돋보기,"확대경

"
돋보기안경,"돋보기

"
돌,"석재

"
돌,"바둑돌

"
돌개바람,"회오리바람

"
돌계단,"돌층계

"
돌대가리,"돌머리

"
돌림,"돌림병, 유행병

"
돌림,"항렬

"
돌림병,"돌림, 유행병

"
돌머리,"돌대가리

"
돌부처,"석불

"
돌산,"석산

"
돌층계,"돌계단

"
돌탑,"석탑

"
돌팔매,"돌팔매질

"
돌팔매질,"돌팔매

"
동,"동녘, 동쪽

"
동,"동사무소

"
동,"구리

"
동감,"공감

"
동갑,"동년

"
동계,"겨울철
"
동공,"눈동자

"
동기,"형제
"
동기,"동기생

"
동기생,"동기2, 동창생

"
동남,"동남쪽
"
동남아,"동남아시아

"
동남아시아,"동남아

"
동남쪽,"동남

"
동남풍,"남동풍

"
동네,"마을

"
동년,"동갑

"
동녘,"동1, 동쪽
"
동력선,"모터보트

"
동류,"동종

"
동리,"마을

"
동면,"겨울잠

"
동무,"벗, 친구

"
동문,"동창

"
동문회,"동창회

"
동반,"동행

"
동백,"동백나무

"
동백나무,"동백

"
동복,"겨울옷
"
동북,"동북쪽
"
동북방,"동북쪽

"
동북쪽,"동북, 동북방

"
동사무소,"동 주민 센터, 동2

"
동성애,"동성연애
"
동성애자,"동성연애자, 호모

"
동성연애,"동성애

"
동성연애자,"동성애자

"
동우회,"클럽
"
동음어,"동음이의어

"
동음이의어,"동음어

"
동의,"이의2

"
동자승,"동승

"
동정남,"숫총각, 총각

"
동정녀,"숫처녀, 처녀

"
동종,"동류

"
동쪽,"동1, 동녘, 동방1
"
동창,"동문1, 동학1

"
동창,"동창생

"
동창생,"동기생, 동창

"
동창회,"동문회

"
동풍,"봄바람, 춘풍

"
동학,"동창, 동문1
"
동행,"동반

"
동행,"길동무

"
동향,"경향, 흐름

"
동화집,"동화책

"
동화책,"동화집

"
돛단배,"범선

"
돼지기름,"돼지비계

"
돼지비계,"돼지기름

"
된소리,"경음
"
두뇌,"뇌

"
두뇌,"머리

"
두둑,"두렁, 이랑1

"
두렁,"두둑, 이랑1

"
두령,"두목, 수령3

"
두루미,"학

"
두말,"군말, 군소리

"
두메,"두메산골, 벽지1

"
두메산골,"두메

"
두목,"두령, 수령3

"
두발,"머리, 머리털

"
두엄,"퇴비

"
두통거리,"골칫거리

"
둔부,"엉덩이, 히프

"
둔치,"고수부지

"
둥우리,"보금자리

"
둥지,"보금자리

"
뒤꽁무니,"꽁무니

"
뒤꿈치,"발꿈치, 발뒤꿈치

"
뒤꿈치,"발꿈치, 발끝, 발뒤꿈치, 발아래

"
뒤뜰,"뒷마당
"
뒤쪽,"후방
"
뒤치다꺼리,"뒷바라지, 치다꺼리

"
뒤통수,"뒷골, 뒷머리

"
뒷골,"뒤통수, 뒷머리

"
뒷날,"후일, 훗날

"
뒷마당,"뒤뜰
"
뒷말,"뒷소리

"
뒷머리,"뒷골, 뒤통수
"
뒷면,"이면2, 후면
"
뒷무릎,"오금

"
뒷문,"후문
"
뒷바라지,"뒤치다꺼리, 치다꺼리

"
뒷받침,"지원1

"
뒷사람,"후임자
"
뒷설거지,"설거지

"
뒷소리,"뒷말

"
뒷일,"후사2

"
뒷조사,"내사

"
드라이,"드라이클리닝

"
드라이어,"헤어드라이어

"
드라이어,"건조기2

"
드라이클리닝,"드라이

"
드럼,"드럼통

"
드럼통,"드럼

"
들고양이,"살쾡이

"
들꽃,"야생화

"
들나물,"야채

"
등걸,"나뭇등걸
"
등골,"척추, 척추뼈

"
등극,"즉위

"
등급,"등위

"
등기,"등기 우편

"
등목,"등물, 목물

"
등물,"등목, 목물

"
등불,"등잔불

"
등성이,"산등, 산등성이

"
등위,"등급

"
등잔불,"등불

"
디스크,"음반, 판3

"
디스플레이,"전시1, 진열

"
디저트,"후식

"
따귀,"뺨따귀

"
딴마음,"타의

"
딴말,"딴소리

"
딴말,"딴소리

"
딴소리,"딴말

"
딴소리,"딴말

"
딴전,"딴청

"
딴청,"딴전

"
딸,"여식
"
땀,"바늘땀

"
땅,"육지

"
땅값,"지가

"
땅거미,"황혼

"
땅굴,"토굴

"
땅덩어리,"땅덩이

"
땅덩이,"땅덩어리

"
땅딸보,"땅딸이

"
땅딸이,"땅딸보

"
땅바닥,"지면1, 지상1

"
때,"계절

"
땔나무,"나무

"
땜,"땜질

"
땜,"땜질

"
땜,"땜질

"
땜장이,"용접공

"
땜질,"땜1
본말 때움질

"
땜질,"땜1
본말 때움질

"
땜질,"땜1
본말 때움질

"
땡볕,"뙤약볕

"
떠돌이,"방랑자

"
떼,"억지

"
뙤약볕,"땡볕

"
뚜껑,"덮개
"
뚱뚱보,"뚱뚱이, 뚱보
"
뚱뚱이,"뚱뚱보, 뚱보
"
뚱보,"뚱뚱이, 뚱뚱보
"
뜀박질,"뜀질

"
뜀박질,"달음박질, 달음질, 뜀질

"
뜀질,"뜀박질

"
뜀질,"달음박질, 달음질, 뜀박질

"
뜬소문,"낭설, 유언비어

"
뜻,"의도, 의사1, 의지2, 의향

"
뜻,"의미, 의의

"
뜻글자,"표의 문자

"
뜻밖,"의외

"
라인,"선4

"
램프,"남포, 남포등

"
럭비,"럭비 풋볼

"
레이다,"레이더

"
레이더,"레이다

"
레일,"철길, 철도, 철로

"
레코드,"레코드판

"
레코드판,"레코드

"
렌즈,"콘택트렌즈

"
로봇,"인조인간

"
로봇,"꼭두각시, 바지저고리, 허수아비

"
루주,"립스틱

"
리그,"리그전

"
리그전,"리그
"
리스트,"목록

"
리얼리즘,"사실주의

"
리콜,"리콜제

"
리콜제,"리콜

"
리포트,"보고서, 보고2

"
리프트,"승강기, 엘리베이터

"
립스틱,"루주

"
마,"마귀, 악마

"
마감,"기한

"
마귀,"마1

"
마귀,"사탄

"
마디,"소절

"
마름질,"재단2

"
마마,"천연두

"
마무리,"결론, 맺음말

"
마법,"마술, 요술

"
마사지,"안마

"
마수,"마수걸이

"
마수걸이,"개시1, 마수1
"
마술,"마법, 요술

"
마스크,"가면, 탈1

"
마스크,"방독면

"
마을,"동네, 동리, 촌1, 촌락
"
마음보,"심보
"
마음속,"가슴속, 심중, 염두, 의중
"
마음씨,"심정
"
마이너스,"음극, 음2
"
마이너스,"빼기
"
마이너스,"음2
"
마이신,"항생제

"
마침표,"온점, 종지부

"
마후라,"머플러
"
막걸리,"탁주

"
막노동,"막일
"
막일,"막노동
"
막후,"배후

"
만개,"만발

"
만국,"만방2

"
만기,"말기

"
만날,"맨날

"
만년,"노년, 늘그막

"
만대,"만세1

"
만물,"만유

"
만발,"만개

"
만방,"만국

"
만삭,"만월

"
만세,"만대

"
만수,"장수2

"
만신,"온몸, 일신, 혼신, 전신1

"
만약,"만일1

"
만월,"보름달

"
만월,"만삭

"
만유,"만물

"
만인,"뭇사람

"
만일,"만약1

"
만추,"늦가을

"
만화방,"만홧가게

"
만홧가게,"만화방

"
맏딸,"장녀, 큰딸
"
맏며느리,"큰며느리
"
맏상제,"상주2

"
맏손자,"장손

"
맏아들,"장남, 장자, 큰아들
"
맏이,"첫째1
"
맏형,"큰형

"
말,"소리

"
말기,"만기
"
말꼬리,"말끝

"
말끝,"말꼬리

"
말놀이,"말장난

"
말다툼,"말싸움, 설전, 언쟁, 입씨름

"
말단,"말미2

"
말대꾸,"대꾸
"
말동무,"말벗

"
말라리아,"학질

"
말미,"말단

"
말바꿈표,"대시, 줄표

"
말벗,"말동무

"
말솜씨,"구변, 말재주, 말주변, 언변, 화술

"
말싸움,"말다툼

"
말장난,"말놀이

"
말재주,"구변, 말솜씨, 말주변, 언변, 화술

"
말주변,"구변, 말솜씨, 말재주, 언변, 화술

"
말초적,"지엽적1

"
말투,"어투
"
망령,"노망

"
망발,"망언

"
망언,"망발

"
망울,"꽃망울

"
맞돈,"현찰, 현금

"
맞은쪽,"맞은편

"
맞은편,"맞은쪽

"
맞춤법,"정서법, 철자법

"
매,"송골매

"
매개물,"매개체

"
매개체,"매개물

"
매너리즘,"타성

"
매년,"매해1

"
매니저,"관리인, 지배인

"
매달,"매월1

"
매상,"판매액, 매상액

"
매상액,"판매액, 매상

"
매식,"외식

"
매월,"매달1

"
매음,"매춘

"
매일,"일일2

"
매일반,"매한가지
"
매춘,"매음

"
매춘부,"창녀

"
매트,"매트리스

"
매트리스,"매트

"
매표구,"매표창구

"
매표창구,"매표구

"
매한가지,"매일반

"
매해,"매년1

"
매형,"자형
"
맥,"맥락

"
맥,"광맥

"
맥,"맥박

"
맥락,"맥

"
맥박,"맥

"
맨눈,"육안

"
맨몸,"나신, 나체, 알몸

"
맨손,"백수1
"
맨손,"빈손

"
맵시,"태

"
맹공,"맹공격

"
맹공격,"맹공

"
맹아,"움, 새싹

"
맺음말,"결론, 마무리

"
머리,"두뇌

"
머리,"두발, 머리털

"
머리글자,"이니셜

"
머리기사,"톱2

"
머리꼭지,"정수리

"
머리빗,"빗

"
머리털,"두발, 머리

"
머플러,"마후라

"
먹,"먹물
"
먹구름,"먹장구름

"
먹물,"먹

"
먹성,"식성

"
먹장구름,"먹구름

"
먼젓번,"지난번

"
멍청이,"멍텅구리

"
멍텅구리,"멍청이

"
메뉴,"메뉴판, 차림표

"
메뉴판,"메뉴

"
메모리,"기억 장치

"
메아리,"산울림

"
메일,"전자 우편, 이메일

"
면,"국수

"
면도,"면도칼

"
면도칼,"면도

"
면모,"면목

"
면목,"면모

"
면목,"낯

"
면상,"용모

"
면식,"안면2

"
면접,"면접시험

"
면접시험,"면접
"
멸균,"살균

"
명,"목숨

"
명,"운명1, 명운

"
명,"명령

"
명가,"명문2

"
명가,"명인, 명수1

"
명년,"내년

"
명도,"밝기
"
명란,"명란젓

"
명란젓,"명란

"
명령,"명3

"
명목,"명분, 명색

"
명문,"명가

"
명물,"명산물

"
명분,"명목, 명색, 이름

"
명산물,"명물

"
명색,"명목, 명분

"
명세,"내역

"
명세서,"내역서

"
명수,"명가, 명인

"
명승,"경승

"
명승,"명승지

"
명승지,"명승

"
명예,"이름

"
명예퇴직,"명퇴
"
명운,"명2, 운명1

"
명운,"명2, 운명1

"
명의,"이름

"
명인,"명가, 명수1

"
명일,"내일1

"
명작,"걸작

"
명절,"명절날

"
명절날,"명절

"
명주실,"견사

"
명찰,"이름표

"
명퇴,"명예퇴직

"
명필,"명필가

"
명필가,"명필

"
모국어,"모어

"
모내기,"모심기

"
모심기,"모내기

"
모어,"모국어

"
모음,"홀소리
"
모조,"모조품

"
모조품,"모조

"
모종삽,"꽃삽

"
모터,"전동기

"
모터보트,"동력선

"
모티브,"모티프
"
모티프,"모티브

"
모포,"담요

"
모피,"털가죽

"
목,"목구멍

"
목공,"목수

"
목구멍,"목1

"
목덜미,"덜미

"
목돈,"뭉칫돈
"
목례,"눈인사

"
목록,"리스트

"
목물,"등목, 등물

"
목수,"목공

"
목숨,"명2

"
목욕탕,"욕탕

"
목전,"눈앞

"
목전,"눈앞

"
목청,"성대

"
목초,"초목

"
목초,"꼴2

"
몬순,"계절풍

"
몰두,"골몰
"
몰매,"뭇매

"
몰아,"무아

"
몰염치,"무염치
"
몸단장,"몸치장, 몸차림

"
몸무게,"체중

"
몸보신,"보신2

"
몸집,"덩치, 체구

"
몸차림,"몸단장, 몸치장

"
몸치장,"몸단장, 몸차림

"
못자리,"묘판

"
몽고,"몽골

"
몽골,"몽고

"
묘법,"묘책

"
묘비,"비4

"
묘소,"산소1

"
묘지,"무덤

"
묘책,"묘법

"
묘판,"못자리

"
무게,"중량

"
무고,"무사2

"
무궁,"무극

"
무극,"무궁

"
무기,"병기

"
무늬,"문양

"
무덤,"묘지
"
무명지,"약손가락

"
무사,"무고

"
무술,"무예

"
무심결,"무심중

"
무심중,"무심결

"
무아,"몰아

"
무아경,"무아지경

"
무아지경,"무아경

"
무언극,"팬터마임

"
무염치,"몰염치

"
무예,"무술

"
무용,"유용1

"
묵념,"묵도

"
묵도,"묵념

"
묶음표,"괄호

"
문고,"서고

"
문고,"문고본

"
문고본,"문고

"
문구,"글귀

"
문구,"문방구

"
문구점,"문방구

"
문기둥,"문설주

"
문단,"문학계

"
문맹,"까막눈, 까막눈이, 눈뜬장님

"
문명국,"문명국가

"
문명국가,"문명국

"
문방구,"문구2

"
문방구,"문구점

"
문벌,"가문

"
문병,"병문안

"
문상,"조문2

"
문상객,"조문객

"
문설주,"문기둥

"
문양,"무늬

"
문어,"글말
"
문어,"글말, 문자 언어
"
문장,"문장가

"
문재,"글재주

"
문책,"힐문

"
문패,"명패

"
문하,"문하생

"
문하생,"문하

"
문학가,"문학인

"
문학계,"문단2

"
문학인,"문학가

"
문헌학,"서지학

"
물갈퀴,"오리발

"
물감,"그림물감

"
물거품,"수포1

"
물거품,"수포1

"
물건,"상품2

"
물고기,"고기1

"
물기,"수분1

"
물길,"뱃길

"
물길,"수로

"
물렁뼈,"연골

"
물리,"물리학

"
물리학,"물리

"
물색,"물빛

"
물안경,"수경

"
물음표,"의문 부호

"
물티슈,"물휴지

"
물풀,"수초

"
물휴지,"물티슈

"
뭇매,"몰매

"
뭇사람,"만인

"
뭉칫돈,"목돈
"
미개인,"야만인
"
미개지,"미개척지

"
미개척지,"미개지

"
미결,"미결수

"
미결수,"미결

"
미궁,"미로

"
미궁,"미로

"
미끼,"낚싯밥

"
미네랄,"광물질

"
미녀,"미인
"
미들급,"중량급1

"
미래,"앞날
"
미로,"미궁

"
미로,"미궁

"
미수,"미수금

"
미수금,"미수1

"
미스터리,"추리 소설

"
미싱,"재봉틀

"
미완,"미완성

"
미완성,"미완
"
미용실,"미장원

"
미인,"미녀

"
미장원,"미용실

"
미치광이,"광인

"
미풍,"산들바람

"
민가,"여염집
"
민물,"단물, 담수
"
민심,"인심

"
민주,"민주주의

"
민주주의,"민주

"
밀림,"정글

"
밀월여행,"신혼여행

"
밑,"밑바닥

"
밑구멍,"밑

"
밑동,"밑

"
밑바닥,"기저, 밑

"
밑바닥,"기저

"
바,"스탠드바

"
바깥,"노천, 한데2, 밖

"
바느질,"침선

"
바느질감,"바느질거리

"
바느질거리,"바느질감

"
바늘구멍,"귀1, 바늘귀

"
바늘귀,"귀1, 바늘구멍

"
바늘땀,"땀2

"
바늘방석,"가시방석

"
바닷가,"해변, 해변가, 해안, 해안가

"
바닷길,"해로1

"
바닷물,"해수
"
바닷바람,"해풍

"
바둑돌,"돌2, 바둑알

"
바둑알,"바둑돌

"
바람개비,"팔랑개비

"
바람막이,"방풍

"
바른손,"오른손

"
바른쪽,"오른쪽, 바른편, 오른편, 우3, 우측, 우편1

"
바른편,"바른쪽, 오른편, 오른쪽, 우3, 우측, 우편1

"
바바리,"바바리코트

"
바바리코트,"바바리

"
바벨,"역기

"
바자,"바자회

"
바자회,"바자

"
바지저고리,"꼭두각시, 로봇, 허수아비

"
바퀴,"바퀴벌레

"
바퀴벌레,"바퀴2

"
바탕,"근간3, 근본

"
바통,"배턴

"
박대,"냉대1, 푸대접, 한대
"
박명,"단명

"
박빙,"살얼음

"
박스,"상자

"
박스,"상자

"
박스,"칸

"
박테리아,"균, 세균

"
밖,"노천, 바깥, 한데2

"
반군,"반란군

"
반기,"밥그릇

"
반대말,"반의어

"
반디,"개똥벌레, 반딧불, 반딧불이

"
반딧불,"개똥벌레, 반디, 반딧불이

"
반딧불이,"개똥벌레, 반디, 반딧불

"
반란군,"반군

"
반박,"논박

"
반생,"반평생

"
반소매,"반팔
"
반어,"아이러니

"
반전,"역전1

"
반절,"절반

"
반찬,"밥반찬, 찬

"
반찬거리,"찬거리

"
반팔,"반소매
"
반평생,"반생

"
반포,"공고2, 공시, 공포1

"
받침소리,"끝소리, 종성

"
발걸음,"걸음

"
발광체,"광원

"
발굽,"굽

"
발급,"발부

"
발길질,"발질

"
발꿈치,"뒤꿈치, 발뒤꿈치

"
발꿈치,"뒤꿈치, 발끝, 발뒤꿈치, 발아래

"
발끝,"뒤꿈치, 발꿈치, 발뒤꿈치, 발아래

"
발뒤꿈치,"뒤꿈치, 발꿈치

"
발뒤꿈치,"뒤꿈치, 발꿈치, 발끝, 발아래

"
발매,"판매

"
발버둥,"발버둥질

"
발버둥,"발버둥질

"
발버둥질,"발버둥

"
발버둥질,"발버둥

"
발부,"발급

"
발상지,"발원지

"
발송,"우송

"
발신,"송신

"
발신인,"발신자
"
발신자,"발신인
"
발아래,"뒤꿈치, 발꿈치, 발끝, 발뒤꿈치

"
발안,"발의

"
발원,"발원지

"
발원,"발원지

"
발원지,"발원1

"
발원지,"발상지, 발원1

"
발의,"발안

"
발자국,"자국1

"
발자취,"족적

"
발자취,"족적

"
발질,"발길질

"
발행인,"발행자, 펴낸이

"
발행인,"발행자
"
발행자,"발행인, 펴낸이

"
발행자,"발행인

"
발화,"점화

"
밝기,"광도

"
밝기,"명도

"
밤낮,"주야

"
밤샘,"철야
본말 밤새움

"
밤참,"야식

"
밥,"식사
"
밥그릇,"반기3

"
밥맛,"식욕, 입맛

"
밥반찬,"반찬

"
밥숟가락,"밥술
"
밥숟가락,"밥술
"
밥술,"밥숟가락

"
밥술,"밥숟가락

"
밥알,"밥풀

"
밥주걱,"주걱

"
밥주발,"주발
"
밥풀,"밥알

"
방관,"방치, 좌시

"
방구들,"온돌

"
방독면,"마스크

"
방랑자,"떠돌이

"
방문객,"방문자

"
방문자,"방문객

"
방사,"성교

"
방송망,"네트워크

"
방심,"부주의

"
방안,"방책

"
방앗간,"정미소, 제분소

"
방어진,"수비진

"
방언,"사투리
"
방책,"방안

"
방치,"방관, 좌시

"
방풍,"바람막이

"
방한,"내한

"
방해,"장애, 저해

"
방해물,"장애물

"
배,"선박

"
배,"갑절, 곱, 곱절

"
배,"곱, 곱절

"
배금주의,"황금만능주의

"
배달부,"배달원

"
배달원,"배달부

"
배분,"분배

"
배앓이,"복통

"
배앓이,"복통

"
배턴,"바통

"
배후,"막후

"
백모,"큰어머니
"
백묵,"분필

"
백부,"큰아버지
"
백색,"흰색
"
백수,"맨손

"
백정,"칼잡이

"
백조,"고니

"
백주,"대낮

"
백중,"난형난제, 백중지세

"
백중날,"백중

"
백중지세,"난형난제, 백중

"
백지,"백지상태

"
백지,"백지상태

"
백지,"백지상태

"
백지,"백지상태

"
백지상태,"백지

"
백지상태,"백지

"
백지상태,"백지

"
백지상태,"백지

"
백지장,"종잇장

"
뱀장어,"장어

"
뱃길,"물길
"
뱃사공,"사공

"
버그,"오류

"
버릇,"습관

"
번갯불,"전광

"
벌과금,"벌금

"
벌과금,"벌금

"
벌금,"벌과금

"
벌금,"벌과금
"
벌꿀,"꿀

"
벌목공,"벌목꾼

"
벌목꾼,"벌목공

"
벌통,"꿀통

"
범,"호랑이

"
범띠,"호랑이띠

"
범례,"일러두기

"
범부,"속인, 범인1

"
범선,"돛단배

"
범인,"범부, 속인

"
법,"법률

"
법률,"법1

"
법률안,"법안

"
법안,"법률안

"
벗,"동무, 친구

"
베,"삼베

"
벨트,"허리띠

"
벼,"나락1

"
벼락부자,"졸부

"
벼슬아치,"관리1, 관헌

"
벽보,"대자보

"
벽지,"두메
"
변경,"변방

"
변고,"탈2

"
변방,"변경1

"
변상,"변제

"
변상,"배상2

"
변소,"측간
"
변제,"변상

"
변천,"변화

"
변태,"탈바꿈

"
변화,"변천

"
별말,"별소리
"
별말,"별소리
"
별명,"별호
"
별세계,"별천지

"
별소리,"별말

"
별소리,"별말

"
별자리,"성좌

"
별천지,"별세계

"
별호,"호2

"
별호,"별명

"
볏짚,"짚

"
병간호,"병구완

"
병구완,"병간호

"
병균,"병원균

"
병기,"무기

"
병문안,"문병

"
병법,"전술

"
병사,"군사1, 병졸

"
병사,"군사2

"
병상,"병석

"
병석,"병상

"
병원균,"병균

"
병인,"병자, 환자

"
병자,"병인, 환자

"
병졸,"군사1, 병사1

"
병합,"합병

"
볕,"햇볕

"
보고,"보고서, 리포트

"
보고서,"보고2, 리포트

"
보금자리,"둥우리, 둥지

"
보기,"본보기, 본1

"
보너스,"상여금

"
보도,"인도2

"
보라,"보랏빛, 보라색

"
보라색,"보랏빛, 보라

"
보랏빛,"보라, 보라색

"
보류,"유보

"
보름,"보름날

"
보름날,"보름

"
보름달,"만월
"
보릿고개,"춘궁기

"
보물,"보화

"
보복,"앙갚음

"
보상금,"배상금

"
보신,"몸보신

"
보안경,"보호안경

"
보육원,"고아원

"
보좌,"옥좌

"
보통,"통상2

"
보통내기,"여간내기

"
보편,"일반
"
보편성,"일반성

"
보편적,"일반적1

"
보편화,"일반화

"
보행,"도보

"
보호안경,"보안경

"
보화,"보물

"
복더위,"삼복더위

"
복덩어리,"복덩이

"
복덩이,"복덩어리

"
복도,"골마루

"
복리,"복지

"
복사,"카피

"
복사뼈,"복숭아뼈

"
복숭아뼈,"복사뼈

"
복싱,"권투

"
복장,"옷차림

"
복지,"복리1

"
복통,"배앓이

"
복판,"중심
"
본,"본보기, 보기

"
본거지,"근거지

"
본국,"자국2
"
본디,"본래1, 본시1, 원래1

"
본딧말,"본말1
"
본뜻,"본심, 본의

"
본래,"본디1, 본시1, 원래1

"
본말,"본딧말

"
본말,"시종1

"
본명,"실명2
"
본문,"원문

"
본문,"원문

"
본바닥,"본바탕

"
본바탕,"본바닥, 본체
"
본보기,"표상

"
본보기,"보기, 본1

"
본봉,"기본급

"
본시,"본디1, 본래1, 원래1

"
본심,"본뜻, 본의

"
본심,"본의

"
본업,"본직, 주업
"
본원,"연원

"
본의,"본뜻, 본심

"
본의,"본심

"
본인,"당사자

"
본적,"본적지, 원적

"
본적지,"본적, 원적

"
본전,"원금
"
본직,"본업

"
본체,"본바탕

"
본토박이,"토박이, 토종

"
본회,"본회의

"
본회의,"본회

"
볼륨,"성량

"
볼모,"인질

"
볼모,"인질

"
볼일,"용건, 용무

"
볼트,"수나사
"
봄꽃,"춘화1

"
봄바람,"동풍, 춘풍

"
봉,"봉황, 봉황새

"
봉건,"봉건 제도

"
봉오리,"꽃봉오리

"
봉우리,"산봉우리
"
봉합선,"솔기

"
봉황,"봉2, 봉황새

"
봉황새,"봉2, 봉황

"
부끄러움,"수치1
"
부녀,"부녀자

"
부녀자,"부녀2
"
부대,"포, 포대

"
부동산,"복덕방

"
부모,"양친, 어버이
"
부문,"분야, 영역, 경지
"
부부,"내외2

"
부부간,"내외간, 내외지간, 부부지간

"
부부지간,"내외간, 부부간, 부부지간

"
부속,"부속품

"
부속품,"부속

"
부엌,"주방

"
부의금,"조위금, 조의금
"
부임지,"임지

"
부자,"자산가, 재산가

"
부자간,"부자지간

"
부자지간,"부자간

"
부조리,"비리

"
부주의,"방심
"
부착,"장착

"
부처,"불상
"
부침,"부침개
"
부침개,"부침1, 지짐이

"
부평초,"개구리밥

"
부하,"수하

"
부형,"학부형

"
북,"북쪽

"
북녘,"북쪽
"
북동,"북동쪽

"
북동쪽,"북동

"
북미,"북아메리카

"
북방,"북쪽
"
북상,"북진
"
북서,"북서쪽

"
북서쪽,"북서

"
북서풍,"서북풍

"
북아메리카,"북미

"
북진,"북상

"
북쪽,"북2, 북녘, 북방, 북측
"
북쪽,"북측
"
북측,"북쪽

"
북측,"북쪽
"
북한,"이북
"
분,"가루, 분말

"
분가루,"분2

"
분담,"분임
"
분만,"해산1, 출산

"
분말,"가루, 분2

"
분배,"배분

"
분실물,"유실물

"
분야,"부문, 영역, 경지

"
분임,"분담
"
분전,"분투

"
분진,"티끌

"
분투,"분전

"
분파,"지류

"
분필,"백묵

"
분홍,"분홍빛, 분홍색, 핑크

"
분홍빛,"분홍, 분홍색, 핑크

"
분홍색,"분홍, 분홍빛, 핑크

"
불,"화재

"
불경기,"불황
"
불공평,"공평

"
불구자,"장애인, 장애자

"
불국사,"경주 불국사

"
불기,"불기운, 화기1

"
불기운,"불기, 화기1

"
불덩어리,"불덩이

"
불덩어리,"불덩이

"
불덩어리,"불덩이

"
불덩이,"불덩어리

"
불덩이,"불덩어리

"
불덩이,"불덩어리

"
불란서,"프랑스

"
불량자,"어깨

"
불륜,"패륜

"
불만,"불만족

"
불만족,"불만
"
불문법,"불문율
"
불문율,"불문법

"
불사신,"불사조

"
불사조,"불사신

"
불승,"승4, 중1

"
불알,"고환

"
불어,"프랑스어

"
불입금,"납부금

"
불입액,"납부금

"
불자동차,"소방차

"
불참,"불참석

"
불참석,"불참

"
불합격,"낙제
"
불합리,"비합리
"
불황,"불경기
"
붉은빛,"붉은색, 홍, 홍색

"
붉은색,"붉은빛, 홍, 홍색

"
브랜드,"상표

"
비,"빗자루

"
비,"비례

"
비,"비석

"
비결,"기술1, 노하우, 비법

"
비례,"비3

"
비리,"부조리
"
비방,"비법

"
비법,"기술1, 노하우, 비결, 비방1

"
비석,"비4

"
비소설,"논픽션

"
비속어,"속어

"
비옷,"우의2

"
비즈니스,"사업

"
비탄,"통탄

"
비탈길,"경사로

"
비판,"비평, 평론

"
비평,"비판, 평론

"
비평가,"평론가

"
비합리,"불합리

"
빈곤,"곤궁

"
빈민,"영세민

"
빈방,"공방3

"
빈손,"맨손
"
빈손,"맨손
"
빈자리,"공석2

"
빈자리,"공석2
"
빈칸,"공란

"
빈혈,"빈혈증

"
빈혈증,"빈혈

"
빗,"머리빗

"
빗금,"사선2

"
빗속,"우중

"
빗자루,"비2

"
빛,"광2

"
빛깔,"색깔, 색채
"
빛살,"광선

"
빡빡머리,"까까머리, 중머리

"
빨간불,"적신호
"
빨간불,"적신호
"
빨랫비누,"세탁비누

"
빨치산,"공비2

"
빼기,"마이너스
"
뺄셈,"감산2
"
뺨따귀,"따귀

"
뼈,"골3

"
뼈,"뼈대

"
뼈,"뼈대

"
뼈대,"뼈

"
뼈대,"뼈

"
뼈마디,"관절

"
뼛속,"골수, 골3

"
뼛속,"골수

"
사,"죽음
"
사각,"네모, 사각형

"
사각형,"네모, 사각2

"
사거리,"네거리

"
사계,"사계절, 사철

"
사계절,"사계, 사철

"
사공,"뱃사공

"
사관,"역사관

"
사글세,"월세

"
사글세,"월세방

"
사냥,"수렵

"
사념,"사려, 정념

"
사돈댁,"안사돈

"
사동,"사역

"
사람,"인간

"
사람,"인간

"
사려,"사념

"
사립대,"사립 대학
"
사무원,"사무직원

"
사무직원,"사무원

"
사복,"평복

"
사비,"자비1
"
사상,"역사상

"
사생,"생사

"
사선,"빗금

"
사슬,"쇠사슬, 체인

"
사실,"정말1, 참말1

"
사실,"정말1, 참말1

"
사실,"정말1, 참말1

"
사실주의,"리얼리즘

"
사양,"낙조, 석양

"
사업,"비즈니스
"
사업가,"사업자

"
사업자,"사업가

"
사역,"사동

"
사원,"회사원

"
사유,"연고2

"
사임,"사직2
"
사정,"곡절1

"
사직,"사임

"
사진기,"카메라

"
사진첩,"앨범

"
사찰,"절1

"
사철,"사계, 사계절

"
사체,"송장1, 시체, 주검

"
사탄,"마귀, 악마

"
사탕,"캔디

"
사투리,"방언
"
사학,"역사, 역사학

"
사환,"급사2

"
사회,"사회자

"
사회자,"사회1

"
산간,"산골

"
산골,"산간

"
산골,"산골짜기

"
산골짜기,"산골
"
산꼭대기,"산정1, 절정, 정상3

"
산나물,"산채

"
산동네,"달동네

"
산들바람,"미풍2
큰말 선들바람

"
산등,"등성이, 산등성이

"
산등성이,"등성이, 산등
"
산물,"소산

"
산물,"소산

"
산보,"산책

"
산봉우리,"봉우리1
"
산소,"묘소

"
산속,"산중

"
산신,"산신령

"
산신령,"산신

"
산울림,"메아리

"
산정,"산꼭대기, 절정, 정상3

"
산중,"산속

"
산채,"산나물

"
산책,"산보

"
산타,"산타클로스

"
산타클로스,"산타

"
산하,"산천

"
살,"살코기

"
살,"화살

"
살균,"멸균
"
살덩어리,"살덩이

"
살덩어리,"살덩이

"
살덩이,"살덩어리

"
살덩이,"살덩어리

"
살림,"살림살이

"
살림,"살림살이

"
살림,"살림살이

"
살림살이,"살림

"
살림살이,"살림

"
살림살이,"살림

"
살붙이,"피붙이
"
살빛,"살색

"
살색,"살빛

"
살얼음,"박빙

"
살인,"살해

"
살인범,"살해범

"
살충제,"구충제

"
살코기,"살1

"
살쾡이,"들고양이

"
살해,"살인

"
살해범,"살인범

"
삶,"생
"
삼각,"삼각형

"
삼각형,"삼각, 세모, 세모꼴

"
삼베,"베

"
삼복더위,"복더위
"
삼자,"제삼자

"
삽시간,"순간, 순식간, 일순간, 찰나
"
상가,"상갓집, 초상집

"
상갓집,"상가3, 초상집

"
상담원,"카운슬러

"
상대방,"상대편

"
상대편,"상대방

"
상록수,"늘푸른나무
"
상말,"상소리, 속어

"
상반신,"상체, 윗몸
"
상사,"상관1

"
상석,"윗자리
"
상석,"윗자리
"
상소,"상소문

"
상소리,"상말

"
상소문,"상소1

"
상속인,"상속자

"
상속자,"상속인

"
상수,"상수도
"
상수도,"상수
"
상순,"초순
"
상승세,"오름세
"
상시,"항시1

"
상시,"평상2, 평상시, 평소, 평시, 평일

"
상아색,"아이보리

"
상여금,"보너스

"
상의,"웃통, 윗도리, 윗옷
"
상자,"박스
"
상자,"박스

"
상주,"맏상제

"
상체,"상반신, 윗몸
"
상층,"위층
"
상표,"브랜드

"
상품,"물건

"
상하,"위아래

"
상호,"서로1

"
상황,"정세2, 형세

"
상흔,"흉터

"
새달,"내달

"
새말,"신어

"
새봄,"신춘

"
새살,"생살

"
새색시,"각시, 색시
"
새신랑,"신랑
"
새싹,"움, 맹아2

"
새해,"신년
"
새해맞이,"설맞이

"
색,"여색

"
색깔,"빛깔, 색채

"
색시,"각시, 새색시

"
색싯감,"신붓감

"
색인,"찾아보기

"
색조,"톤1

"
색조,"색채

"
색종이,"색지

"
색지,"색종이

"
색채,"빛깔, 색깔

"
색채,"색조

"
색칠,"도색2

"
샘,"시새움, 질투

"
샘,"샘터

"
샘터,"샘터

"
생,"삶
"
생것,"날것

"
생계비,"생활비
"
생고기,"날고기

"
생리,"달거리, 월경

"
생리대,"패드

"
생모,"친어머니, 친모
"
생물,"생물체
"
생물,"생물학

"
생물체,"생물

"
생물학,"생물

"
생방,"생방송

"
생방송,"생방
"
생부,"친부, 친아버지, 계부, 양아버지, 의붓아버지
"
생부모,"친부모

"
생사,"사생

"
생산량,"생산액
"
생산액,"생산량
"
생살,"새살

"
생식기,"생식 기관

"
생업,"직업

"
생육,"생장

"
생장,"생육

"
생필품,"생활필수품

"
생활고,"생활난

"
생활난,"생활고

"
생활비,"생계비

"
생활필수품,"생필품

"
샹들리에,"펜던트

"
서,"서쪽

"
서고,"문고

"
서구인,"서양인

"
서기,"기원후

"
서남,"서남쪽
"
서남쪽,"서남

"
서녘,"서쪽
"
서당,"글방, 서재

"
서러움,"설움

"
서로,"상호1

"
서류철,"파일

"
서문,"머리말
"
서민,"평민

"
서방,"서쪽

"
서방,"서방 세계, 서방 정토

"
서북방,"서북쪽

"
서북쪽,"서북방

"
서북풍,"북서풍

"
서브,"서비스

"
서비스,"서브

"
서생,"유생

"
서술문,"평서문

"
서술어,"술어

"
서식,"폼

"
서신,"편지, 서찰, 서한

"
서실,"서재

"
서양,"구미2
"
서양식,"양식2
"
서양인,"서구인
"
서울,"도읍
"
서재,"서실

"
서재,"글방, 서당

"
서적,"책

"
서점,"책방

"
서지학,"문헌학

"
서쪽,"서4, 서녘, 서방1
"
서찰,"편지, 서신, 서한

"
서책,"책

"
서체,"글씨체, 필체

"
서체,"글씨체

"
서체,"글꼴, 글씨체

"
서치라이트,"탐조등

"
서커스,"곡마단

"
서한,"편지, 서신, 서찰

"
서해,"황해
"
석가,"석가모니

"
석가모니,"석가

"
석간,"석간신문
"
석간신문,"석간
"
석공,"석수

"
석불,"돌부처

"
석산,"돌산

"
석상,"돌상
"
석수,"석공

"
석식,"저녁, 저녁밥
"
석양,"낙조, 사양1

"
석재,"돌2
"
석탑,"돌탑

"
석학,"대학자

"
석화,"굴1

"
선,"라인

"
선견,"예견

"
선고,"언도

"
선대,"조상
"
선두,"앞장

"
선례,"전례

"
선민사상,"선민의식

"
선민사상,"선민의식

"
선민의식,"선민사상

"
선민의식,"선민사상

"
선박,"배2

"
선산,"선영

"
선수권,"타이틀

"
선언문,"선언서

"
선언서,"선언문

"
선영,"선산

"
선율,"가락2

"
선의,"호의
"
선인,"앞사람

"
선임,"전임1

"
선임,"고참

"
선입견,"선입관

"
선입관,"선입견

"
선착순,"도착순

"
설,"설날

"
설거지,"뒷설거지

"
설계도,"설계

"
설계도,"청사진

"
설날,"설1

"
설맞이,"새해맞이

"
설문,"앙케트

"
설사약,"지사제

"
설움,"서러움

"
설전,"말다툼

"
성,"성곽

"
성경,"성서

"
성곽,"성4

"
성교,"교합, 성행위, 방사
"
성대,"목청

"
성량,"볼륨
"
성명,"이름
"
성서,"성경

"
성쇠,"흥망

"
성심,"성의

"
성욕,"욕정

"
성원,"구성원

"
성의,"성심

"
성인,"어른, 대인1

"
성인,"성자

"
성자,"성인2

"
성장률,"경제 성장률

"
성좌,"별자리

"
성탄,"성탄절, 크리스마스

"
성탄절,"성탄, 크리스마스

"
성행위,"교합, 성교
"
세,"세력

"
세간,"가재도구

"
세계,"세상

"
세균,"균, 박테리아
"
세금,"조세

"
세대,"대9

"
세대,"가구1

"
세대,"가구1

"
세력,"세3

"
세면,"세수1, 세안

"
세면실,"세면장

"
세면장,"세면실

"
세모,"삼각형

"
세모꼴,"삼각형

"
세밑,"연말

"
세상,"세계

"
세상사,"세상일

"
세상일,"세상사

"
세수,"세면, 세안

"
세안,"세면, 세수1

"
세일즈맨,"외판원

"
세자,"왕세자

"
세자빈,"왕세자빈

"
세정,"세척

"
세제,"세척제

"
세척,"세정

"
세척제,"세제1

"
세탁비누,"빨랫비누

"
센서,"감지기

"
셈,"계산

"
소가족,"핵가족

"
소가죽,"쇠가죽

"
소감,"감상2

"
소개서,"소개장

"
소개소,"직업소개소

"
소개장,"소개서

"
소고,"작은북

"
소고기,"쇠고기

"
소금물,"식염수

"
소꼬리,"쇠꼬리

"
소나기,"소낙비

"
소나무,"솔2

"
소낙비,"소나기

"
소도구,"소품

"
소똥,"쇠똥

"
소리,"말1

"
소리글자,"표음 문자, 음성 문자

"
소망,"염원

"
소매,"옷소매, 팔소매

"
소매치기,"날치기

"
소묘,"데생

"
소방차,"불자동차

"
소비량,"소비액
"
소비액,"소비량
"
소뿔,"쇠뿔

"
소산,"산물

"
소산,"산물

"
소생,"갱생, 재생, 회생
"
소설,"소설책

"
소설책,"소설2

"
소송,"송사

"
소송장,"소장4

"
소아,"어린아이

"
소원,"희망, 원4

"
소유격,"관형격

"
소유자,"소유주
"
소유주,"소유자

"
소임,"구실1

"
소장,"작은창자
"
소장,"소송장

"
소재,"소재지

"
소재,"글감, 글거리

"
소재지,"소재1

"
소절,"마디

"
소제,"청소

"
소지,"새끼손가락

"
소지,"새끼발가락

"
소지인,"소지자

"
소지자,"소지인

"
소품,"소도구

"
소화기,"소화 기관

"
속,"속사정

"
속껍질,"내피
"
속내의,"내복, 내의

"
속내의,"속옷

"
속달,"속달 우편

"
속도,"스피드
"
속뜻,"속마음, 저의

"
속마음,"내심, 속뜻, 저의

"
속사정,"속, 이면2

"
속어,"비속어

"
속어,"상말

"
속옷,"내의, 속내의
"
속인,"범부, 범인1

"
손,"손가락

"
손,"객
"
손,"후손, 후예
"
손가락,"손1
"
손가방,"핸드백

"
손깍지,"깍지2

"
손도장,"지장2

"
손목,"팔목

"
손발,"수족

"
손발,"수족

"
손빨래,"손세탁

"
손세탁,"손빨래

"
손아귀,"수중1

"
손아래,"수하
"
손아랫사람,"아랫사람
"
손안,"수중1

"
손안,"수중1

"
손윗사람,"윗사람
"
손재간,"손재주

"
손재주,"손재간, 솜씨

"
손전등,"플래시, 회중전등

"
손풍금,"아코디언

"
솔,"소나무

"
솔기,"봉합선

"
솔바람,"송풍

"
솔숲,"송림

"
솜바지,"핫바지
"
솜씨,"손재주

"
솜저고리,"핫저고리
"
송골매,"매2

"
송림,"솔숲

"
송사,"소송

"
송신,"발신
"
송이버섯,"송이

"
송장,"사체, 시체, 주검

"
송풍,"솔바람

"
솥,"솥단지

"
솥단지,"솥

"
쇄신,"유신, 혁신

"
쇠가죽,"소가죽

"
쇠고기,"소고기

"
쇠고집,"옹고집, 황소고집

"
쇠꼬리,"소꼬리

"
쇠똥,"소똥

"
쇠락,"쇠퇴, 영락, 조락

"
쇠붙이,"금속

"
쇠뿔,"소뿔

"
쇠사슬,"사슬, 체인

"
쇠사슬,"사슬

"
쇠퇴,"쇠락

"
쇳소리,"금속성

"
쇼핑몰,"쇼핑센터

"
쇼핑센터,"쇼핑몰

"
수,"암1
"
수,"수명

"
수,"숫자
"
수건,"타월

"
수경,"물안경

"
수괴,"괴수2, 원흉

"
수꿩,"장끼
"
수나사,"볼트1
"
수도,"상수도

"
수도,"하수도

"
수도,"수도꼭지

"
수도꼭지,"수도1

"
수라장,"아수라장

"
수련의,"전공의
"
수렵,"사냥

"
수령,"두령, 두목

"
수령인,"수취인

"
수로,"물길

"
수리,"수선2

"
수명,"수7

"
수묵,"수묵화

"
수묵화,"수묵

"
수분,"물기
"
수비진,"방어진

"
수상,"영의정

"
수석,"수위3
"
수석,"수위3

"
수선,"수리3

"
수수료,"커미션
"
수순,"순서
"
수식,"장식, 치장

"
수식어,"수식언

"
수식언,"수식어
"
수신인,"수신자
"
수신자,"수신인
"
수양딸,"양녀, 양딸

"
수요일,"수5

"
수위,"수석2

"
수의,"죄수복

"
수장,"우두머리

"
수재,"수해

"
수재,"귀재

"
수정,"정정

"
수족,"손발

"
수족,"손발

"
수중,"손안

"
수중,"손아귀, 손안

"
수중,"물속

"
수증기,"증기

"
수채,"수채화
"
수채화,"수채
"
수초,"물풀

"
수취인,"수령인

"
수치,"부끄러움

"
수판,"주판

"
수평,"형평
"
수포,"물거품

"
수포,"물거품

"
수필,"에세이

"
수하,"손아래

"
수하,"부하2

"
수하물,"수화물

"
수해,"수재1

"
수화,"수화 언어

"
수화물,"수하물

"
수확고,"수확량
"
수확량,"수확고
"
숙망,"숙원2

"
숙면,"단잠

"
숙모,"작은어머니
"
숙부,"작은아버지
"
숙식,"침식3

"
숙어,"관용구, 관용어

"
숙원,"숙망

"
숙주,"숙주나물

"
숙주나물,"숙주1

"
순간,"삽시간, 순식간, 일순간, 찰나

"
순백,"순백색

"
순백색,"순백

"
순서,"수순

"
순수익,"순이익

"
순시,"순찰

"
순식간,"삽시간, 순간, 일순간, 찰나

"
순이익,"순수익, 순익
"
순익,"순이익

"
순찰,"순시

"
술기운,"취기2

"
술꾼,"주당

"
술버릇,"주벽

"
술상,"주안상

"
술수,"술책

"
술안주,"안주2

"
술어,"서술어

"
술자리,"술좌석

"
술잔,"잔

"
술좌석,"술자리

"
술주정뱅이,"주정뱅이

"
술집,"주점

"
술책,"술수

"
숫자,"수8

"
숫처녀,"동정녀, 처녀
"
숫총각,"동정남, 총각
"
슈퍼,"슈퍼마켓

"
슈퍼마켓,"슈퍼

"
스냅,"스냅 사진

"
스시,"초밥

"
스케치,"사생

"
스킨로션,"스킨로션

"
스탠드바,"바2

"
스토브,"난로

"
스파이,"간첩, 첩자

"
스페인,"에스파냐

"
스페인어,"에스파냐어

"
스포츠,"운동 경기

"
스포츠맨,"운동선수

"
스프링,"용수철

"
스피드,"속도

"
스피커,"확성기

"
슬기,"지혜

"
습관,"버릇

"
승,"곱셈

"
승,"불승, 중1

"
승강기,"리프트, 엘리베이터

"
승강장,"플랫폼

"
승계,"계승

"
승낙,"허가, 허락
"
승마,"기마

"
승부,"승패

"
승진,"영전1
"
승차권,"차표

"
승패,"승부

"
시,"시청1
"
시가,"시가지

"
시가,"시집1

"
시가지,"시가1

"
시각,"시간1

"
시간,"시각1

"
시계,"시야

"
시골,"촌1

"
시골,"촌1

"
시골뜨기,"촌뜨기

"
시골집,"촌가

"
시그널,"신호

"
시디,"콤팩트디스크

"
시력,"눈1

"
시말서,"전말서

"
시방,"지금1

"
시비,"잘잘못, 흑백

"
시새움,"샘1, 질투
"
시선,"눈길1

"
시선,"눈길1

"
시야,"시계2

"
시위,"활시위

"
시위,"데모

"
시위대,"데모대

"
시장,"장3

"
시장기,"공복감

"
시절,"계절

"
시점,"기점

"
시종,"본말2

"
시집,"시가3
"
시청,"시1

"
시체,"사체, 송장1, 주검

"
시쳇말,"요샛말, 유행어

"
시합,"게임

"
시험장,"고사장

"
식,"의식2
"
식견,"견식

"
식구,"가족

"
식당,"음식점

"
식대,"식비

"
식량,"양식6

"
식비,"식대

"
식사,"밥

"
식성,"먹성

"
식염수,"소금물

"
식욕,"밥맛, 입맛

"
식초,"초2

"
신,"신발

"
신,"신명

"
신검,"신체검사

"
신교,"개신교
"
신년,"새해

"
신대륙,"신세계

"
신도,"교도1, 신자

"
신랑,"새신랑
"
신령,"영3

"
신명,"신2

"
신문,"신문지

"
신문지,"신문2

"
신발,"신1

"
신발장,"신장1

"
신발짝,"신짝

"
신발짝,"신짝

"
신병,"초년병
"
신붓감,"색싯감
"
신생아,"갓난아기, 갓난아이, 갓난쟁이

"
신세계,"신대륙

"
신약,"신약 성경, 신약 성서
"
신어,"새말, 신조어

"
신열,"열4

"
신자,"교도1, 신도
"
신작로,"대로3, 큰길

"
신장,"신발장

"
신장,"키1

"
신장,"콩팥

"
신조어,"신어

"
신짝,"신발짝

"
신짝,"신발짝

"
신청인,"신청자

"
신청자,"신청인

"
신체,"육체

"
신체검사,"신검

"
신축성,"융통성

"
신춘,"새봄

"
신파,"신파극

"
신파극,"신파

"
신호,"시그널
"
신혼여행,"밀월여행

"
실각,"실족

"
실과,"과일, 과실1

"
실례,"결례, 실수

"
실리,"실익

"
실마리,"단서2, 단초

"
실망,"실의

"
실명,"본명
"
실속,"내실2

"
실수,"실례1, 결례

"
실시,"실행

"
실업,"실직
"
실의,"실망

"
실익,"실리

"
실족,"실각

"
실지,"현장, 현지

"
실직,"실업1
"
실책,"에러

"
실핏줄,"모세 혈관

"
실행,"실시

"
심리,"심리학

"
심리학,"심리

"
심보,"마음보

"
심상,"이미지

"
심술꾸러기,"심술쟁이

"
심술쟁이,"심술꾸러기

"
심장,"염통

"
심정,"마음씨

"
심중,"가슴속, 마음속, 염두, 의중

"
심포니,"교향곡

"
십자,"십자가

"
십자가,"십자

"
싸전,"쌀가게, 쌀집

"
싹,"싹수

"
싹수,"싹1

"
싹쓸이,"일소

"
싼값,"저가

"
쌀가게,"싸전, 쌀집

"
쌀집,"쌀가게, 싸전

"
쌍방,"양방

"
쌍수,"양손

"
쑥대밭,"쑥밭

"
쑥대밭,"쑥밭

"
쑥밭,"쑥대밭

"
쑥밭,"쑥대밭

"
쓰레기,"오물

"
쓰레기통,"휴지통

"
쓰임새,"용도

"
쓴웃음,"고소2

"
쓸개,"담4

"
씨뿌리기,"파종

"
아가씨,"미스2

"
아군,"우군
"
아기,"영아, 유아2, 젖먹이

"
아낙,"아낙네

"
아낙네,"아낙

"
아내,"처
"
아들아이,"아들자식
"
아들자식,"아들아이
"
아래옷,"아랫도리, 하의
"
아래위,"위아래

"
아래쪽,"아래편
"
아래층,"하층
"
아래편,"아래쪽

"
아랫도리,"아래옷, 하의
"
아랫목,"구들목
"
아랫사람,"손아랫사람
"
아부,"아첨

"
아수라장,"수라장

"
아이러니,"반어

"
아이보리,"상아색

"
아이스커피,"냉커피

"
아이스하키,"하키
"
아이큐,"지능 지수
"
아주높임,"극존칭
"
아첨,"아부

"
아침,"아침밥, 조반, 조식
"
아침밥,"아침, 조반, 조식
"
아침저녁,"조석

"
아코디언,"손풍금

"
아티스트,"예술가

"
악,"악질, 흉악
"
악당,"악한

"
악동,"개구쟁이, 장난꾸러기

"
악마,"사탄

"
악마,"마1

"
악몽,"흉몽

"
악질,"악3, 흉악

"
악한,"악당

"
안,"이내1

"
안,"안방

"
안,"안감

"
안,"안건

"
안감,"안1
"
안건,"안3

"
안구,"눈망울, 눈알

"
안내판,"게시판, 알림판

"
안도,"안심2

"
안마,"마사지

"
안면,"얼굴

"
안면,"면식

"
안방,"내실1

"
안사돈,"사돈댁
"
안색,"낯빛, 얼굴빛, 얼굴색

"
안심,"안도

"
안약,"눈약

"
안전띠,"안전벨트

"
안전벨트,"안전띠

"
안주,"술안주

"
안주인,"주부, 가정주부

"
안치실,"영안실

"
안타,"히트

"
안팎,"내외1

"
안팎,"내외1

"
알,"전구

"
알림장,"통지서

"
알림판,"게시판, 안내판

"
알몸,"나신, 나체, 맨몸

"
알밤,"꿀밤

"
알사탕,"눈깔사탕

"
알칼리성,"염기성
"
암꿩,"까투리
"
암나사,"너트
"
암행어사,"어사

"
암흑기,"암흑시대

"
암흑시대,"암흑기

"
앙갚음,"보복

"
앙케트,"설문

"
앙코르,"재청

"
앞길,"앞날, 전도2

"
앞날,"앞길, 전도2

"
앞뒤,"전후

"
앞뒤,"전후

"
앞뜰,"앞마당
"
앞마당,"앞뜰
"
앞면,"전면2
"
앞바다,"근해
"
앞사람,"선인1
"
앞사람,"전임자
"
앞잡이,"주구

"
앞장,"선두

"
앞쪽,"전면2, 전방
"
앞치마,"행주치마

"
애국심,"조국애

"
애당초,"애초, 당초
"
애벌레,"유충

"
애인,"연인

"
애초,"당초, 애당초
"
애환,"희비

"
앨범,"사진첩

"
앰뷸런스,"구급차

"
야만,"미개
"
야만인,"미개인
"
야생화,"들꽃

"
야식,"밤참

"
야자,"야자나무, 야자수

"
야자나무,"야자, 야자수

"
야자수,"야자나무

"
야채,"들나물, 채소

"
야합,"간음, 내통, 통정

"
약,"약품

"
약,"건전지

"
약국,"약방

"
약물,"약수2

"
약발,"약효

"
약밥,"약식2

"
약방,"약국

"
약손가락,"약지, 무명지

"
약수,"약물

"
약식,"약밥

"
약어,"약자2

"
약자,"약어

"
약주,"청주

"
약지,"약손가락

"
약탈,"겁탈

"
약품,"약2

"
약혼,"정혼, 혼약

"
약효,"약발

"
양,"신자

"
양,"양극2
"
양,"플러스
"
양극,"양극단

"
양극,"플러스, 양4
"
양극단,"양극1

"
양녀,"수양딸, 양딸

"
양딸,"수양딸, 양녀

"
양력,"태양력
"
양모,"양털

"
양모,"양어머니
"
양방,"쌍방

"
양부,"양아버지
"
양분,"영양분, 자양분

"
양성,"육성2

"
양손,"쌍수

"
양송이,"양송이버섯

"
양송이버섯,"양송이

"
양식,"서양식

"
양식,"식량

"
양아들,"양자2

"
양아버지,"양부
"
양어머니,"양모2
"
양옥,"양옥집
"
양옥집,"양옥
"
양자,"양아들

"
양잠,"누에치기

"
양쪽,"양측

"
양측,"양쪽

"
양치질,"칫솔질

"
양친,"부모, 어버이

"
양털,"양모1

"
양해,"이해2

"
얘깃거리,"이야깃거리

"
어깨,"불량자

"
어류,"어족1

"
어른,"대인1, 성인1

"
어린아이,"소아
"
어명,"왕명

"
어민,"어부

"
어버이,"부모, 양친

"
어부,"고기잡이, 어민

"
어사,"암행어사

"
어선,"고기잡이배, 고깃배

"
어이,"어처구니

"
어저께,"어제1

"
어제,"어저께1
"
어젯밤,"전야

"
어조,"억양

"
어족,"어류

"
어지럼증,"현기증

"
어처구니,"어이1

"
어촌,"갯마을

"
어투,"말투

"
어학,"언어학
"
어획고,"어획량

"
어획량,"어획고

"
억양,"어조

"
억지,"떼2

"
언도,"선고

"
언변,"구변, 말솜씨, 말재주, 말주변, 화술
"
언어학,"어학
"
언쟁,"말다툼

"
언저리,"주변2

"
얼결,"얼떨결

"
얼굴,"안면2

"
얼굴빛,"낯빛, 안색, 얼굴색

"
얼굴빛,"얼굴색

"
얼굴색,"낯빛, 안색, 얼굴빛

"
얼굴색,"얼굴빛

"
얼떨결,"얼결

"
엄동,"한겨울

"
업,"직업
"
엉덩이,"둔부, 히프
"
에고이즘,"이기주의

"
에러,"오류

"
에세이,"수필

"
에스파냐,"스페인

"
에스파냐어,"스페인어

"
에어컨,"에어컨디셔너

"
에어컨디셔너,"에어컨

"
에이즈,"후천 면역 결핍증

"
엑스레이,"엑스선

"
엑스선,"엑스레이

"
엑스트라,"단역

"
엔지니어링,"공학1

"
엘리베이터,"승강기, 리프트

"
여,"여자
"
여간내기,"보통내기

"
여걸,"여장부

"
여권,"패스, 패스포트

"
여기저기,"곳곳, 도처, 이곳저곳
작은말 요기조기

"
여론,"공론1
"
여름옷,"하복
"
여름철,"하계2
"
여백,"공란, 공백

"
여분,"나머지

"
여성,"여4
"
여식,"딸

"
여아,"여자아이
"
여염집,"민가

"
여우,"여배우
"
여자,"여4
"
여자아이,"여아
"
여장부,"여걸

"
역,"역할

"
역,"철도역

"
역기,"바벨

"
역사,"사학, 역사학

"
역사관,"사관

"
역사상,"사상1

"
역사학,"사학, 역사

"
역설,"패러독스

"
역술가,"점쟁이

"
역작,"노작

"
역전,"반전

"
역할,"역1

"
연,"연분

"
연,"연분

"
연고,"사유2

"
연골,"물렁뼈

"
연관,"관련

"
연관성,"관련성

"
연두,"정초

"
연두,"연두색, 연둣빛

"
연두색,"연두2, 연둣빛

"
연둣빛,"연두2, 연두색

"
연등,"연등회

"
연등회,"연등

"
연령,"나이

"
연령층,"나이층

"
연륜,"나이테

"
연리,"연이율

"
연마,"단련

"
연말,"세밑
"
연보라,"연보라색

"
연보라,"연보랏빛

"
연보라색,"연보라, 연보랏빛

"
연보랏빛,"연보라, 연보라색

"
연봉,"주급
"
연분,"연3

"
연분,"연3

"
연분홍,"연분홍색

"
연분홍,"연분홍빛

"
연분홍빛,"연분홍, 연분홍색

"
연분홍색,"연분홍, 연분홍빛

"
연사,"강사1

"
연서,"연애편지

"
연시,"홍시

"
연애편지,"연서2

"
연원,"본원

"
연이율,"연리

"
연인,"애인

"
연작,"연작2

"
연작,"연작1

"
연출자,"프로듀서, 피디

"
열,"신열

"
열녀,"열부2

"
열량,"칼로리1

"
열부,"열녀

"
열쇠,"키4

"
염기성,"알칼리성
"
염두,"가슴속, 마음속, 심중, 의중

"
염원,"소망
"
염통,"심장

"
엽서,"우편엽서

"
영,"공4, 제로

"
영,"신령

"
영,"영혼

"
영공,"영해

"
영광,"광영

"
영구성,"항구성

"
영구적,"항구적1

"
영구차,"장의차

"
영락,"조락

"
영락,"쇠락, 조락

"
영세민,"빈민

"
영아,"아기, 유아2, 젖먹이

"
영안실,"안치실

"
영양분,"양분2, 자양분

"
영역,"경지, 부문, 분야

"
영의정,"수상3

"
영전,"승진
"
영혼,"혼령, 영3

"
옆면,"측면

"
예,"예식

"
예,"예법

"
예견,"선견

"
예년,"평년

"
예법,"예절
"
예사,"예삿일

"
예삿일,"예사

"
예술가,"아티스트

"
예식,"예6

"
예식,"결혼식, 혼례, 혼례식, 혼인식

"
예절,"예법
"
옛날이야기,"고담2, 옛이야기

"
옛말,"고어

"
옛이야기,"고담2, 옛날이야기

"
오금,"뒷무릎

"
오누이,"남매

"
오늘,"금일

"
오늘,"오늘날

"
오늘날,"오늘1

"
오동,"오동나무

"
오동나무,"오동

"
오류,"에러

"
오류,"버그

"
오른손,"바른손
"
오른쪽,"바른쪽, 바른편, 오른편, 우3, 우측, 우편1
"
오른팔,"우완
"
오른편,"바른쪽, 바른편, 오른쪽, 우3, 우측, 우편1
"
오름세,"상승세
"
오리발,"물갈퀴

"
오만,"교만

"
오물,"쓰레기

"
오밤중,"한밤중, 한밤

"
오수,"낮잠

"
오수,"구정물

"
오심,"오판

"
오케스트라,"관현악단

"
오판,"오심

"
오페라,"가극

"
오해,"곡해

"
오후,"하오
"
옥,"감옥
"
옥살이,"감옥살이

"
옥살이,"감옥살이

"
옥수수,"강냉이

"
옥좌,"왕좌, 보좌2

"
온난화,"지구 온난화

"
온돌,"방구들
"
온돌,"온돌방

"
온돌방,"온돌

"
온몸,"만신, 일신, 혼신, 전신1

"
온수,"더운물
"
온점,"마침표, 종지부

"
온종일,"종일1, 진종일1

"
올드미스,"노처녀

"
올림말,"표제어

"
올해,"금년, 당년
"
옷,"의복
"
옷깃,"깃2

"
옷깃,"깃2
"
옷소매,"소매1, 팔소매

"
옷차림,"복장

"
옹고집,"쇠고집, 황소고집
"
옹기장이,"도공

"
옻,"옻칠

"
옻칠,"옻

"
옻칠,"칠1

"
완구,"장난감
"
완력,"폭력

"
완치,"전치

"
완행,"완행버스
"
완행,"완행열차
"
완행버스,"완행
"
완행열차,"완행
"
왈가왈부,"가타부타

"
왕,"군왕, 군주, 왕자2, 임금1, 주군

"
왕가,"왕실, 왕족

"
왕래,"내왕

"
왕래,"내왕

"
왕명,"어명

"
왕비,"왕후
"
왕세자,"세자
"
왕세자빈,"세자빈

"
왕실,"왕가, 왕족

"
왕위,"보위

"
왕자,"군왕, 군주, 왕, 임금1, 주군

"
왕정,"군주 정치

"
왕족,"왕가, 왕실

"
왕좌,"옥좌

"
왕후,"왕비

"
외가,"외갓집
"
외갓집,"외가
"
외견상,"외관상

"
외경,"경외

"
외계인,"우주인

"
외관,"겉보기

"
외관상,"외견상

"
외국,"이국, 타국
"
외국인,"외인, 이방인
"
외국제,"외제, 외제품
"
외래어,"차용어
"
외면,"겉면, 표면

"
외삼촌,"외숙
"
외숙,"외삼촌

"
외숙부,"외삼촌

"
외식,"매식

"
외아들,"독자1
"
외야,"외야수
"
외야수,"외야
"
외양,"겉모양

"
외인,"외국인

"
외제,"외국제, 외제품

"
외제품,"외국제, 외제

"
외조모,"외할머니

"
외조부,"외할아버지

"
외줄,"단선

"
외지,"타지, 타지방

"
외톨박이,"외톨이

"
외톨이,"외톨박이

"
외투,"겉옷
"
외판원,"세일즈맨

"
외피,"겉껍질
"
외할머니,"외조모
"
외할아버지,"외조부
"
외환,"외국환 어음

"
왼쪽,"왼편, 좌, 좌측, 좌편
"
왼팔,"좌완
"
왼편,"왼쪽, 좌, 좌편, 좌측
"
요금소,"톨게이트

"
요다음,"차후
큰말 이다음
"
요리,"조리3

"
요리법,"조리법

"
요리사,"조리사

"
요만치,"요만큼1
큰말 이만치1
"
요만큼,"요만치1
큰말 이만큼1
"
요법,"치료법

"
요사이,"금일, 근간2
"
요샛말,"시쳇말, 유행어

"
요술,"마법, 마술

"
요양소,"요양원

"
요양원,"요양소

"
요점,"급소, 요체

"
요즈음,"작금
큰말 이즈음
"
요체,"급소, 요점

"
요충,"요충지

"
요충지,"요충

"
욕,"욕설

"
욕설,"욕

"
욕심꾸러기,"욕심쟁이

"
욕심쟁이,"욕심꾸러기

"
욕정,"성욕

"
욕탕,"목욕탕

"
용건,"볼일

"
용기,"그릇

"
용도,"쓰임새

"
용모,"면상2

"
용무,"볼일

"
용수철,"스프링

"
용접공,"땜장이

"
우,"바른쪽, 바른편, 오른쪽, 오른편, 우측, 우편1
"
우,"우익
"
우군,"아군
"
우대,"후대1

"
우두머리,"수장2

"
우레,"천둥

"
우롱,"조롱
"
우리,"축사1

"
우방,"우방국

"
우방국,"우방

"
우세,"우월
"
우송,"발송

"
우스갯말,"우스갯소리

"
우스갯소리,"우스갯말

"
우승자,"챔피언

"
우애,"우의1, 우정

"
우여곡절,"곡절1

"
우완,"오른팔
"
우월,"우세

"
우유병,"젖병

"
우의,"우애, 우정

"
우의,"비옷

"
우익,"우3
"
우정,"우애, 우의1

"
우주인,"외계인

"
우중,"빗속

"
우체부,"우편배달부, 우편집배원, 집배원

"
우측,"바른쪽, 바른편, 오른쪽, 오른편, 우3, 우편1
"
우편,"바른쪽, 바른편, 오른쪽, 오른편, 우3, 우측
"
우편,"우편물

"
우편물,"우편2

"
우편배달부,"우체부, 우편집배원, 집배원

"
우편엽서,"엽서

"
우편집배원,"우체부, 우편배달부, 집배원

"
우환,"질병, 질환

"
운,"운수

"
운동모,"운동모자

"
운동모자,"운동모

"
운동복,"체육복

"
운동선수,"스포츠맨

"
운명,"명2, 명운

"
운명,"명2, 명운

"
운송,"통운

"
운송료,"운송비, 운임

"
운송비,"운송료, 운임

"
운수,"운1

"
운임,"운송료, 운송비

"
운전기사,"기사1

"
울화병,"화병1

"
움,"새싹, 맹아2

"
움막,"움막집

"
움막집,"움막

"
웃돈,"프리미엄
"
웃음바다,"울음바다

"
웃통,"상의1, 윗옷, 윗도리

"
원,"소원

"
원거리,"장거리
"
원고,"초고

"
원고료,"고료

"
원군,"구원병, 지원군

"
원금,"본전
"
원둘레,"원주

"
원래,"본디1, 본래1, 본시1

"
원문,"본문

"
원서,"원전1
"
원수,"국가수반, 국가 원수

"
원앙,"원앙새

"
원앙새,"원앙

"
원인,"이유
"
원작자,"원저자

"
원저자,"원작자
"
원적,"본적, 본적지

"
원전,"원서1

"
원조,"시조1

"
원조,"시조1

"
원조,"시조1

"
원주,"원둘레

"
원판,"초판2
"
원한,"한2

"
원형,"기본형

"
원흉,"괴수2, 수괴

"
월간,"월간지
"
월간지,"월간1
"
월경,"달거리, 생리

"
월광,"달빛

"
월동,"겨우살이, 겨울나기

"
월색,"달빛

"
월세,"사글세
"
월세,"월세방
"
월세방,"사글세, 월세

"
월수,"월수입
"
월수입,"월수

"
위,"위장2

"
위배,"위반

"
위성,"인공위성

"
위아래,"아래위

"
위아래,"상하

"
위염,"위장염

"
위인전,"위인전기

"
위인전기,"위인전

"
위장,"위3

"
위장염,"위염

"
위층,"상층
"
윗도리,"상의1, 웃통, 윗옷
"
윗동네,"윗마을

"
윗마을,"윗동네

"
윗몸,"상반신, 상체

"
윗사람,"손윗사람
"
윗옷,"상의1, 웃통, 윗도리
"
윗자리,"상석1
"
윗자리,"상석1
"
유가족,"유족

"
유격대,"게릴라

"
유공자,"공로자

"
유급,"낙제

"
유기농,"유기 농업

"
유니폼,"제복

"
유두,"젖꼭지

"
유람객,"놀이꾼

"
유래,"내력

"
유례,"전례

"
유리잔,"글라스

"
유물,"유품

"
유방,"젖

"
유배,"귀양

"
유배지,"귀양지

"
유보,"보류

"
유분,"기름기
"
유생,"서생

"
유신,"쇄신, 혁신

"
유실물,"분실물

"
유아,"어린아이

"
유아,"아기, 영아, 젖먹이

"
유언비어,"낭설, 뜬소문

"
유엔,"국제 연합

"
유원지,"놀이공원, 놀이동산

"
유적,"고적, 고적지
"
유전자,"유전 인자

"
유족,"유가족

"
유채,"유화1
"
유충,"애벌레
"
유치,"젖니

"
유토피아,"이상향

"
유품,"유물

"
유행병,"돌림, 돌림병

"
유행어,"시쳇말, 요샛말

"
유화,"유채1
"
유희,"놀이

"
육상,"육상 경기

"
육성,"양성3

"
육신,"육체

"
육안,"맨눈

"
육지,"땅

"
육체,"신체, 육신

"
육촌,"재종

"
육필,"자필, 친필

"
윤,"윤기

"
윤기,"윤

"
융단,"카펫

"
융성,"흥성

"
융통성,"신축성

"
으뜸,"제일2

"
은거,"퇴거

"
은빛,"은색

"
은색,"은빛

"
은팔찌,"수갑

"
은하,"은하수

"
은하수,"은하

"
음,"마이너스, 음극
"
음,"마이너스
"
음극,"마이너스, 음2
"
음담,"음담패설

"
음담패설,"음담

"
음란,"외설

"
음력,"태음력
"
음료,"음료수

"
음료수,"음용수

"
음모,"거웃

"
음반,"디스크, 판3

"
음부,"치부1
"
음식,"음식물

"
음식물,"음식

"
음식점,"식당

"
음악회,"콘서트

"
음영,"그늘

"
음용수,"음료수

"
음지,"응달
"
읍,"읍내

"
읍내,"읍

"
응달,"음지

"
응석,"어리광

"
응시,"주시

"
의결,"결의2

"
의기,"기상2

"
의논,"논의

"
의도,"뜻, 의향, 의사1, 의지2

"
의례,"의식2

"
의무,"책무

"
의문 부호,"물음표

"
의미,"의의

"
의미,"뜻, 의의

"
의복,"옷
"
의붓아버지,"계부
"
의붓어머니,"계모
"
의사,"뜻, 의도, 의향

"
의상,"옷

"
의식,"의례, 식1

"
의아,"의혹

"
의외,"뜻밖

"
의의,"의미

"
의의,"뜻, 의미

"
의자,"걸상

"
의중,"가슴속, 마음속, 심중, 염두

"
의지,"뜻, 의도, 의사1, 의향

"
의향,"뜻, 의도, 의사1, 의지2

"
의혹,"의아

"
이곳저곳,"여기저기

"
이국,"외국, 이방, 타국

"
이기주의,"에고이즘
"
이남,"남한
"
이내,"안1
"
이니셜,"머리글자

"
이다음,"향후
작은말 요다음
"
이다음,"나중
"
이등병,"이병

"
이랑,"두둑, 두렁
"
이름,"명1

"
이름,"성명1

"
이름,"명의1

"
이름,"명예

"
이름,"명분

"
이름표,"명패, 명찰1

"
이리,"늑대

"
이만치,"이만큼1
작은말 요만치1
"
이만큼,"이만치1
작은말 요만큼1
"
이메일,"전자 우편, 메일

"
이면,"뒷면

"
이면,"속, 속사정
"
이명,"귀울림

"
이문,"이윤, 이익금

"
이물,"이물질

"
이물질,"이물

"
이미지,"심상2

"
이방,"이국

"
이방인,"외국인

"
이번,"금번, 이참
작은말 요번

"
이병,"이등병

"
이부자리,"자리2

"
이북,"북한
"
이상향,"유토피아

"
이성론,"합리주의
"
이순신,"충무공 이순신

"
이슈,"쟁점

"
이슬람교,"회교

"
이야깃거리,"토픽, 화제
"
이어달리기,"계주

"
이왕,"기왕1

"
이왕지사,"기왕지사

"
이유,"원인
"
이윤,"이문, 이익금

"
이윤,"이익

"
이율,"이자율

"
이익,"이윤

"
이익금,"이문, 이윤

"
이자율,"이율

"
이재민,"난민

"
이적,"기적

"
이전번,"지난번
작은말 요전번

"
이종,"이종사촌
"
이종사촌,"이종
"
이참,"이번

"
이탈리아,"이태리

"
이탈리아어,"이태리어

"
이태리,"이탈리아

"
이태리어,"이탈리아어

"
이퇴계,"이황

"
이파리,"잎사귀

"
이해,"양해

"
익살,"개그

"
인가,"인허

"
인간,"사람

"
인간,"사람

"
인공,"인위
"
인공위성,"위성

"
인근,"근린, 근방, 근처

"
인덕,"인복

"
인도,"보도1

"
인도주의,"휴머니즘

"
인복,"인덕

"
인산,"인해

"
인생,"인생살이

"
인생살이,"인생

"
인습,"답습

"
인심,"민심

"
인연,"연고2

"
인위,"인공
"
인장,"도장3

"
인조인간,"로봇

"
인지,"검지, 집게손가락

"
인질,"볼모

"
인질,"볼모

"
인플레,"인플레이션

"
인플레이션,"인플레

"
인플루엔자,"독감, 유행성 감기

"
인해,"인산

"
인허,"인가2

"
일가,"한집, 한집안

"
일간지,"일간 신문

"
일감,"일거리

"
일거리,"일감

"
일거수일투족,"일거일동

"
일거양득,"일석이조

"
일거일동,"일거수일투족

"
일광,"햇빛

"
일급,"일당2
"
일기,"날씨

"
일등병,"일병

"
일러두기,"범례1

"
일몰,"해넘이
"
일반,"보편

"
일반성,"보편성

"
일반적,"보편적1
"
일반적,"보편적1
"
일반화,"보편화

"
일병,"일등병

"
일본어,"일어

"
일부,"일부분

"
일부분,"일부

"
일생,"평생

"
일석이조,"일거양득

"
일선,"제일선

"
일선,"제일선, 최전방, 최전선

"
일소,"싹쓸이

"
일손,"손1

"
일순,"일순간

"
일순간,"삽시간, 순간, 순식간, 일순, 찰나

"
일시,"한시1

"
일시,"한때1

"
일신,"온몸, 전신1, 만신, 혼신

"
일어,"일본어

"
일용,"날품

"
일일,"하루

"
일자,"날수

"
일자,"날1, 날짜

"
일자,"날짜

"
일자리,"직장

"
일출,"해돋이
"
일터,"작업장

"
일터,"직장

"
일편,"한편1

"
일평생,"한평생1

"
임금,"군왕, 군주, 왕, 왕자2, 주군
"
임부,"임신부
"
임신,"잉태
"
임신부,"임부
"
임의,"자의2

"
임종,"종신

"
임지,"부임지

"
입,"입술

"
입대,"입영
"
입말,"구어
"
입말,"구어, 음성 언어
"
입맛,"구미1, 밥맛, 식욕

"
입맞춤,"키스

"
입맞춤,"키스

"
입법부,"입법 기관

"
입선,"당선

"
입술,"입

"
입시,"입학시험

"
입신양명,"입신출세

"
입신출세,"입신양명

"
입씨름,"말다툼

"
입영,"입대

"
입학시험,"입시

"
입후보,"입후보자

"
입후보자,"입후보

"
잉태,"임신
"
잎사귀,"이파리

"
자,"글자

"
자갈돌,"자갈

"
자결,"자살, 자해

"
자국,"발자국

"
자국,"본국

"
자급,"자족

"
자동판매기,"자판기

"
자락,"곡조

"
자리,"자릿수

"
자리,"이부자리

"
자리,"잠자리1

"
자릿수,"자리1

"
자모,"낱자

"
자부,"자신2

"
자비,"사비
"
자산가,"재산가, 부자2

"
자살,"자결, 자해
"
자서전,"자전1

"
자석,"지남철

"
자손,"후손, 후예

"
자손만대,"대대손손, 자자손손

"
자신,"자부

"
자애,"자비2

"
자양분,"양분2, 영양분

"
자연재해,"천재2

"
자음,"닿소리
"
자의,"임의

"
자자손손,"대대손손, 자손만대

"
자장면,"짜장면

"
자전,"자서전

"
자족,"자급

"
자주색,"자줏빛

"
자줏빛,"자주색

"
자찬,"자칭, 자화자찬

"
자취,"흔적

"
자치제,"지방 자치, 지방 자치 제도

"
자칭,"자찬, 자화자찬

"
자판,"키보드

"
자판기,"자동판매기

"
자필,"육필, 친필
"
자해,"자결, 자살

"
자형,"매형

"
자화자찬,"자찬, 자칭

"
작금,"요즈음

"
작년,"전년, 지난해

"
작문,"글짓기

"
작물,"농작물

"
작업장,"일터

"
작은마누라,"첩1

"
작은북,"소고2
"
작은아버지,"숙부
"
작은어머니,"숙모
"
작은창자,"소장1
"
작자,"지은이

"
작자,"제작자

"
잔,"술잔

"
잔금,"잔액, 잔돈2

"
잔돈,"잔금2, 잔액

"
잔돈,"거스름돈

"
잔류,"잔존

"
잔말,"잔소리

"
잔소리,"잔말

"
잔액,"잔금2, 잔돈2
"
잔존,"잔류

"
잘잘못,"시비1, 흑백

"
잠꾸러기,"잠보

"
잠바,"점퍼

"
잠보,"잠꾸러기

"
잠언,"경구

"
잠자리,"자리2

"
잡귀,"잡신

"
잡소리,"잡음

"
잡신,"잡귀

"
잡음,"잡소리

"
잡지,"잡지책

"
잡지책,"잡지

"
잡초,"잡풀

"
잡풀,"잡초

"
장,"시장2

"
장,"창자

"
장,"간장1

"
장거리,"원거리
"
장기,"장기간
"
장기간,"장기2
"
장끼,"수꿩
"
장난감,"완구
"
장난꾸러기,"개구쟁이, 악동

"
장남,"맏아들, 장자, 큰아들

"
장녀,"맏딸, 큰딸

"
장단,"장단점

"
장단점,"장단2

"
장래,"전도2

"
장롱,"농2

"
장부,"남아, 대장부

"
장손,"맏손자

"
장수,"상인
"
장수,"만수1

"
장수,"매수1

"
장식,"수식1, 치장

"
장애,"방해, 저해

"
장애물,"방해물

"
장애인,"불구자, 장애자

"
장애자,"불구자, 장애인

"
장어,"뱀장어

"
장음,"긴소리
"
장의차,"영구차

"
장자,"맏아들, 장남, 큰아들

"
장지,"가운뎃손가락, 중지2

"
장착,"부착

"
장판,"장판지

"
장판지,"장판

"
장편,"장편 소설
"
재가,"개가1

"
재가,"결재

"
재계,"경제계

"
재고,"재고품

"
재고품,"재고2

"
재구성,"재조직, 재편성

"
재단,"마름질

"
재력가,"재산가

"
재봉틀,"미싱

"
재산가,"부자2, 자산가, 재력가

"
재생,"갱생, 소생, 회생

"
재선,"재선거

"
재선거,"재선

"
재심,"재심사

"
재심사,"재심

"
재조직,"재구성, 재편성

"
재종,"육촌

"
재청,"앙코르

"
재판,"원판1
"
재편,"재편성

"
재편성,"재구성, 재조직, 재편

"
재화,"재물

"
잿빛,"회색빛, 회색

"
쟁점,"이슈

"
저가,"싼값
"
저개발국,"개발 도상국

"
저금리,"저리3
"
저금통장,"예금 통장

"
저녁,"석식, 저녁밥
"
저녁녘,"저녁때

"
저녁때,"저녁녘
"
저녁밥,"석식, 저녁
"
저당,"대적2

"
저리,"저금리
"
저만치,"저만큼1
작은말 조만치1
"
저만치,"저만큼1

"
저만큼,"저만치1
작은말 조만큼1
"
저만큼,"저만치1

"
저번,"지난번

"
저세상,"저승
"
저술,"저작

"
저승,"저세상
"
저의,"속뜻, 속마음

"
저작,"저술

"
저장,"갈무리

"
저지,"저지대
"
저지대,"저지1
"
저해,"방해, 장애

"
적기,"적시
"
적발,"적출

"
적법,"합법
"
적시,"적기3
"
적신호,"빨간불
"
적신호,"빨간불
"
적임,"적임자
"
적임자,"적임
"
적출,"적발

"
전각,"궁2, 궁궐, 궁전, 궁정, 대궐

"
전공,"전공과목

"
전공과목,"전공1

"
전공의,"수련의
"
전광,"번갯불

"
전구,"알1

"
전국,"거국

"
전기,"전반기
"
전기료,"전기세, 전기 요금

"
전기세,"전기료, 전기 요금

"
전깃불,"전등불

"
전깃줄,"전선2

"
전년,"작년, 지난해

"
전달,"지난달, 전월

"
전답,"논밭

"
전도,"앞날

"
전도,"장래

"
전동기,"모터

"
전등불,"전깃불

"
전래,"도래2

"
전령,"전명

"
전령,"전명

"
전례,"선례, 유례

"
전말서,"시말서

"
전망,"조망

"
전면,"앞면
"
전면,"앞쪽

"
전명,"전령

"
전명,"전령

"
전몰,"전사1

"
전무,"전무 이사

"
전문대,"전문 대학

"
전반기,"전기2
"
전방,"앞쪽
"
전번,"지난번

"
전범,"전범자

"
전범자,"전범2

"
전봇대,"전선주, 전신주

"
전부,"모두1

"
전분,"녹말, 녹말가루

"
전사,"전몰

"
전선,"전깃줄

"
전선주,"전봇대, 전신주

"
전세가,"전셋값, 전세금, 전셋돈

"
전세금,"전셋돈, 전세가, 전셋값

"
전셋값,"전세가, 전세금, 전셋돈

"
전셋돈,"전세가, 전셋값, 전세금

"
전술,"병법

"
전신,"온몸, 일신, 만신, 혼신

"
전신주,"전봇대, 전선주

"
전야,"어젯밤

"
전월,"지난달, 전달1

"
전임,"선임1
"
전임자,"앞사람
"
전자,"지난번

"
전장,"전쟁터

"
전쟁터,"전장

"
전조,"징조

"
전조등,"헤드라이트

"
전주,"지난주

"
전직,"이직

"
전치,"완치

"
전화,"전화기

"
전화기,"전화

"
전회,"지난번

"
전후,"앞뒤

"
전후,"앞뒤

"
절,"사찰1

"
절교,"단교

"
절기,"철1

"
절반,"반절2

"
절정,"산꼭대기, 정상3

"
절정,"정점, 정상3
"
점거,"점령

"
점거,"점령

"
점괘,"괘

"
점령,"점거

"
점령,"점거

"
점심,"점심밥
"
점심,"점심때

"
점심때,"점심

"
점심밥,"점심
"
점쟁이,"역술가

"
점퍼,"잠바

"
점화,"발화1

"
접속사,"접속어

"
접속어,"접속사

"
정거장,"정류소, 정류장

"
정글,"밀림

"
정념,"사념

"
정당,"당2

"
정략,"정책

"
정력,"근력, 기력

"
정류소,"정거장, 정류장

"
정류장,"정거장, 정류소

"
정말,"참말1
"
정말,"사실1, 참말1

"
정말,"참말1

"
정물,"정물화

"
정물화,"정물

"
정미소,"방앗간, 제분소

"
정방형,"정사각형

"
정부,"행정부

"
정분,"교분, 정의3

"
정비공,"정비사

"
정비사,"정비공

"
정사각형,"정방형

"
정상,"정황

"
정상,"산꼭대기, 산정1, 절정

"
정상,"절정

"
정서법,"맞춤법, 철자법

"
정세,"상황, 형세

"
정수,"알맹이

"
정수리,"꼭대기, 머리꼭지

"
정실,"본처
"
정의,"교분, 정분

"
정절,"정조

"
정점,"절정

"
정정,"수정4

"
정조,"정절

"
정책,"정략

"
정초,"연두1

"
정치가,"정치인

"
정치인,"정치가

"
정혼,"약혼, 혼약

"
정화,"카타르시스

"
정황,"정상2

"
젖,"유방

"
젖가슴,"가슴

"
젖꼭지,"유두

"
젖내,"젖비린내

"
젖니,"유치1

"
젖먹이,"아기, 영아, 유아2

"
젖병,"우유병

"
젖비린내,"젖내

"
제각각,"각자1, 제각기1

"
제각기,"각자1, 제각각1

"
제구,"컨트롤

"
제기,"제언, 제의

"
제로,"영2, 공4

"
제물,"제수3

"
제복,"유니폼

"
제분소,"방앗간, 정미소

"
제사상,"제상

"
제삼자,"삼자
"
제삿날,"제일1

"
제삿밥,"젯밥

"
제삿밥,"젯밥

"
제상,"제사상

"
제수,"제물

"
제언,"제기2, 제의

"
제의,"제기2, 제언

"
제일,"제삿날

"
제일,"으뜸
"
제일선,"일선

"
제일선,"일선, 최전방, 최전선

"
제자,"도제

"
제자리걸음,"답보

"
제작소,"프로덕션

"
제작자,"작자

"
젯밥,"제삿밥

"
젯밥,"제삿밥

"
조각,"조소1
"
조각도,"조각칼

"
조각칼,"조각도

"
조간,"조간신문, 조간지
"
조간신문,"조간, 조간지
"
조간지,"조간신문, 조간

"
조개껍데기,"조개껍질

"
조개껍질,"조개껍데기

"
조국,"고국
"
조국애,"애국심

"
조동사,"보조 동사

"
조락,"영락

"
조락,"쇠락, 영락

"
조련,"교련

"
조례,"조회1
"
조롱,"우롱

"
조루,"조루증

"
조루증,"조루

"
조리,"두서

"
조리,"요리2

"
조리법,"요리법

"
조리사,"요리사

"
조만치,"조만큼1
큰말 저만치1
"
조만큼,"조만치1
큰말 저만큼1
"
조망,"전망

"
조모,"할머니
"
조목,"항목

"
조문,"문상

"
조문객,"문상객

"
조반,"아침, 아침밥, 조식

"
조부,"할아버지
"
조사,"토1

"
조상,"선대

"
조석,"아침저녁

"
조선말,"조선어

"
조선말,"조선어

"
조선어,"조선말

"
조선어,"조선말

"
조세,"세금

"
조소,"조각2
"
조소,"비웃음

"
조식,"아침, 아침밥, 조반
"
조언,"도움말

"
조역,"조연
"
조연,"조역
"
조위금,"부의금, 조의금
"
조의금,"부의금, 조위금
"
조종사,"파일럿

"
조처,"조치

"
조치,"조처

"
조카며느리,"질부

"
조회,"조례2

"
족적,"발자취

"
족적,"발자취

"
존댓말,"경어, "
존칭,"경칭

"
존칭,"높임

"
졸부,"벼락부자

"
종,"종자

"
종,"종류
"
종가,"종갓집

"
종갓집,"종가1

"
종결,"끝막음

"
종다리,"종달새

"
종달새,"종다리

"
종류,"종2

"
종성,"끝소리, 받침소리
"
종숙,"당숙

"
종신,"임종

"
종일,"온종일1, 진종일1

"
종잇장,"백지장

"
종자,"종2

"
종조모,"종조할머니

"
종조부,"종조할아버지

"
종조할머니,"종조모

"
종조할아버지,"종조부

"
종지부,"마침표, 온점

"
종파,"교파

"
종횡,"가로세로

"
좌,"왼쪽, 왼편, 좌편
"
좌,"좌익
"
좌시,"방관, 방치

"
좌완,"왼팔
"
좌우,"좌지우지

"
좌우간,"좌우지간

"
좌우지간,"좌우간

"
좌익,"좌
"
좌지우지,"좌우

"
좌측,"왼쪽, 좌, 좌편, 왼편
"
좌편,"왼쪽, 왼편, 좌, 좌편, 좌측
"
죄수복,"수의1

"
죄악감,"죄책감

"
죄책감,"죄악감

"
주,"주식2

"
주,"주식2

"
주,"주일2

"
주,"주석2, 주해

"
주간,"주간지

"
주간지,"주간3
"
주거,"거주, 주택

"
주거지,"집터
"
주걱,"밥주걱

"
주걱,"구둣주걱

"
주검,"송장1

"
주구,"앞잡이

"
주군,"군왕, 군주, 왕, 왕자2, 임금1

"
주당,"술꾼

"
주동,"주동자

"
주동자,"주동

"
주둥아리,"주둥이

"
주둥이,"주둥아리

"
주례,"주례자

"
주례자,"주례

"
주머니,"호주머니

"
주목,"플래시

"
주민,"거주민

"
주발,"밥주발
"
주방,"부엌

"
주벽,"술버릇

"
주변,"언저리

"
주봉,"최고봉

"
주부,"가정주부, 안주인

"
주사액,"주사약

"
주사약,"주사액

"
주석,"주4, 주해

"
주시,"응시1

"
주식,"주2

"
주안상,"술상

"
주야,"밤낮1

"
주업,"본업

"
주역,"주연1
"
주연,"주역
"
주일,"주3

"
주전부리,"군것질

"
주점,"술집

"
주정뱅이,"술주정뱅이

"
주춧돌,"초석

"
주택,"주거

"
주택,"단독 주택

"
주판,"수판

"
주해,"주4, 주석2

"
주홍,"주홍빛, 주홍색

"
주홍빛,"주홍, 주홍색

"
주홍색,"주홍, 주홍빛

"
주황,"주황빛, 주황색

"
주황빛,"주황, 주황색

"
주황색,"주황, 주황빛

"
죽음,"사1
"
준거,"표준

"
준결승,"준결승전

"
준결승전,"준결승

"
준말,"약어
"
줄,"행1

"
줄,"행1

"
줄달음,"줄달음질

"
줄달음질,"줄달음

"
줄표,"대시, 말바꿈표

"
줏대,"대1

"
중,"불승, 승4
"
중간고사,"중간시험

"
중간시험,"중간고사

"
중계,"중계방송

"
중계,"중계방송

"
중계방송,"중계

"
중계방송,"중계

"
중고,"중고품

"
중고품,"중고

"
중단,"중절

"
중도,"도중

"
중량,"무게

"
중량급,"미들급
"
중론,"중의

"
중매,"중신

"
중머리,"까까머리, 빡빡머리

"
중병,"중환

"
중신,"중매

"
중심,"복판

"
중의,"중론

"
중재인,"중재자

"
중재자,"중재인

"
중절,"중단

"
중지,"가운뎃손가락, 장지1

"
중추,"중추 신경

"
중추절,"추석, 추석날, 한가위

"
중핵,"핵심

"
중환,"중병

"
즉위,"등극

"
증거물,"증거품

"
증거품,"증거물

"
증기,"수증기

"
증명,"증명서

"
증명서,"증명
"
증상,"증세1, 증후1

"
증세,"증상, 증후1

"
증손,"증손자

"
증손자,"증손

"
증여,"기증, 증정

"
증원,"감원

"
증정,"기증, 증여

"
증조,"증조부, 증조할아버지
"
증조모,"증조할머니
"
증조부,"증조, 증조할아버지
"
증조할머니,"증조모
"
증조할아버지,"증조, 증조부
"
증진,"감퇴

"
증후,"증상, 증세1

"
지가,"땅값

"
지구본,"지구의

"
지구의,"지구본

"
지금,"시방1

"
지난달,"전달1, 전월

"
지난번,"먼젓번, 이전번, 저번, 전번, 전자1, 전회
"
지난주,"전주3

"
지난해,"작년, 전년

"
지남철,"자석

"
지랄,"지랄병
"
지랄병,"지랄
"
지략,"지모

"
지류,"분파
"
지름,"직경

"
지름길,"첩경

"
지름길,"첩경

"
지리,"풍수지리

"
지리,"지리학

"
지리학,"지리

"
지망생,"지망자

"
지망생,"지망자

"
지망자,"지망생

"
지망자,"지망생

"
지면,"땅바닥, 지상1

"
지모,"지략

"
지배인,"관리인, 매니저

"
지분,"몫

"
지사제,"설사약

"
지상,"땅바닥, 지면1
"
지상,"현세

"
지상,"최상

"
지세,"지형

"
지엽,"곁가지

"
지엽적,"말초적1

"
지옥,"나락2
"
지우개,"고무지우개

"
지우개,"칠판지우개

"
지원,"뒷받침

"
지원군,"구원병, 원군

"
지은이,"작자

"
지장,"손도장

"
지지,"지탱

"
지짐이,"부침개

"
지청구,"꾸중, 꾸지람

"
지탱,"지지2

"
지평,"지평선

"
지평선,"지평
"
지표,"지표면

"
지표면,"지표1

"
지형,"지세

"
지혜,"슬기

"
직,"관직

"
직,"직업

"
직경,"지름

"
직공,"공원1

"
직삼각형,"직각 삼각형

"
직업,"생업, 업

"
직업소개소,"소개소

"
직장,"일터

"
직장,"일자리

"
직제,"관제1

"
직행,"논스톱

"
진,"진영

"
진경,"진풍경

"
진면모,"진면목

"
진면목,"진면모

"
진미,"참맛

"
진미,"참맛

"
진보,"개명2, 개화1
"
진부,"진위

"
진상,"참모습

"
진실,"참1

"
진영,"진2

"
진원,"진원지

"
진원지,"진원

"
진위,"진부

"
진종일,"온종일1, 종일1

"
진찰,"검진

"
진퇴양난,"진퇴유곡

"
진퇴유곡,"진퇴양난

"
진풍경,"진경

"
진홍,"다홍색

"
질문,"질의
"
질병,"우환, 질환

"
질부,"조카며느리

"
질의,"질문
"
질적,"양적1

"
질투,"투기2

"
질투,"샘1, 시새움

"
질환,"우환, 질병

"
짐칸,"화물칸

"
집게손가락,"검지, 인지1

"
집배원,"우체부, 우편배달부, 우편집배원

"
집안일,"가사1, 가정일

"
집안일,"가정일

"
집일,"가사1, 집안일

"
집짐승,"가축
"
집터,"주거지

"
집터,"주거지

"
징병제,"징병 제도

"
징조,"전조

"
짚,"볏짚

"
짜임새,"구성

"
짜장면,"자장면

"
짧은소리,"단음
"
쪽,"페이지

"
쪽,"페이지

"
쪽빛,"남빛

"
찜,"찜질

"
찜,"찜질

"
찜질,"찜

"
찜질,"찜

"
차도,"찻길, 차로

"
차로,"찻길, 차도1

"
차로,"차선2

"
차림표,"메뉴

"
차선,"차로

"
차양,"챙

"
차용어,"외래어

"
차용증,"차용 증서

"
차표,"승차권

"
차후,"요다음

"
착공,"기공2

"
찬,"반찬

"
찬거리,"반찬거리

"
찬기,"냉기, 한기

"
찬물,"냉수
"
찬미,"찬송, 찬양

"
찬반,"가부

"
찬송,"찬미, 찬양

"
찬송,"찬송가

"
찬송가,"찬송

"
찬양,"찬미, 찬송

"
찰나,"삽시간, 순간, 순식간, 일순간

"
참,"진실
"
참말,"정말1
"
참말,"사실1, 정말1

"
참말,"정말1

"
참맛,"진미2

"
참맛,"진미2

"
참모습,"진상1

"
참작,"감안, 고려1

"
찻길,"차도1, 차로

"
창,"창문

"
창가,"창문가

"
창녀,"매춘부

"
창문,"창3

"
창문가,"창가1

"
창자,"장5

"
창조주,"하나님

"
찾아보기,"색인

"
채,"채찍

"
채소,"야채

"
채찍,"채1

"
책,"도서2, 서적, 서책, 책자

"
책무,"의무

"
책방,"서점

"
책자,"책

"
챔피언,"우승자

"
챙,"차양

"
처,"아내

"
처가,"처갓집

"
처갓집,"처가

"
처녀,"처자2
"
처녀,"동정녀, 숫처녀

"
처방,"처방전

"
처방전,"처방

"
처자,"처자식

"
처자,"처녀

"
처자식,"처자1

"
척추,"등골2, 척추뼈

"
척추뼈,"등골2, 척추

"
천국,"천당, 하늘나라
"
천기,"날씨

"
천당,"천국, 하늘나라

"
천대,"천시

"
천둥,"우레

"
천둥소리,"뇌성

"
천벌,"천형

"
천상,"천상계

"
천상계,"천상

"
천시,"천대

"
천연두,"마마

"
천재,"자연재해

"
천차만별,"천태만상

"
천태만상,"천차만별

"
천형,"천벌

"
철,"계절

"
철,"절기

"
철강,"강철

"
철광,"철광석

"
철광석,"철광

"
철길,"레일, 철도, 철로

"
철도,"레일, 철길, 철로

"
철도역,"역3

"
철로,"레일, 철길, 철도

"
철망,"철조망

"
철야,"밤샘

"
철인,"철학가, 철학자

"
철자법,"맞춤법, 정서법

"
철조망,"철망

"
철학가,"철인1, 철학자

"
철학자,"철학가, 철인1

"
첩,"작은마누라

"
첩경,"지름길

"
첩경,"지름길

"
첩자,"간첩, 스파이
"
첩첩,"겹겹

"
첫날밤,"초야1

"
첫소리,"초성
"
첫째,"맏이

"
청과,"청과물

"
청과물,"청과

"
청사진,"설계도

"
청상,"청상과부

"
청상과부,"청상
"
청색,"파란색, 파랑1

"
청소,"소제

"
청솔,"청송

"
청송,"청솔

"
청신호,"파란불
"
청신호,"파란불
"
청자색,"청잣빛

"
청잣빛,"청자색

"
청혼,"구혼

"
체구,"덩치, 몸집

"
체납,"체불

"
체면,"체모2

"
체모,"체면

"
체불,"체납

"
체온계,"체온기

"
체온기,"체온계

"
체육복,"운동복

"
체인,"사슬, 쇠사슬

"
체재,"체제

"
체제,"체재

"
체중,"몸무게

"
체험담,"경험담

"
초,"식초

"
초가,"초가집

"
초가집,"초가

"
초간장,"초장2

"
초고,"원고2

"
초고추장,"초장2

"
초년병,"신병2

"
초록,"초록색

"
초록색,"녹색, 초록2

"
초목,"목초1

"
초밥,"스시

"
초상집,"상가3, 상갓집

"
초서,"흘림

"
초석,"주춧돌

"
초성,"첫소리
"
초순,"상순

"
초야,"첫날밤

"
초인간적,"초인적1

"
초인적,"초인간적1

"
초장,"초간장

"
초장,"초고추장

"
초파일,"부처님 오신 날, 석가 탄신일

"
초판,"원판1
"
초하루,"초하룻날

"
초하룻날,"초하루

"
초행,"초행길

"
초행길,"초행

"
촉각,"더듬이

"
촉감,"감촉

"
촌,"시골

"
촌,"시골

"
촌,"마을
"
촌가,"시골집

"
촌각,"촌음

"
촌뜨기,"시골뜨기

"
촌락,"마을

"
촌음,"촌각

"
총각,"동정남, 숫총각

"
총검,"총칼

"
총검,"총칼

"
총계,"총화
"
총구,"총구멍

"
총구멍,"총구

"
총리,"국무총리

"
총선,"총선거

"
총선거,"총선

"
총성,"총소리

"
총소득,"총수입

"
총소리,"총성

"
총수입,"총소득

"
총알,"총탄
"
총칭,"통칭

"
총칼,"총검

"
총칼,"총검

"
총탄,"총알

"
총화,"총계

"
촬영기,"카메라

"
최고봉,"주봉

"
최대한,"최대한도
"
최대한도,"최대한1
"
최상,"지상2
"
최상,"최상급

"
최상급,"최상
"
최소한,"최소한도
"
최소한도,"최소한1
"
최전방,"일선, 제일선, 최전선

"
최전선,"일선, 제일선, 최전방

"
추렴,"갹출

"
추론,"추리

"
추리,"추론

"
추석,"중추절, 추석날, 한가위

"
추석날,"중추절, 추석, 한가위

"
추수,"가을걷이

"
추천서,"추천장

"
추천장,"추천서

"
추후,"후2

"
축,"축문

"
축문,"축1

"
축사,"우리1

"
축전,"제전

"
축하객,"하객

"
춘궁기,"보릿고개

"
춘심,"춘정

"
춘정,"춘심

"
춘풍,"동풍, 봄바람

"
춘화,"봄꽃

"
출간,"간행, 출판

"
출감,"출옥
"
출발선,"출발점

"
출발점,"기점, 출발선

"
출산,"해산1, 분만

"
출연료,"개런티

"
출옥,"출감

"
출판,"간행, 출간

"
취기,"술기운

"
취업,"취직
"
취직,"취업
"
측간,"변소

"
측근,"측근자

"
측근자,"측근

"
측면,"옆면
"
층,"계층
"
층계,"계단

"
층층다리,"층층대

"
층층대,"층층다리

"
치다꺼리,"뒤치다꺼리, 뒷바라지

"
치료법,"요법

"
치부,"음부

"
치장,"수식1, 장식

"
친구,"동무, 벗

"
친모,"생모, 친어머니
"
친부,"생부, 친아버지
"
친부모,"생부모

"
친아버지,"생부, 친부
"
친어머니,"생모, 친모
"
친자,"친자식

"
친자식,"친자

"
친정,"친정집
"
친정집,"친정
"
친필,"육필, 자필

"
칠,"옻칠

"
칠판,"흑판
"
칠판지우개,"지우개

"
칡넝쿨,"칡덩굴

"
칡덩굴,"칡넝쿨

"
침,"타액

"
침대,"침상

"
침상,"침대

"
침선,"바느질

"
침식,"숙식

"
침전,"침전물

"
침전물,"침전

"
칫솔질,"양치질

"
카레,"카레라이스

"
카레라이스,"카레

"
카메라,"사진기

"
카메라,"촬영기

"
카세트,"카세트테이프

"
카세트테이프,"카세트

"
카운슬러,"상담원

"
카타르시스,"정화1

"
카펫,"융단

"
카피,"복사

"
칸,"박스

"
칼로리,"열량

"
칼잡이,"백정

"
칼춤,"검무

"
캔디,"사탕

"
커리큘럼,"교과 과정, 교육 과정

"
커미션,"수수료
"
컨트롤,"제구

"
케이블,"케이블카

"
케이블카,"케이블

"
코,"콧물

"
코러스,"합창

"
코러스,"합창단

"
코미디,"희극

"
코미디,"희극

"
코밑,"코앞

"
코밑,"코앞

"
코앞,"코밑

"
코앞,"코밑

"
콘도,"콘도미니엄

"
콘도미니엄,"콘도

"
콘서트,"음악회
"
콘택트렌즈,"렌즈

"
콘트라베이스,"더블 베이스

"
콤팩트디스크,"시디

"
콧물,"코1

"
콧잔등,"콧잔등이

"
콧잔등이,"콧잔등

"
콩,"대두1

"
콩팥,"신장4

"
쾌조,"호조

"
크레인,"기중기

"
크리스마스,"성탄, 성탄절

"
크리스천,"기독교인

"
큰길,"대로3, 신작로

"
큰돈,"거금1

"
큰딸,"맏딸, 장녀
"
큰며느리,"맏며느리
"
큰물,"홍수

"
큰방,"안방

"
큰아들,"맏아들, 장남, 장자
"
큰아버지,"백부
"
큰어머니,"백모
"
큰일,"대사1

"
큰일,"대사1

"
큰창자,"대장2
"
큰형,"맏형
"
클래식,"고전 음악

"
클럽,"동우회

"
클로버,"토끼풀

"
키,"신장3

"
키,"열쇠

"
키다리,"꺽다리

"
키보드,"건반

"
키보드,"자판

"
키스,"입맞춤

"
키스,"입맞춤

"
타관,"객지, 타향

"
타국,"외국, 이국

"
타성,"매너리즘

"
타성,"관성

"
타액,"침

"
타월,"수건

"
타의,"딴마음

"
타이,"태국

"
타이,"넥타이

"
타이완,"대만

"
타이틀,"선수권

"
타임,"타임아웃

"
타임아웃,"타임

"
타지,"외지, 타지방

"
타지방,"외지, 타지

"
타향,"객지, 타관

"
탁주,"막걸리

"
탄산가스,"이산화 탄소

"
탄알,"탄환
"
탄환,"탄알

"
탈,"가면, 마스크

"
탈,"가면

"
탈,"변고

"
탈골,"탈구

"
탈구,"탈골

"
탈바가지,"탈1

"
탈바꿈,"변태

"
탐관,"탐관오리

"
탐관오리,"탐관

"
탐조등,"서치라이트

"
태,"맵시

"
태국,"타이1

"
태양,"해1

"
태양력,"양력
"
태음력,"음력
"
태자,"황태자

"
터,"공터, 공지2

"
터부,"금기

"
털가죽,"모피

"
텔레비전,"티브이
"
토,"조사2

"
토굴,"땅굴

"
토끼풀,"클로버

"
토담,"흙담

"
토목,"토목 공사

"
토박이,"본토박이, 토종

"
토박이말,"고유어

"
토사,"흙모래

"
토양,"흙

"
토종,"본토박이, 토박이

"
토픽,"화제

"
토픽,"이야깃거리, 화제

"
톤,"색조

"
톨게이트,"요금소

"
톱,"머리기사

"
통곡,"곡2

"
통금,"통행금지

"
통금,"통행금지

"
통기,"통풍

"
통사정,"통정

"
통상,"보통1

"
통신망,"네트워크

"
통운,"운송

"
통정,"통사정

"
통정,"간음, 내통, 야합

"
통지서,"알림장

"
통지표,"생활 통지표

"
통칭,"총칭

"
통탄,"비탄

"
통풍,"통기

"
통행금지,"통금

"
통행금지,"통금

"
퇴각,"후퇴

"
퇴거,"은거

"
퇴비,"두엄

"
퇴임,"퇴직
"
퇴직,"퇴임
"
퇴행,"퇴화

"
퇴화,"퇴행
"
투계,"닭싸움

"
투기,"질투

"
투자가,"투자자

"
투자자,"투자가

"
투표소,"투표장
"
투표용지,"투표지

"
투표장,"투표소

"
투표지,"투표용지

"
특단,"특별

"
특례법,"특별법

"
특별,"특단

"
특별법,"특례법

"
특색,"특징

"
특수,"특이
"
특이,"특수1

"
특종,"특종 기사

"
특징,"특색

"
특허,"특허권

"
특허권,"특허

"
틈,"틈새
"
틈,"틈새
"
틈,"틈새
"
틈새,"틈1

"
틈새,"틈1

"
틈새,"틈1

"
티,"티셔츠

"
티끌,"분진

"
티브이,"텔레비전

"
티셔츠,"티3

"
파견,"파송

"
파라다이스,"낙원

"
파란,"파랑2

"
파란불,"청신호
"
파란불,"청신호
"
파란색,"청색, 파랑1

"
파랑,"청색, 파란색

"
파랑,"파란

"
파산,"도산

"
파선,"난파

"
파송,"파견

"
파일,"서류철

"
파일럿,"조종사

"
파종,"씨뿌리기

"
파편,"단편2

"
파편,"단편2

"
판,"널빤지

"
판,"디스크, 음반

"
판,"판4

"
판,"판3

"
판매,"발매
"
판매소,"판매처

"
판매액,"매상, 매상액

"
판매처,"판매소

"
판자,"널빤지

"
팔랑개비,"바람개비

"
팔랑개비,"풍차

"
팔목,"손목

"
팔소매,"소매1, 옷소매

"
패드,"생리대

"
패러독스,"역설2

"
패륜,"불륜

"
패배,"패전
"
패배자,"패자

"
패스,"여권2, 패스포트

"
패스포트,"여권2, 패스

"
패자,"패배자
"
패전,"패배
"
팩스,"팩시밀리

"
팩시밀리,"팩스

"
팬츠,"팬티

"
팬터마임,"무언극

"
팬티,"팬츠

"
페이지,"쪽2

"
페이지,"쪽2

"
펜던트,"샹들리에

"
펴낸이,"발행인, 발행자

"
편지,"서신, 서찰, 서한

"
평강,"평안1

"
평균,"평균값, 평균치

"
평균값,"평균, 평균치

"
평균치,"평균, 평균값

"
평년,"예년

"
평론,"비판, 비평

"
평론가,"비평가

"
평민,"서민

"
평복,"평상복

"
평복,"사복

"
평상,"상시, 평상시, 평소, 평시, 평일

"
평상복,"평복

"
평상시,"상시, 평상2, 평소, 평시, 평일
"
평생,"일생

"
평서문,"서술문

"
평소,"상시, 평상2, 평상시, 평시, 평일

"
평시,"상시, 평상2, 평상시, 평소, 평일

"
평안,"평강

"
평안,"평안도

"
평안도,"평안2

"
평영,"개구리헤엄

"
평일,"상시, 평상2, 평상시, 평소, 평시

"
평형,"균형

"
폐,"허파

"
폐,"폐단

"
폐결핵,"폐병

"
폐경,"초경2

"
폐단,"폐2

"
폐병,"폐결핵

"
포,"부대2, 포대

"
포대,"부대2, 포

"
포대기,"강보

"
포승,"포승줄

"
포승줄,"포승

"
포주,"기둥서방

"
포크커틀릿,"돈가스

"
폭,"너비, 넓이

"
폭등,"급등
"
폭락,"급락
"
폭력,"완력

"
폭력범,"강력범

"
폭정,"학정

"
폭포,"폭포수

"
폭포수,"폭포

"
폼,"서식1

"
표면,"겉면, 외면1

"
표상,"본보기

"
표제어,"올림말

"
표준,"준거

"
표준말,"표준어
"
표준어,표
푸대접,"냉대1, 박대, 한대

"
푸른빛,"푸른색

"
푸른색,"푸른빛

"
풀,"수영장

"
품값,"품삯

"
품명,"품목

"
품목,"품명

"
품삯,"품값

"
풍경,"경관, 경치, 풍광, 풍물

"
풍광,"경관, 경치, 풍경, 풍물

"
풍물,"경관, 경치, 풍경, 풍광

"
풍물놀이,"농악
"
풍선,"고무풍선

"
풍속도,"풍속화

"
풍속화,"풍속도

"
풍수지리,"지리

"
풍차,"팔랑개비

"
프랑스,"불란서

"
프랑스어,"불어

"
프로,"프로그램

"
프로그램,"프로2

"
프로덕션,"제작소

"
프로듀서,"피디, 연출자

"
프리미엄,"웃돈

"
플래시,"손전등, 회중전등

"
플래시,"주목

"
플랫폼,"승강장

"
플러스,"양극2
"
플러스,"더하기
"
플러스,"마이너스, 양4

"
플롯,"구성

"
피,"혈액

"
피동,"수동2
"
피디,"프로듀서, 연출자

"
피붙이,"살붙이
"
픽션,"허구
"
필기,"노트1

"
필기구,"필기도구

"
필기도구,"필기구

"
필드하키,"하키
"
필로폰,"히로뽕

"
필생,"한평생1

"
필체,"글씨체, 서체

"
핏덩어리,"핏덩이

"
핏덩이,"핏덩어리

"
핏빛,"혈색

"
핏줄,"혈관

"
핏줄,"혈통, 혈맥, 핏줄기

"
핏줄기,"혈통, 혈맥, 핏줄

"
핑크,"분홍, 분홍색

"
핑크,"분홍, 분홍빛

"
하강,"강하2
"
하객,"축하객
"
하계,"여름철
"
하나님,"창조주
"
하늘나라,"천국, 천당

"
하늘빛,"하늘색

"
하늘색,"하늘빛

"
하락세,"내림세
"
하루,"일일1

"
하반신,"하체
"
하복,"여름옷
"
하수,"하수도
"
하수도,"수도1, 하수2
"
하오,"오후

"
하의,"아래옷, 아랫도리
"
하체,"하반신
"
하층,"아래층
"
하키,"필드하키

"
하키,"아이스하키

"
학,"두루미

"
학교,"학원

"
학교장,"교장

"
학내,"교내

"
학도,"학생

"
학령,"학령기

"
학령기,"학령

"
학비,"학자금

"
학생,"학도

"
학생복,"교복

"
학원,"학교

"
학자금,"학비

"
학적부,"생활 기록부

"
학정,"폭정

"
학질,"말라리아

"
학칙,"교칙

"
한,"원한

"
한가위,"중추절, 추석, 추석날

"
한겨울,"엄동

"
한국,"대한민국

"
한국말,"한국어

"
한국어,"한국말
"
한기,"냉기, 찬기1

"
한길,"행로
"
한낮,"낮
"
한대,"냉대1, 박대, 푸대접

"
한데,"노천, 바깥, 밖

"
한동네,"한마을

"
한동안,"한참

"
한때,"일시1

"
한마을,"한동네

"
한밤,"한밤중, 오밤중

"
한밤중,"오밤중, 한밤

"
한시,"일시1

"
한식당,"한식집

"
한식집,"한식당

"
한역,"국역

"
한의,"한의사

"
한의사,"한의

"
한집,"일가, 한집안

"
한집,"한집안

"
한집안,"일가, 한집

"
한집안,"한집

"
한쪽,"한편1

"
한참,"한동안

"
한편,"한쪽

"
한편,"일편2

"
한평생,"일평생, 필생

"
할머니,"조모
"
할미,"할아비
"
할아버지,"조부
"
할아버지,"조부
"
함량,"함유량

"
함박,"함지박, 함지

"
함유량,"함량

"
함지,"함지박, 함박

"
함지박,"함박, 함지

"
합계,"계1, 합산

"
합리주의,"이성론
"
합법,"적법

"
합병,"병합
"
합산,"계1, 합계

"
합창,"코러스

"
합창단,"코러스

"
핫바지,"솜바지
"
핫저고리,"솜저고리
"
항공편,"항공 우편

"
항구성,"영구성

"
항구적,"영구적1

"
항렬,"돌림

"
항목,"조목

"
항변,"항의

"
항생제,"마이신

"
항시,"상시

"
항의,"항변1

"
항쟁,"항전

"
항전,"항쟁

"
해,"태양

"
해거리,"격년

"
해넘이,"일몰
"
해답,"답

"
해당,"당해

"
해돋이,"일출
"
해로,"바닷길

"
해몽,"꿈풀이

"
해물,"해산물

"
해변,"바닷가, 해안가, 해안가

"
해변가,"바닷가, 해변, 해안가

"
해산,"분만, 출산

"
해산물,"해물

"
해수,"바닷물

"
해안,"바닷가
"
해안가,"바닷가, 해변, 해변가

"
해약,"해지

"
해조,"해조류

"
해조류,"해조

"
해지,"해약

"
해풍,"바닷바람

"
핵,"핵무기

"
핵가족,"소가족
"
핵무기,"핵

"
핵심,"중핵

"
핸드백,"손가방

"
핸드폰,"휴대 전화

"
햇볕,"볕

"
햇빛,"일광

"
행,"줄1

"
행,"줄1

"
행,"다행

"
행로,"한길1

"
행성,"혹성
"
행정부,"정부1

"
행주치마,"앞치마

"
향,"향기, 향내, 향취

"
향기,"향, 향내, 향취

"
향내,"향기, 향취, 향

"
향내,"향냄새

"
향냄새,"향내

"
향취,"향내, 향, 향기

"
향후,"이다음

"
허,"허점, 공백

"
허가,"승낙, 허락

"
허구,"픽션

"
허깨비,"헛것

"
허드렛일,"잡무

"
허락,"승낙, 허가

"
허리띠,"벨트

"
허물,"흉

"
허사,"헛일, 헛것

"
허수아비,"꼭두각시, 로봇, 바지저고리

"
허위,"거짓

"
허점,"공백, 허

"
허파,"폐1

"
헛것,"헛일, 허사

"
헛것,"허깨비

"
헛기침,"군기침
"
헛일,"허사, 헛것

"
헤드라이트,"전조등

"
헤어드라이어,"드라이어

"
헬기,"헬리콥터

"
헬리콥터,"헬기

"
헬스장,"헬스 센터, 헬스클럽

"
헬스클럽,"헬스 센터, 헬스장

"
혁신,"쇄신, 유신

"
현금,"현찰

"
현금,"현찰, 맞돈

"
현금 카드,"현금 인출 카드

"
현기증,"어지럼증

"
현대,"현시대

"
현세,"지상1

"
현시대,"현대

"
현인,"현자

"
현자,"현인

"
현장,"실지1, 현지

"
현장,"현지

"
현장,"현지

"
현지,"실지1, 현장

"
현지,"현장

"
현지,"현장

"
현찰,"현금

"
현찰,"맞돈, 현금

"
혈관,"핏줄

"
혈맥,"혈통, 핏줄, 핏줄기

"
혈색,"핏빛

"
혈액,"피1

"
혈전,"혈투

"
혈통,"핏줄, 핏줄기, 혈맥

"
혈투,"혈전

"
형세,"상황, 정세2

"
형세,"기세

"
형제,"동기1

"
형틀,"거푸집

"
형평,"수평

"
형형색색,"가지각색, 각양각색

"
호,"별호

"
호경기,"호황
"
호남,"호남아

"
호남아,"호남1

"
호랑이,"범1

"
호랑이띠,"범띠

"
호령,"구령

"
호모,"동성애자

"
호반,"호숫가

"
호숫가,"호반

"
호의,"선의

"
호조,"쾌조

"
호주,"가장2

"
호주머니,"주머니

"
호황,"호경기
"
호흡기,"호흡 기관

"
혹성,"행성

"
혹한,"극한2
"
혼,"넋, 혼백

"
혼란,"혼잡

"
혼령,"영혼

"
혼례,"결혼식, 예식, 혼례식, 혼인식

"
혼례식,"결혼식, 예식, 혼례, 혼인식

"
혼백,"넋, 혼

"
혼수,"혼수상태

"
혼수,"혼수품

"
혼수상태,"혼수1

"
혼수품,"혼수2

"
혼신,"온몸, 전신1, 일신, 만신

"
혼약,"약혼, 정혼

"
혼인,"결혼

"
혼인식,"결혼식, 예식, 혼례, 혼례식

"
혼잡,"혼란

"
혼전,"난전

"
홀몸,"단신1

"
홀소리,"모음
"
홍,"붉은색, 붉은빛, 홍색

"
홍당무,"당근

"
홍색,"붉은빛, 붉은색, 홍

"
홍수,"큰물

"
홍시,"연시

"
홑이불,"홑청

"
홑청,"홑이불

"
화기,"불기운, 불기

"
화랑,"갤러리

"
화물칸,"짐칸
"
화방,"화실

"
화병,"울화병

"
화병,"꽃병

"
화살,"살2

"
화술,"구변, 말재주, 말솜씨, 말주변, 언변

"
화실,"화방

"
화원,"꽃동산
"
화장,"단장

"
화장장,"화장터

"
화장지,"휴지

"
화장터,"화장장

"
화제,"토픽

"
화제,"이야깃거리, 토픽

"
화초,"꽃나무, 화훼

"
화폐,"금전, 돈1

"
화훼,"꽃나무, 화초

"
확대경,"돋보기

"
확성기,"스피커

"
환갑,"회갑

"
환갑잔치,"회갑연

"
환관,"내관, 내시

"
환국,"귀국

"
환자,"병자, 병인

"
활,"궁1

"
활시위,"시위1

"
황,"누런색, 황색

"
황금만능주의,"배금주의

"
황금빛,"황금색

"
황금색,"황금빛

"
황색,"누런색, 황2

"
황소고집,"쇠고집, 옹고집

"
황태자,"태자
"
황해,"서해
"
황혼,"땅거미

"
회갑,"환갑

"
회갑연,"환갑잔치

"
회계사,"공인 회계사

"
회교,"이슬람교

"
회답,"답

"
회사원,"사원2

"
회색,"회색빛, 잿빛

"
회색빛,"잿빛, 회색

"
회생,"갱생, 소생, 재생

"
회신,"답신

"
회오리바람,"돌개바람

"
회의장,"회장2

"
회장,"회의장

"
회중전등,"손전등, 플래시

"
횡단보도,"건널목

"
효력,"효용, 효험

"
효용,"효력, 효험

"
효험,"효력, 효용

"
후,"추후

"
후견인,"후원자

"
후계,"후계자

"
후계자,"후계

"
후기,"후반기
"
후대,"우대
"
후대,"후세대
"
후면,"뒷면
"
후문,"뒷문

"
후반기,"후기2
"
후방,"뒤쪽
"
후배,"후진
"
후사,"뒷일

"
후세,"내세

"
후세대,"후대2

"
후손,"손5, 자손, 후예

"
후식,"디저트

"
후예,"손5, 자손, 후손

"
후원자,"후견인

"
후일,"뒷날, 훗날

"
후임자,"뒷사람
"
후진,"후배

"
후퇴,"퇴각

"
훗날,"뒷날, 후일

"
휘발유,"가솔린

"
휴게,"휴식

"
휴대폰,"휴대 전화

"
휴머니즘,"인도주의

"
휴식,"휴게

"
휴지,"화장지

"
휴지통,"쓰레기통

"
흉,"흉터

"
흉,"허물2

"
흉가,"흉갓집

"
흉갓집,"흉가

"
흉곽,"가슴

"
흉몽,"악몽
"
흉부,"가슴

"
흉악,"악3, 악질

"
흉터,"상흔, 흉

"
흐름,"경향, 동향3

"
흑,"검은색, 검은빛, 흑색

"
흑백,"잘잘못, 시비1

"
흑색,"검은색, 검은빛, 흑1
"
흑판,"칠판

"
흔적,"자취

"
흘림,"초서

"
흙,"토양

"
흙담,"토담

"
흙모래,"토사

"
흙탕,"흙탕물

"
흙탕물,"흙탕

"
흡연,"끽연

"
흥망,"성쇠

"
흥성,"융성

"
희극,"코미디
"
희극,"코미디
"
희망,"소원

"
희비,"애환

"
흰색,"백색
"
흰자,"흰자위

"
흰자,"흰자위

"
흰자위,"흰자

"
흰자위,"흰자

"
히로뽕,"필로폰

"
히트,"안타

"
히프,"둔부, 엉덩이

"
힐문,"문책

"
가랑잎,"갈잎

"
가을바람,"갈바람

"
가지가지,"갖가지

"
갓난아이,"갓난애

"
갯고랑,"갯골

"
계집아이,"계집애

"
계집아이,"계집애

"
고다음,"고담1

"
고사이,"고새

"
골짜기,"골짝

"
괴로움,"괴롬

"
그끄저께,"그끄제1

"
그다음,"그담

"
그사이,"그새

"
그저께,"그제1

"
꼬임,"꾐

"
내일,"낼1

"
내일모레,"낼모레1

"
내일모레,"낼모레1

"
노여움,"노염

"
노을,"놀

"
놀라움,"놀람

"
다리미질,"다림질

"
다음,"담2

"
다음,"담2

"
다음,"담2

"
다음,"담2

"
다음,"담2

"
다음,"담2

"
다음,"담2

"
다음,"담2

"
다음,"담2

"
동강이,"동강1

"
뒷이야기,"뒷얘기

"
뒷이야기,"뒷얘기

"
딸아이,"딸애

"
딸아이,"딸애

"
때움질,"땜질

"
때움질,"땜질

"
때움질,"땜질

"
마음,"맘

"
마음,"맘

"
마음,"맘

"
마음,"맘

"
마음,"맘

"
마음보,"맘보

"
마음속,"맘속

"
마음씨,"맘씨

"
막대기,"막대

"
머리카락,"머리칼

"
미역,"멱

"
바가지,"박1

"
밤사이,"밤새

"
밤새움,"밤샘

"
밥숟가락,"밥숟갈

"
밥숟가락,"밥숟갈

"
부끄러움,"부끄럼

"
사내아이,"사내애

"
사이,"새1

"
사이,"새1

"
사이,"새1

"
사잇길,"샛길

"
사잇길,"샛길

"
사잇문,"샛문

"
사잇문,"샛문

"
산골짜기,"산골짝

"
새치미,"새침

"
수풀,"숲

"
숟가락,"숟갈

"
숟가락,"숟갈

"
시새움,"시샘

"
시치미,"시침1

"
싸움,"쌈2

"
싸움질,"쌈질

"
아들아이,"아들애

"
아들아이,"아들애

"
아이,"애2

"
아이,"애2

"
아이,"애2

"
액때움,"액땜

"
어두움,"어둠

"
어린아이,"어린애

"
어제저녁,"엊저녁

"
엊그저께,"엊그제1

"
오래간만,"오랜만

"
올해,"올

"
요다음,"요담

"
요사이,"요새1

"
요즈음,"요즘

"
이다음,"이담

"
이다음,"이담

"
이야기,"얘기

"
이야기꾼,"얘기꾼

"
이야깃거리,"얘깃거리

"
이즈음,"이즘

"
젓가락,"젓갈2

"
제일,"젤1

"
주먹,"줌

"
주먹,"줌

"
지렛대,"지레

"
처음,"첨

"
큰아이,"큰애

"
테두리,"테

"
틈바구니,"틈바귀

"
아빠,아버지
엄마,어머니
