먹,자시
문안,문안드리
받,받잡
사과,사과
있,계시
자다,주무시
잡,잡아들이
주다,드리
죽,돌아가
가로지르,건너지르
가물가물,가물거리
가물거리,가물가물
가물대,가물가물
가열,데우
가을걷이,추수
간들간들,간들
간들,간들간들
간음,내통
간지럽히,간질
간질간질,간질거리
간질거리,간질간질
간질,간지럽히
간추리,요약
간행,출간
갈,교체
갈라서,갈라지
갈라지,갈라서
갈리,쉬
갈무리,저장
감,걸치
감소,줄
감하,줄
강간,겁탈
강하,하강
갖추,구비
같이,함께
개,개명
개간,개척
개교,개학
개국,건국
개명,개
개발,계발
개방,공개
개시,개점
개점,개시
개척,개간
개키,개
개학,개교
갱생,소생
갱신,경신
갸우뚱갸우뚱,갸우뚱거리
갸우뚱거리,갸우뚱
갸우뚱,갸우뚱갸우뚱
갸웃갸웃,갸웃거리
갸웃거리,갸웃대
갸웃대,갸웃갸웃
갹출,추렴
거꾸러뜨리,거꾸
거꾸,거꾸러뜨리
거두,받
거드럭거드럭,거드럭거리
거드럭거리,거드럭거드럭
거드럭,거드럭거드럭
거들먹거들먹,거들먹거리
거들먹거리,거들먹거들먹
거들먹대,거들먹거들먹
거리끼,방해
거부,거절
거절,거부
거주,주거
거치적거리,거치적거치적
거치적거치적,거치적거리
거치,거치적거리
걱정,근심
건국,개국
건너다보,건너
건너뛰,넘
건너,넘겨짚
건너지르,가로지르
건들거리,건들건들
건들건들,건들거리
건들대,건들거리
건지,구하
걷어치우,집어치우
걸리적거리,걸리적대
걸리적대,걸리적거리
걸치,감
겁탈,약탈
겉돌,헛돌
게우,구토
격노,격분
격분,격노
견습,수습
결심,결의
결의,결심
결재,재가
결정,낙착
결행,단행
결혼,혼인
겸비,겸유
겸유,겸비
겸임,겸직
겸직,겸임
경사지,비탈지
경신,갱신
경축,경하
경하,경축
계량,계측
계발,개발
계산,셈
계승,승계
계측,계량
고무,고취
고시랑거리,고시
고시,고시랑거리
고이,괴
고자,이르
고취,고무
고치,수리
곡,통곡
곡해,오해
골골거리,골골대
골골대,골골거리
골몰,몰두
곱씹,되새기
공감,동감
공개,개방
공고,공시
공시,공고
공양,불공
공포,공고
공헌,기여
관련,연관
관통,꿰뚫
관하,대하
괴,고이
교미,교접
교접,교미
교체,갈
교합,성교
구령,호령
구불거리,구불구불
구불,구불거리
구비,갖추
구상화,구체
구술,구연
구시렁거리,구시렁구시렁
구시렁구시렁,구시렁거리
구시렁대,구시렁거리
구연,구술
구제,구하
구체,구상화
구토,게우
구하,건지
구혼,청혼
군것질,주전부리
군말,군소리
군소리,군말
굶,주리
굼실거리,굼실
굼실굼실,굼실거리
굼실,굼실거리
굽신거리,굽실거리
굽실거리,굽신거리
굽실굽실,굽신거리
굽실대,굽신거리
굽,굽죄
귀국,환국
귀엣말,귓속말
귓속말,귀엣말
그럭저럭,그렁저렁
그렁저렁,그럭저럭
근심,걱정
근질거리,근
근질,근질거리
글썽거리,글썽글썽
글썽글썽,글썽거리
글썽대,글썽거리
긁적거리,긁적긁적
긁적긁적,긁적거리
긁적대,긁적거리
급등,폭등
급락,폭락
급정거,급정차
급정차,급정거
기공,착공
기도,기원
기르,키우
기립,일어서
기생,붙어살
기여,공헌
기우뚱거리,기우뚱기우뚱
기우뚱기우뚱,기우뚱거리
기우뚱대,기우뚱거리
기웃거리,기웃기웃
기웃기웃,기웃거리
기웃대,기웃거리
기원,기도
기인,말미암
기절,혼절
기증,증여
까닥거리,까닥까닥
까닥까닥,까닥거리
까닥,까닥거리
까딱거리,까딱까딱
까딱까딱,까딱거리
까딱,까딱거리
까르르,까르르
까르륵거리,까르륵대
까르륵대,까르륵거리
까물거리,까물까물
까물까물,까물거리
까물,까물거리
까불거리,까불까불
까불까불,까불거리
까불대,까불거리
깔깔거리,깔깔대
깔깔대,깔깔거리
깔딱거리,깔딱
깔딱,깔딱거리
깔,깔
깔짝깔짝,깔
깜박거리,깜박깜박
깜박깜박,깜박거리
깜박대,깜박거리
깜빡거리,깜빡깜빡
깜빡깜빡,깜빡거리
깜빡대,깜빡거리
깜작,깜작
깜작깜작,깜작
깜짝,깜짝
깝죽거리,깝죽깝죽
깝죽깝죽,깝죽거리
깝죽대,깝죽거리
깡충거리,깡충깡충
깡충깡충,깡충거리
깡충대,깡충거리
깨갱거리,깨갱깨갱
깨갱깨갱,깨갱거리
깨갱,깨갱거리
깨뜨리,깨트리
깨작거리,깨
깨,깨지다
깨트리,깨뜨리
깽깽거리,깽깽대
깽깽대,깽깽거리
깽깽,깽깽거리
껄껄거리,껄껄대
껄껄대,껄껄거리
껄떡거리,껄떡껄떡
껄떡껄떡,껄떡거리
껄떡대,껄떡거리
껌벅거리,껌벅껌벅
껌벅껌벅,껌벅거리
껌벅,껌벅거리
껑충거리,껑충껑충
껑충껑충,껑충거리
껑충,껑충거리
꼬,비꼬
꼬르륵,꼬르륵
꼬물거리,꼬물꼬물
꼬물꼬물,꼬물거리
꼬물대,꼬물거리
꼬불거리,꼬불꼬불
꼬불,꼬불거리
꼬불치,꿍치
꼬이,꾀
꼼지락거리,꼼지락꼼지락
꼼지락꼼지락,꼼지락거리
꼼지락대,꼼지락거리
꽝꽝,꽝꽝
꽥꽥거리,꽥꽥대
꽥꽥대,꽥꽥거리
꽥꽥,꽥꽥거리
꾀,꼬이
꾸르륵,꾸르륵
꾸르륵꾸르륵,꾸르륵
꾸물거리,꾸물꾸물
꾸물꾸물,꾸물거리
꾸물대,꾸물거리
꾸중,꾸지람
꾸지람,꾸중
꾸짖,꾸중
꿀꿀거리,꿀꿀대
꿀꿀대,꿀꿀거리
꿈지럭거리,꿈지럭꿈지럭
꿈지럭꿈지럭,꿈지럭거리
꿈지럭대,꿈지럭거리
꿈틀거리,꿈틀꿈틀
꿈틀꿈틀,꿈틀거리
꿈틀대,꿈틀거리
꿍치,꼬불치
꿰뚫,관통
끄덕거리,끄덕끄덕
끄덕끄덕,끄덕거리
끄덕,끄덕거리
끄적거리,끄적대
끄적대,끄적거리
끈적거리,끈
끈,끈적거리
끌,이끌
끔벅거리,끔벅끔벅
끔벅끔벅,끔벅거리
끔벅,끔벅거리
끙끙거리,끙끙
끙끙,끙끙거리
끝,끝장나
끝막음,종결
끝장나,끝
끼적거리,끼적끼적
끼적끼적,끼적거리
끼적대,끼적거리
낄낄거리,낄낄대
낄낄대,낄낄거리
낑낑거리,낑낑대
낑낑대,낑낑거리
나,드나들
나불거리,나불나불
나불나불,나불거리
나불대,나불거리
나풀거리,나풀나풀
나풀나풀,나풀거리
나풀대,나풀거리
낙제,불합격
낙착,결정
낚시질,낚시
낚시,낚시질
난파,파선
날름거리,날름대
날름날름,날름거리
날름대,날름거리
남진,남하
남하,남진
납득,알아듣
납부,납입
납입,납부
낭독,낭송
낭송,낭독
낳,배출
내닫,내뛰
내뛰,내닫
내려뜨리,내려
내려,내려뜨리
내리쪼이,내리쬐
내리쬐,내리쪼이
내,내
내왕,오가
내통,간음
내한,방한
냉대,박대
너덜거리,너덜너덜
너덜너덜,너덜거리
너덜대,너덜거리
너울거리,너울너울
너울너울,너울거리
너울대,너울거리
너털거리,너털너털
너털너털,너털거리
너털,너털거리
너풀거리,너풀너풀
너풀너풀,너풀거리
너풀대,너풀거리
널름거리,널름널름
널름널름,널름거리
널름,널름거리
넘겨다보,넘어다보
넘,건너뛰
넘보,넘겨다보
넘실거리,넘실넘실
넘실넘실,넘실거리
넘실대,넘실거리
넘어다보,넘겨다보
넘쳐흐르,흘러넘치
넙죽,넙죽
넙죽넙죽,넙죽
노닥거리,노닥노닥
노닥노닥,노닥거리
노닥,노닥거리
노려보,흘겨보
노름,도박
논박,반박
논의,의논
논파,설파
놀,놀아나
놀아나,놀
농담,농하
농익,무르익
농하,농담
놓,놓아먹이
놓아먹이,놓
누그러들,누그러지
누그러뜨리,누그러트리
누그러지,누그러들
누그러트리,누그러뜨리
누그리,누그러뜨리
누설,누출
누이,눕히
누출,누설
눕히,누이
뉘,뉘엿거리
뉘엿거리,뉘
느글거리,느글느글
느글느글,느글거리
느글,느글거리
느물거리,느물느물
느물느물,느물거리
느물,느물거리
능글거리,능글대
능글대,능글거리
니,니
니글니글,니
다독거리,다독다독
다독다독,다독거리
다,다독거리
다음,버금가
단결,단합
단교,절교
단련,연마
단장,화장
단합,단결
단행,결행
달그락거리,달그락달그락
달그락달그락,달그락거리
달그락대,달그락거리
달달거리,달달
달달,달달거리
달랑거리,달랑달랑
달랑달랑,달랑거리
달랑,달랑거리
달싹거리,달싹대
달싹대,달싹거리
달음박질치,달음질치
달음박질,달음
달음질치,달음박질치
달음,달음박질
답신,회신
답,대답
당도,도달
당선,입선
대꾸,말대꾸
대담,대화
대답,답
대들,받
대롱,대롱대
대롱대,대롱거리
대롱대롱,대롱거리
대립,맞서
대여,빌려
대우,대접
대접,대우
대체,갈
대취,만취
대치,대립
대하,관하
대화,대담
더듬거리,더듬대
더듬대,더듬거리
더듬더듬,더듬거리
덜그럭거리,덜그럭
덜그럭,덜그럭거리
덜덜거리,덜덜
덜덜,덜덜거리
덜렁거리,덜렁대
덜렁대,덜렁거리
덜렁덜렁,덜렁거리
덜커덕,덜커덕
덜커덕덜커덕,덜커덕
덜커덩거리,덜커덩
덜커덩,덜커덩거리
덜커덩덜커덩,덜커덩거리
덜컥거리,덜컥
덜컥,덜컥거리
덜컥덜컥,덜컥거리
덜컹거리,덜컹대
덜컹대,덜컹거리
덜컹덜컹,덜컹거리
덤벙거리,덤벙대
덤벙대,덤벙거리
덩실,덩실
덩실덩실,덩실
데모,시위
데우,가열
도닥거리,도닥대
도닥대,도닥거리
도닥도닥,도닥거리
도달,당도
도둑,도적질
도란거리,도란
도란,도란거리
도란도란,도란거리
도래,전래
도망가,도망치
도망치,도망가
도망,도주
도박,노름
도산,파산
도색,색칠
도적질,도둑
도주,도망
도지,동하
도치,뒤바꾸
독점,독차지
독차지,독점
돌,돌아보
돌아보,돌
동감,공감
동동거리,동동대
동동대,동동거리
동반,동행
동하,도지
동행,동반
되묻,반문
되새기,곱씹
되새김,되새기
되씹,곱씹
되작거리,되
되작,되작거리
되작되작,되작거리
두근거리,두
두근대,두근거리
두근두근,두근거리
두런거리,두런
두런,두런거리
두런두런,두런거리
두리번거리,두리번대
두리번대,두리번거리
두리번두리번,두리번거리
두말,군말
둘러쓰,뒤집어쓰
뒤끓,들끓
뒤뚱거리,뒤뚱대
뒤뚱대,뒤뚱거리
뒤뚱뒤뚱,뒤뚱거리
뒤바꾸,도치
뒤바뀌,도치
뒤서,뒤지
뒤엎,뒤집어엎
뒤적거리,뒤적대
뒤적대,뒤적거리
뒤적뒤적,뒤적거리
뒤지,뒤서
뒤집어쓰,둘러쓰
뒤집어엎,뒤엎
뒤척거리,뒤척
뒤척,뒤척거리
뒤척뒤척,뒤척거리
뒤치다꺼리,뒷바라지
뒤치락거리,뒤치락
뒤치락,뒤치락거리
뒷바라지,뒤치다꺼리
뒷받침,지원
드나들,나
득시글거리,득시
득시,득시글거리
득시글득시글,득시글거리
득실거리,득실대
득실대,득실거리
득실득실,득실거리
들끓,뒤끓
들락거리,들락대
들락날락,들랑날랑
들락대,들락거리
들랑거리,들락거리
들랑날랑,들락날락
들,들락거리
들먹거리,들먹대
들먹대,들먹거리
들먹들먹,들먹거리
들썩거리,들썩
들썩,들썩거리
들썩들썩,들썩거리
들썽거리,들썽
들썽,들썽거리
들썽들썽,들썽거리
들어박히,틀어박히
들어붙,들러붙
등극,등위
등위,등극
따끔,따끔
따끔따끔,따끔
딱딱,딱딱
딸랑거리,딸랑대
딸랑대,딸랑거리
딸랑딸랑,딸랑거리
때려누이,때려눕히
때려눕히,때려누이
떠다밀,떠밀
떠돌,유랑
떠듬거리,떠듬
떠듬,떠듬거리
떠듬떠듬,떠듬거리
떠밀,떠다밀
떨구,떨어뜨리
떨어뜨리,떨구
떨어트리,떨구
떨치,떨구
떵떵거리,떵떵
떵떵,떵떵거리
뚜벅거리,뚜벅
뚜벅,뚜벅거리
뚜벅뚜벅,뚜벅거리
뚝딱거리,뚝딱
뚝딱,뚝딱거리
뚝딱뚝딱,뚝딱거리
뚱땅,뚱땅
뚱땅뚱땅,뚱땅
뛰놀,뛰어놀
뛰어놀,뛰놀
뜀박질,뜀질
뜀질,뜀박질
뜨끔거리,뜨끔
뜨끔,뜨끔거리
마름,재단
마사지,안마
마수걸이,개시
마스터,숙달
만개,만발
만발,만개
만지작거리,만지작
만지작,만지작거리
만지작만지작,만지작거리
만취,대취
말다툼,말싸움
말대꾸,대꾸
말똥거리,말똥대
말똥대,말똥거리
말똥말똥,말똥거리
말랑,말
말,말랑
말미암,기인
말싸움,말다툼
망가뜨리,망가
망가,망가뜨리
망각,잊
맞서,대립
맡,맡아보
맡아보,맡
매끈,매끈
매료,매혹
매식,외식
매혹,매료
머무적거리,머무적
머무적,머무적거리
머무적머무적,머무적거리
머뭇거리,머뭇대
머뭇대,머뭇거리
머뭇머뭇,머뭇거리
멀뚱거리,멀뚱
멀뚱,멀뚱거리
멈추,멎
멈칫거리,멈칫대
멈칫대,멈칫거리
멈칫멈칫,멈칫거리
멎,멈추
메꾸,메우
메슥거리,메슥
메슥,메슥거리
메슥메슥,메슥거리
메우,메꾸
명명,명
명,명명
목격,목도
목도,목격
목매,목매달
목매달,목매
몰두,골몰
몸서리나,몸서리치
몸서리치,몸서리나
무르익,농익
문상,조문
문책,힐문
물,염색
물렁,물렁
물리,미루
물어내,물
물컹거리,물컹
물컹,물컹거리
뭉그적거리,뭉그적대
뭉그적대,뭉그적거리
뭉그적뭉그적,뭉그적거리
미끈거리,미끈
미끈,미끈거리
미루,물리
미적거리,미적대
미적대,미적거리
미적미적,미적거리
바글거리,바글대
바글대,바글거리
바글바글,바글거리
바동거리,바동대
바동대,바동거리
바동바동,바동거리
바둥거리,바둥대
바둥대,바둥거리
바둥바둥,바둥거리
바라다보,바라보
바라보,바라다보
바로,고치
바삭거리,바삭
바삭,바삭거리
바스락거리,바스락대
바스락대,바스락거리
바스락바스락,바스락거리
박대,푸대접
반들거리,반들대
반들대,반들거리
반문,되묻
반박,논박
반전,역전
반질거리,반
반질,반질거리
반질반질,반질거리
반짝거리,반짝
반짝,반짝거리
반짝반짝,반짝거리
반포,공고
발급,발부
발매,판매
발부,발급
발송,우송
발신,송신
발화,점
밝,새
밤샘,철야
방관,방치
방글거리,방글
방글,방글거리
방사,성교
방실거리,방실
방실,방실거리
방실방실,방실거리
방심,부주의
방치,방관
방한,내한
방해,저해
배기,버티
배분,분배
배출,낳
버글거리,버글
버글,버글거리
버글버글,버글거리
버금가,다음
버둥거리,버둥대
버둥대,버둥거리
버둥버둥,버둥거리
버르적거리,버르적
버르적,버르적거리
버르적버르적,버르적거리
버벅거리,버벅
버벅,버벅거리
버석거리,버석
버석,버석거리
버석버석,버석거리
버티,배기
번득거리,번득
번득,번득거리
번득번득,번득거리
번들,번들대
번들대,번들거리
번뜩거리,번뜩
번뜩,번뜩거리
번뜩번뜩,번뜩거리
번질거리,번질대
번질대,번질거리
번쩍거리,번쩍
번쩍,번쩍거리
번쩍번쩍,번쩍거리
벌떡거리,벌떡
벌떡,벌떡거리
벌떡벌떡,벌떡거리
벌렁,벌렁
벌렁대,벌렁
벌름거리,벌름
벌름,벌름거리
벌름벌름,벌름거리
법석거리,법석대
법석대,법석거리
법석법석,법석거리
벙글,벙글거리
벙글대,벙글거리
벙긋거리,벙긋
벙긋,벙긋거리
벙긋벙긋,벙긋거리
벙싯거리,벙싯대다
벙싯대다,벙싯거리
벙싯벙싯,벙싯거리
변상,변제
변제,변상
변천,변화
변화,변천
병합,합병
보글거리,보글대
보글대,보글거리
보글보글,보글거리
보류,유보
보복,앙갚음
보편,일반
복닥거리,복닥대
복닥대,복닥거리
복닥복닥,복닥거리
복작거리,복작대
복작대,복작거리
복작복작,복작거리
부글거리,부글대
부글대,부글거리
부글부글,부글거리
부들거리,부들대
부들대,부들거리
부들부들,부들거리
부러뜨리,분지르
부르릉거리,부르릉
부르릉,부르릉거리
부르릉부르릉,부르릉거리
부스럭거리,부스럭대
부스럭대,부스럭거리
부스럭부스럭,부스럭거리
부착,장착
부치,지지
북상,북진
북적거리,북적대
북적대,북적거리
북적북적,북적거리
북진,북상
분만,해산
분배,배분
분실,유실
분전,분투
분지르,부러뜨리
분투,분전
불거지,튀어나오
불공,공양
불끈거리,불끈
불끈,불끈거리
불끈불끈,불끈거리
불룩,불룩
불룩불룩,불룩
불복종,불복
불복,불복종
불사르,사르다
불합격,낙제
붕붕거리,붕붕
붕붕,붕붕거리
붙들,붙잡
붙어살,기생
붙잡,붙들
비꼬,꼬
비방,흉
비실거리,비실대
비실대,비실거리
비실비실,비실거리
비아냥거리,비아냥대
비아냥대,비아냥거리
비웃,웃
비쭉거리,비쭉대
비쭉대,비쭉거리
비쭉비쭉,비쭉거리
비틀거리,비틀대
비틀대,비틀거리
비틀리,비틀어지
비틀비틀,비틀거리
비틀어지,비틀리
비판,비평
비평,비판
빈둥거리,빈둥빈둥
빈둥대,빈둥거리
빈둥빈둥,빈둥거리
빈정거리,빈정대
빈정대,빈정거리
빈정빈정,빈정거리
빌려,대여
빌빌거리,빌빌대
빌빌대,빌빌거리
빙글거리,빙글빙글
빙글대,빙글거리
빙글빙글,빙글거리
빙긋거리,빙긋
빙긋,빙긋거리
빙긋빙긋,빙긋거리
빠뜨리,빠트리
빠트리,빠뜨리
빤질,빤
빤,빤질
빤질빤질,빤질
빤짝,빤짝거리
빤짝빤짝,빤짝거리
빨빨거리,빨빨대
빨빨대,빨빨거리
빵빵거리,빵빵대
빵빵대,빵빵거리
빼,내빼
빼앗,뺏
빽빽,빽빽거리
뻐개,쪼개
뻐끔거리,뻐끔
뻐끔,뻐끔거리
뻐끔뻐끔,뻐끔거리
삐거덕거리,삐거덕
삐거덕,삐걱
삐거덕삐거덕,삐거덕거리
삐걱거리,삐걱대
삐걱대,삐걱거리
삐걱삐걱,삐걱거리
삐악,삐악
삐악삐악,삐악
삐죽거리,삐죽대
삐죽대,삐죽거리
삐죽삐죽,삐죽거리
삐지,삐치
삐쭉거리,삐쭉대
삐쭉대,삐쭉거리
삐쭉삐쭉,삐쭉거리
삐치,삐지
사각,사각대
사각대,사각
사각사각,사각
사격,쏘다
사냥,수렵
사라지,죽
사르다,불사르
사임,사직
사직,사임
산보,산책
산책,산보
살랑거리,살랑대
살랑대,살랑거리
살랑살랑,살랑거리
살살,살살
살인,살해
살해,살인
새근,새
새,밝
새근새근,새
색칠,도색
샐쭉거리,샐쭉
샐쭉,샐쭉거리
샐쭉샐쭉,샐쭉거리
생글거리,생글
생글,생글거리
생글생글,생글거리
서걱거리,서걱대
서걱대,서걱거리
서걱서걱,서걱거리
서브,서비스
서비스,서브
서성거리,서성대
서성대,서성거리
서성서성,서성거리
석권,휩쓸
선고,언도
설파,논파
성교,교합
세면,세수
세수,세면
세안,세수
셈,계산
소곤거리,소곤대
소곤대,소곤거리
소곤소곤,소곤거리
소망,염원
소생,갱생
소송,송사
소원,원
소제,청소
속닥거리,속닥대
속닥대,속닥거리
속닥속닥,속닥거리
속삭거리,속삭
속삭,속삭거리
속삭속삭,속삭거리
속살거리,속
속살,속살거리
속살속살,속살거리
손가락,흉
솟구치,치솟
송사,소송
송신,발신
쇄신,혁신
쇠락,쇠퇴
쇠퇴,쇠락
수군거리,수군대
수군대,수군거리
수군수군,수군거리
수런거리,수런
수런,수런거리
수런수런,수런거리
수렵,사냥
수리,고치
수선거리,수선대
수선대,수선거리
수선,고치
수습,견습
수식,장식
수정,정정
숙달,마스터
숙덕거리,숙덕
숙덕,숙덕거리
숙덕숙덕,숙덕거리
순시,순찰
순찰,순시
술렁거리,술렁대
술렁대,술렁거리
술렁술렁,술렁거리
쉬,갈리
스멀거리,스멀대
스멀대,스멀거리
스멀스멀,스멀거리
승계,계승
승낙,허가
시부렁거리,시부렁대
시부렁대,시부렁거리
시부렁시부렁,시부렁거리
시시덕거리,시시덕대
시시덕대,시시덕거리
시시덕시시덕,시시덕거리
시위,데모
시집,출가
시큰거리,시
시,시큰거리
시큰시큰,시큰거리
식식거리,식식대
식식대,식식거리
실각,실족
실례,실수
실룩거리,실룩대
실룩대,실룩거리
실룩실룩,실룩거리
실수,실례
실시,실행
실족,실각
실행,실시
싱글거리,싱글대
싱글대,싱글거리
싱글,싱글거리
싸고돌,싸돌
싸다니,싸대
싸대,싸다니
싸돌,싸고돌
싹쓸이,일소
쌔근,쌔근대
쌔근대,쌔근
쌔근쌔근,쌔근
쌕쌕거리,쌕쌕대
쌕쌕대,쌕쌕거리
쏘다,사격
쑤군거리,쑤군대
쑤군대,쑤군거리
쑤군쑤군,쑤군거리
쑥덕거리,쑥덕대
쑥덕대,쑥덕거리
쑥덕쑥덕,쑥덕거리
씨근거리,씨근대
씨근대,씨근거리
씨근씨근,씨근거리
씨부렁거리,씨부렁대
씨부렁대,씨부렁거리
씨부렁씨부렁,씨부렁거리
씩씩거리,씩씩대
씩씩대,씩씩거리
씰룩거리,씰룩대
씰룩대,씰룩거리
씰룩씰룩,씰룩거리
아롱거리,아롱
아롱,아롱거리
아롱아롱,아롱거리
아른거리,아른
아른,아른거리
아른아른,아른거리
아부,아첨
아첨,아부
안도,안심
안마,마사지
안심,안도
알랑거리,알
알,알랑거리
알랑알랑,알랑거리
알아차리,알아채
알아채,알아차리
알짱거리,알짱
알짱,알짱거리
알짱알짱,알짱거리
앙갚음,보복
애끓,애타
애타,애끓
야단치,꾸지람
야합,간음
약탈,겁탈
약혼,정혼
양분,이분
양성,육성
양육,기르
양치,양치질
양해,용납
얕보,경시
어기적거리,어기
어,어기적거리
어기적어기적,어기적거리
어른,어른대
어른대,어른거리
어른어른,어른거리
어물거리,어물대
어물대,어물거리
어물어물,어물거리
어물쩍거리,어물쩍
어물쩍,어물쩍거리
어물쩍어물쩍,어물쩍거리
어슬렁거리,어슬렁대
어슬렁대,어슬렁거리
어슬렁어슬렁,어슬렁거리
어쩌고저쩌고,이러쿵저러쿵
언도,선고
언쟁,말다툼
얹히,체하
얼씬거리,얼씬
얼씬,얼씬거리
얼씬얼씬,얼씬거리
얼쩡거리,얼쩡
얼쩡,얼쩡거리
얼쩡얼쩡,얼쩡거리
엉기,엉키
엉클어지,엉키
엉키,엉클어지
에돌,우회
여물,영글
여쭈,여쭤
여쭙,여쭈
역전,반전
연관,관련
연달,잇달
연마,갈
연잇,연달
염색,물
염원,소망
영글,여물
오가,내왕
오물거리,오물대
오물대,오물거리
오물오물,오물거리
오싹거리,오싹오싹
오싹오싹,오싹거리
오해,곡해
옭매,옭아매
옭아매,옭매
옹알거리,옹알대
옹알대,옹알거리
옹알옹알,옹알거리
와글거리,와글대
와글대,와글거리
와글와글,와글거리
왕래,내왕
왕왕거리,왕왕대
왕왕대,왕왕거리
왱왱거리,왱왱
왱왱,왱왱거리
외식,매식
요리,조리
요약,간추리
용납,양해
우글거리,우글대
우글대,우글거리
우글우글,우글거리
우당탕,우당탕대
우당탕대,우당탕
우당탕우당탕,우당탕
우대,후대
우러나,우러
우러,우러나
우롱,조롱
우르릉거리,우르릉
우르릉,우르릉거리
우물,우물대
우물대,우물거리
우물우물,우물거리
우송,발송
우쭐거리,우쭐대
우쭐대,우쭐거리
우회,에돌
욱신거리,욱
욱신,욱신거리
욱신욱신,욱신거리
운명,죽
울렁거리,울렁대
울렁대,울렁거리
울렁울렁,울렁거리
울먹거리,울먹
울먹,울먹거리
울먹울먹,울먹거리
움직거리,움
움직,움직거리
움직움직,움직거리
움찔거리,움찔움찔
움찔움찔,움찔거리
움찔,움찔거리
웃,비웃
웅성거리,웅성대
웅성대,웅성거리
웅성웅성,웅성거리
웅얼거리,웅얼대
웅얼대,웅얼거리
웅얼웅얼,웅얼거리
원,소원
위배,위반
윙윙거리,윙윙대
윙윙대,윙윙거리
윙윙,윙윙거리
유랑,떠돌
유보,보류
유산,낙태
유실,분실
육성,양성
융성,흥성
으뜸가,제일
으르렁거리,으르렁대
으르렁대,으르렁거리
으르렁으르렁,으르렁거리
으쓱거리,으쓱대
으쓱대,으쓱거리
으쓱으쓱,으쓱거리
은거,퇴거
을러대,을러메
을러메,을러대
응시,주시
응얼거리,응얼대
응얼대,응얼거리
응얼응얼,응얼거리
의결,결의
의논,논의
이,이
이끌,끌
이러쿵저러쿵,어쩌고저쩌고
이럭저럭,이렁저렁
이렁저렁,이럭저럭
이르,타이르
이분,양분
이죽거리,이죽대
이죽대,이죽거리
이죽이죽,이죽거리
이해,양해
인가,인허
인허,인가
일렁거리,일렁대
일렁대,일렁거리
일렁일렁,일렁거리
일반,보편
일소,싹쓸이
일어나,일어서
일어서,기립
임명,명
임신,잉태
임하,명
입대,입영
입맞춤,키스
입선,당선
입신양명,입신출세
입신출세,입신양명
입영,입대
잇달,연달
잇따르,연달
잉잉거리,잉잉대
잉잉대,잉잉거리
잉잉,잉잉거리
잉태,임신
잊,망각
자결,자해
자급,자족
자부,자신
자살,자결
자신,자부
자족,자급
자찬,자칭
자칭,자찬
자해,자결
자화자찬,자찬
작살나,부서지
잔류,잔존
잔존,잔류
잡수,잡
잡아들이,잡
장가가,장가들
장가들,장가가
장생,장수
장수,장생
장식,수식
장착,부착
재가,개
재,재
재단,마름
재미나,재미있
재생,갱생
재잘거리,재잘대
재잘대,재잘거리
재잘재잘,재잘거리
재편,재
쟁이,재
쟁쟁거리,쟁쟁
쟁쟁,쟁쟁거리
저장,갈무리
저해,방해
적대시,적시
적발,적출
적시,적대시
적출,적발
전래,도래
전망,조망
절감,통감
절교,단교
절뚝거리,절뚝
절뚝,절뚝거리
절뚝절뚝,절뚝거리
절룩거리,절룩
절룩,절룩거리
절룩절룩,절룩거리
점거,점령
점령,점거
점,발화
정정,수정
정혼,약혼
제기,제언
제언,제기
제의,제기
제일,으뜸가
제하,즈음
조락,쇠락
조롱,우롱
조리,요리
조망,전망
조문,문상
조여들,죄어들
조잘거리,조잘대
조잘대,조잘거리
조잘조잘,조잘거리
조처,조치
조치,조처
종결,끝막음
종알거리,종알대
종알대,종알거리
종알종알,종알거리
좌시,방관
좌우,좌지우지
좌지우지,좌우
죄어들,조여들
주거,거주
주리,굶
주물럭거리,주물럭대
주물럭대,주물럭거리
주물럭주물럭,주물럭거리
주시,응시
주전부리,군것질
주절거리,주절주절
주절주절,주절거리
주춤거리,주춤대
주춤대,주춤거리
주춤주춤,주춤거리
줄,감하
중계,중계방송
중계방송,중계
중매,중신
중신,중매
중얼거리,중얼대
중얼대,중얼거리
중얼중얼,중얼거리
즈음,제하
즉위,등극
증여,기증
증정,기증
지근거리,지근
지근,지근거리
지끈거리,지끈대
지끈대,지끈거리
지끈지끈,지끈거리
지나가,지나
지나,지나가
지분,지분거리
지분지분,지분거리
지원,뒷받침
지지,지탱
지탱,지지
진득거리,진득
진득,진득거리
진보,개명
질겅거리,질겅
질겅,질겅거리
질금거리,질금대
질금대,질금거리
질금질금,질금거리
질문,질의
질벅거리,질벅
질벅,질벅거리
질벅질벅,질벅거리
질의,질문
질척거리,질척
질척,질척거리
질척질척,질척거리
질투,투기
질퍼덕,질퍼덕
질퍼덕질퍼덕,질퍼덕
질퍽거리,질퍽대
질퍽대,질퍽거리
질퍽질퍽,질퍽거리
집어먹,집어삼키
집어삼키,집어먹
집어치우,걷어치우
집적,집적대
집적대,집적거리
집,집적거리
징징거리,징징대
징징대,징징거리
짤랑거리,짤랑대
짤랑대,짤랑거리
짤랑짤랑,짤랑거리
짭짭,짭짭
짹짹거리,짹짹
짹짹,짹짹거리
쨍그랑,쨍그랑
쨍그랑쨍그랑,쨍그랑
쩍쩍거리,쩍쩍
쩍쩍,쩍쩍거리
쩔뚝,쩔뚝
쩔뚝쩔뚝,쩔뚝
쩝쩝,쩝쩝
쩡쩡거리,쩡쩡
쩡쩡,쩡쩡거리
쪼개,쪼개지
쪼르륵거리,쪼르륵
쪼르륵,쪼르륵거리
쪼르륵쪼르륵,쪼르륵거리
쪼이,쬐
쫑긋거리,쫑긋
쫑긋,쫑긋거리
쫑긋쫑긋,쫑긋거리
쫑알거리,쫑알대
쫑알대,쫑알거리
쫑알쫑알,쫑알거리
쬐,쪼이
쭈뼛거리,쭈뼛대
쭈뼛대,쭈뼛거리
쭈뼛쭈뼛,쭈뼛거리
쯧쯧,쯧쯧
찐득,찐득
찐득찐득,찐득
찔끔거리,찔끔대
찔끔대,찔끔거리
찔끔찔끔,찔끔거리
찝쩍,찝쩍
찝쩍찝쩍,찝쩍
찡긋거리,찡긋
찡긋,찡긋거리
찡긋찡긋,찡긋거리
착공,기공
찬미,찬송
찬송,찬미
찬양,찬미
찰그랑,찰그랑
찰그랑찰그랑,찰그랑
찰랑거리,찰랑대
찰랑대,찰랑거리
찰랑찰랑,찰랑거리
찰싹거리,찰싹대
찰싹대,찰싹거리
찰싹찰싹,찰싹거리
책망,책
책,책망
천대,천시
천시,천대
철렁거리,철렁대
철렁대,철렁거리
철렁철렁,철렁거리
철버덕거리,철버덕
철버덕,철벅
철버덕철버덕,철버덕거리
철벅거리,철벅
철벅,철벅거리
철벅철벅,철벅거리
철썩거리,철썩
철썩,철썩거리
철썩철썩,철썩거리
철야,밤샘
첨가,삭제
첨벙거리,첨벙대
첨벙대,첨벙거리
첨벙첨벙,첨벙거리
청소,소제
청혼,구혼
체납,체불
체류,체재
체불,체납
체재,체류
체하,얹히
촐랑거리,촐랑촐랑
촐랑촐랑,촐랑거리
총총,총총
총칭,통칭
추렴,갹출
추론,추리
추리,추론
추수,가을걷이
축구,축조
축조,축구
출가,시집
출간,간행
출감,출옥
출렁거리,출렁출렁
출렁출렁,출렁거리
출산,해산
출옥,출감
출판,간행
취업,취직
취직,취업
치근거리,치
치근,치근거리
치근덕거리,치근덕치근덕
치근덕치근덕,치근덕거리
치근치근,치근거리
치료,고치
치솟,솟구치
치장,수식
칭얼거리,칭얼칭얼
칭얼칭얼,칭얼거리
캑캑거리,캑캑대
캑캑대,캑캑거리
캑캑,캑캑거리
컥컥,컥컥
컹컹거리,컹컹대
컹컹대,컹컹거리
콜록거리,콜록대
콜록대,콜록거리
콜록콜록,콜록거리
콜콜,콜콜
콩콩,콩콩
콩콩대,콩콩
쾅쾅거리,쾅쾅
쾅쾅,쾅쾅거리
쿠당탕거리,쿠당탕
쿠당탕,쿠당탕거리
쿡쿡거리,쿡쿡대
쿡쿡대,쿡쿡거리
쿡쿡,쿡쿡거리
쿵쾅거리,쿵쾅대
쿵쾅대,쿵쾅거리
쿵쿵거리,쿵쿵대
쿵쿵대,쿵쿵거리
쿵쿵,쿵쿵거리
킁킁거리,킁킁대
킁킁대,킁킁거리
키득거리,키득대
키득대,키득거리
키득키득,키득거리
키들거리,키들대
키들대,키들거리
키들키들,키들거리
키스,입맞춤
키우,기르
킥킥거리,킥킥
킥킥,킥킥거리
타이르,이르
탈탈거리,탈탈대
탈탈대,탈탈거리
탈탈,탈탈거리
탕진,털어먹
터덜거리,터덜
터덜,터덜거리
터덜터덜,터덜거리
터뜨리,터트리
터트리,터뜨리
털버덕,털버덕
털버덕털버덕,털버덕
털썩,털썩
털어먹,탕진
털털거리,털털
털털,털털거리
텀버덩,텀벙
텀버덩텀버덩,텀버덩
텀벙,텀벙
텀벙텀벙,텀벙
토닥거리,토닥
토닥,토닥거리
토닥토닥,토닥거리
토하,게우
톡탁거리,톡탁
톡탁,톡탁거리
톡탁톡탁,톡탁거리
톡톡,톡톡
통감,절감
통정,간음
통칭,총칭
퇴각,후퇴
퇴거,은거
퇴임,퇴직
퇴직,퇴임
퇴행,퇴화
퇴화,퇴행
투덜거리,투덜투덜
투덜투덜,투덜거리
툴툴거리,툴툴
툴툴,툴툴거리
퉁기,튕기
튀기,튕기
튀어나오,불거지
튕기,튀기
틀어박히,들어박히
파견,파송
파닥거리,파닥
파닥,파닥거리
파닥파닥,파닥거리
파산,도산
파선,난파
파송,파견
판매,발매
팔딱거리,팔딱
팔딱,팔딱거리
팔딱팔딱,팔딱거리
팔랑거리,팔랑대
팔랑대,팔랑거리
팔랑팔랑,팔랑거리
패배,패전
패전,패배
퍼내,퍼지르
퍼덕거리,퍼덕
퍼덕,퍼덕거리
퍼덕퍼덕,퍼덕거리
퍼지르,퍼내
펄떡거리,펄떡
펄떡,펄떡거리
펄떡펄떡,펄떡거리
펄럭거리,펄럭대
펄럭대,펄럭거리
펄럭이,펄럭거리
펄럭펄럭,펄럭거리
평론,비판
폭등,급등
폭락,급락
푸대접,냉대
푸드덕거리,푸드덕
푸드덕,푸드덕거리
푸드덕푸드덕,푸드덕거리
핀잔,꾸중
하강,강하
하늘거리,하늘대
하늘대,하늘거리
하늘,하늘거리
한들거리,한들
한들,한들거리
한들한들,한들거리
할딱거리,할
할,할딱거리
할딱,할딱거리
함께,같이
합병,병합
항변,항의
항의,항변
해롱거리,해롱대
해롱대,해롱거리
해롱해롱,해롱거리
해산,분만
해죽거리,해죽
해죽,해죽거리
해죽해죽,해죽거리
허가,승낙
허덕거리,허덕대
허덕대,허덕거리
허덕허덕,허덕거리
허둥거리,허둥대
허둥대,허둥거리
허둥허둥,허둥거리
허락,승낙
허물어뜨리,허물
허물,허물어뜨리
허우적거리,허우적대
허우적대,허우적거리
허우적허우적,허우적거리
허하,승낙
헉헉거리,헉헉대
헉헉대,헉헉거리
헉헉,헉헉거리
헐떡거리,헐
헐,헐떡거리
헐떡헐떡,헐떡거리
헐렁,헐렁
헐렁헐렁,헐렁
헐레벌떡거리,헐레벌떡
헐레벌떡,헐레벌떡거리
헛갈리,헷갈리
헛돌,겉돌
헤벌쭉,헤벌쭉
헤헤거리,헤헤
헤헤,헤헤거리
헷갈리,헛갈리
혁신,쇄신
호령,구령
호호거리,호호
호호,호호거리
혼인,결혼
혼절,기절
홀짝거리,홀짝
홀짝,홀짝거리
홀짝홀짝,홀짝거리
화끈,화끈
화장,단장
화합,화해
화해,화합
환국,귀국
회답,답
회생,소생
회신,답신
후끈거리,후끈
후끈,후끈거리
후끈후끈,후끈거리
후대,우대
후들거리,후들대
후들대,후들거리
후들후들,후들거리
후루룩거리,후루룩
후루룩,후루룩거리
후퇴,퇴각
후후거리,후
후,후후거리
훌쩍거리,훌쩍
훌쩍,훌쩍거리
훌쩍훌쩍,훌쩍거리
휘적거리,휘
휘,휘적거리
휘적휘적,휘적거리
휘청거리,휘청대
휘청대,휘청거리
휘청휘청,휘청거리
휩쓸,석권
흉,비방
흐느적거리,흐느적대
흐느적대,흐느적거리
흐느적흐느적,흐느적거리
흐늘거리,흐
흐,흐물거리
흐늘흐늘,흐늘거리
흐물거리,흐
흑흑거리,흑흑
흑흑,흑흑거리
흔들거리,흔들대
흔들대,흔들거리
흔들흔들,흔들거리
흘겨보,노려보
흘금거리,흘금
흘금,흘금거리
흘금흘금,흘금거리
흘긋,흘긋
흘긋흘긋,흘긋
흘기,흘겨보
흘깃거리,흘깃
흘깃,흘깃거리
흘깃흘깃,흘깃거리
흘끔거리,흘끔
흘끔,흘끔거리
흘끔흘끔,흘끔거리
흘끗거리,흘끗
흘끗,흘끗거리
흘끗흘끗,흘끗거리
흘낏거리,흘낏
흘낏,흘낏거리
흘낏흘낏,흘낏거리
흘러넘치,넘쳐흐르
흠칫,흠칫
흠칫흠칫,흠칫
흥성,융성
흥얼거리,흥얼대
흥얼대,흥얼거리
흥얼흥얼,흥얼거리
흥청거리,흥청대
흥청대,흥청거리
흥흥거리,흥흥
흥흥,흥흥거리
희끗거리,희끗
희끗,희끗거리
희끗희끗,희끗거리
희망,소원
희번덕거리,희번덕
희번덕,희번덕거리
희희낙락,희희낙락
히죽거리,히죽대
히죽대,히죽거리
히죽히죽,히죽거리
히쭉,히쭉
히쭉히쭉,히쭉
히히거리,히히
히히,히히거리
힐금거리,힐금
힐금,힐금거리
힐금힐금,힐금거리
힐끔거리,힐끔대
힐끔대,힐끔거리
힐끔힐끔,힐끔거리
힐끗거리,힐끗
힐끗,힐끗거리
힐끗힐끗,힐끗거리
힐문,문책
가라앉,갈앉
가지,갖
거두어들이,거둬들이
건드리,건들
고리,고러
고만두,관두
그리,그러
까부르,까불
깨어나,깨
끼어들,껴들
끼우,끼
끼이,끼
나누이,나뉘
내디디,내딛
내어놓,내놓
놓아두,놔두
놓아주,놔주
다리미질,다림질
들여다보이,들여다뵈
들이밀,디밀
들추어내,들춰내
디디,딛
때움질,땜질
떼,떼
뜨이,띄
띄우,띄
마음,맘
머무르,머물
보아주,봐
보이,뵈
북돋우,북돋
빼앗기,뺏기
싸움,쌈
쏘아붙이,쏴
쏘이,쐬
어찌,어쩌다
외우,외
요러,요렇
이리,이러
이야기,얘기
재우,재
저리,저러
조이,죄다
차이,채
치어다보,쳐다보
캐어묻,캐묻
트이,틔
파이,패
해어지,해
헤어지,헤지
