데리다,"모시다

"
먹다,"자시다

"
문안하다,"문안드리다

"
받다,"받잡다

"
사과하다,"사과드리다

"
있다,"계시다1

"
자다,"주무시다

"
잡수다,"잡수시다

"
주다,"드리다1

"
죽다,"돌아가다

"
가로지르다,"건너지르다

"
가로지르다,"건너지르다

"
가로지르다,"건너지르다

"
가물가물하다,"가물거리다, 가물대다

"
가물가물하다,"가물거리다, 가물대다

"
가물가물하다,"가물거리다, 가물대다

"
가물거리다,"가물가물하다1, 가물대다
"
가물거리다,"가물가물하다1, 가물대다
"
가물거리다,"가물가물하다1, 가물대다
"
가물대다,"가물가물하다1, 가물거리다

"
가물대다,"가물가물하다1, 가물거리다

"
가물대다,"가물가물하다1, 가물거리다

"
가열하다,"데우다

"
가을걷이하다,"추수하다

"
간들간들하다,"간들거리다, 간들대다

"
간들간들하다,"간들거리다, 간들대다

"
간들간들하다,"간들거리다, 간들대다

"
간들거리다,"간들간들하다, 간들대다
큰말 건들거리다

"
간들거리다,"간들간들하다, 간들대다
큰말 건들거리다

"
간들거리다,"간들간들하다, 간들대다
큰말 건들거리다

"
간들대다,"간들간들하다, 간들거리다

"
간들대다,"간들간들하다, 간들거리다

"
간들대다,"간들간들하다, 간들거리다

"
간음하다,"내통하다, 야합하다, 통정하다

"
간지럽히다,"간질이다

"
간질간질하다,"간질거리다, 간질대다

"
간질간질하다,"간질거리다, 간질대다

"
간질거리다,"간질간질하다1, 간질대다
큰말 근질거리다

"
간질거리다,"간질간질하다1, 간질대다
큰말 근질거리다

"
간질대다,"간질간질하다1, 간질거리다

"
간질대다,"간질간질하다1, 간질거리다

"
간질이다,"간지럽히다

"
간추리다,"요약하다

"
간행되다,"출간되다, 출판되다

"
간행하다,"출간하다, 출판하다

"
갈다,"교체하다, 대체하다

"
갈다,"교체하다, 대체하다

"
갈다,"연마하다

"
갈라서다,"갈라지다

"
갈라지다,"갈라서다

"
갈리다,"쉬다2

"
갈무리되다,"저장되다

"
갈무리하다,"저장하다

"
감다,"걸치다

"
감소하다,"줄다
"
감하다,"줄다

"
강간하다,"겁탈하다

"
강하하다,"하강하다

"
갖추다,"구비하다

"
같이하다,"함께하다

"
같이하다,"함께하다
"
개가하다,"재가하다1

"
개간되다,"개척되다

"
개간하다,"개척하다

"
개교하다,"개학하다

"
개국하다,"건국하다

"
개다,"개키다

"
개명하다,"개화하다1, 진보하다1

"
개발되다,"계발되다

"
개발하다,"계발하다

"
개방되다,"공개되다
"
개시하다,"개점하다

"
개시하다,"마수걸이하다

"
개점하다,"개시하다1
"
개척되다,"개간되다

"
개척하다,"개간하다

"
개키다,"개다3

"
개학하다,"개교하다

"
개화되다,"진보되다

"
개화하다,"개명하다2, 진보하다1

"
갱생하다,"소생하다, 재생하다, 회생하다

"
갱신되다,"경신되다

"
갱신하다,"경신하다

"
갸우뚱갸우뚱하다,"갸우뚱거리다, 갸우뚱대다

"
갸우뚱거리다,"갸우뚱대다, 갸우뚱갸우뚱하다1

"
갸우뚱대다,"갸우뚱갸우뚱하다1, 갸우뚱거리다

"
갸우뚱대다,"갸우뚱갸우뚱하다1, 갸우뚱거리다

"
갸웃갸웃하다,"갸웃거리다, 갸웃대다

"
갸웃거리다,"갸웃대다, 갸웃갸웃하다1

"
갸웃대다,"갸웃갸웃하다1, 갸웃거리다

"
갹출하다,"추렴하다

"
거꾸러뜨리다,"거꾸러트리다

"
거꾸러뜨리다,"거꾸러트리다

"
거꾸러뜨리다,"거꾸러트리다

"
거꾸러트리다,"거꾸러뜨리다

"
거꾸러트리다,"거꾸러뜨리다

"
거꾸러트리다,"거꾸러뜨리다

"
거두다,"받다1
"
거드럭거드럭하다,"거드럭거리다, 거드럭대다

"
거드럭거리다,"거드럭거드럭하다, 거드럭대다

"
거드럭대다,"거드럭거드럭하다, 거드럭거리다

"
거들먹거들먹하다,"거들먹거리다, 거들먹대다

"
거들먹거리다,"거들먹거들먹하다, 거들먹대다

"
거들먹대다,"거들먹거들먹하다, 거들먹거리다

"
거리끼다,"방해되다, 저해되다

"
거부하다,"거절하다

"
거절하다,"거부하다
"
거주하다,"주거하다

"
거치적거리다,"거치적거치적하다, 거치적대다

"
거치적거리다,"거치적거치적하다, 거치적대다

"
거치적거치적하다,"거치적거리다, 거치적대다

"
거치적거치적하다,"거치적거리다, 거치적대다

"
거치적대다,"거치적거리다, 거치적거치적하다

"
거치적대다,"거치적거리다, 거치적거치적하다

"
걱정되다,"근심되다

"
걱정하다,"근심하다

"
건국하다,"개국하다2

"
건너다보다,"건너보다

"
건너뛰다,"넘다

"
건너보다,"건너다보다

"
건너지르다,"가로지르다

"
건너지르다,"가로지르다

"
건너짚다,"넘겨짚다

"
건들거리다,"건들건들하다, 건들대다
작은말 간들거리다

"
건들거리다,"건들건들하다, 건들대다
작은말 간들거리다

"
건들거리다,"건들건들하다, 건들대다

"
건들거리다,"건들건들하다, 건들대다
작은말 간들거리다

"
건들건들하다,"건들거리다, 건들대다

"
건들건들하다,"건들거리다, 건들대다

"
건들건들하다,"건들거리다, 건들대다

"
건들건들하다,"건들거리다, 건들대다

"
건들대다,"건들거리다, 건들건들하다

"
건들대다,"건들거리다, 건들건들하다

"
건들대다,"건들거리다, 건들건들하다

"
건들대다,"건들거리다, 건들건들하다

"
건지다,"구하다2
"
걷어치우다,"집어치우다

"
걸리적거리다,"걸리적대다

"
걸리적거리다,"걸리적대다

"
걸리적대다,"걸리적거리다

"
걸리적대다,"걸리적거리다

"
걸치다,"감다3

"
겁탈하다,"약탈하다

"
겁탈하다,"강간하다

"
겉돌다,"헛돌다

"
게우다,"구토하다, 토하다

"
격노하다,"격분하다

"
격분하다,"격노하다

"
견습하다,"수습하다2

"
결심하다,"결의하다1

"
결의되다,"의결되다

"
결의하다,"결심하다

"
결의하다,"의결하다

"
결재하다,"재가하다2

"
결정되다,"낙착되다

"
결정하다,"낙착하다

"
결행되다,"단행되다

"
결행하다,"단행하다

"
결혼하다,"혼인하다
"
겸비하다,"겸유하다

"
겸유하다,"겸비하다

"
겸임하다,"겸직하다

"
겸직하다,"겸임하다

"
경사지다,"비탈지다

"
경신되다,"갱신되다

"
경신하다,"갱신하다

"
경축하다,"경하하다

"
경하하다,"경축하다

"
계량하다,"계측하다

"
계발되다,"개발되다

"
계발하다,"개발하다

"
계산하다,"셈하다

"
계승되다,"승계되다

"
계승하다,"승계하다

"
계측하다,"계량하다

"
고무되다,"고취되다

"
고무하다,"고취하다

"
고시랑거리다,"고시랑고시랑하다, 고시랑대다
큰말 구시렁거리다

"
고시랑고시랑하다,"고시랑거리다, 고시랑대다
큰말 구시렁구시렁하다

"
고시랑대다,"고시랑거리다, 고시랑고시랑하다
큰말 구시렁대다

"
고이다,"괴다1

"
고이다,"괴다1

"
고자질하다,"이르다2

"
고취되다,"고무되다

"
고취하다,"고무하다

"
고치다,"수리하다2, 수선하다2

"
고치다,"치료하다

"
고치다,"바로잡다

"
곡하다,"통곡하다

"
곡해되다,"오해되다

"
곡해하다,"오해하다

"
골골거리다,"골골대다

"
골골대다,"골골거리다

"
골몰하다,"몰두하다

"
곱씹다,"되새기다, 되씹다

"
곱씹다,"되새기다, 되씹다

"
공감하다,"동감하다

"
공개되다,"개방되다

"
공고되다,"공시되다, 공포되다, 반포되다

"
공고하다,"공시하다, 공포하다, 반포하다

"
공시되다,"공고되다, 공포되다, 반포되다

"
공시하다,"공고하다1, 공포하다, 반포하다

"
공양드리다,"불공드리다

"
공포되다,"공고되다, 공시되다, 반포되다

"
공포하다,"공고하다1, 공시하다, 반포하다

"
공헌하다,"기여하다

"
관련하다,"연관하다

"
관통하다,"꿰뚫다

"
관하다,"대하다

"
괴다,"고이다

"
괴다,"고이다

"
교미하다,"교접하다

"
교접하다,"교미하다

"
교체되다,"대체되다

"
교체하다,"갈다1, 대체하다

"
교합하다,"성교하다

"
구령하다,"호령하다

"
구불거리다,"구불구불하다, 구불대다

"
구불대다,"구불거리다, 구불구불하다

"
구비하다,"갖추다

"
구상화되다,"구체화되다

"
구상화하다,"구체화하다

"
구술하다,"구연하다

"
구시렁거리다,"구시렁구시렁하다, 구시렁대다
작은말 고시랑거리다

"
구시렁구시렁하다,"구시렁거리다, 구시렁대다
작은말 고시랑고시랑하다

"
구시렁대다,"구시렁거리다, 구시렁구시렁하다
작은말 고시랑대다

"
구연하다,"구술하다

"
구제하다,"구하다2

"
구체화되다,"구상화되다

"
구체화하다,"구상화하다

"
구토하다,"게우다, 토하다

"
구하다,"건지다

"
구하다,"구제하다1

"
구혼하다,"청혼하다

"
군것질하다,"주전부리하다

"
군말하다,"군소리하다, 두말하다

"
군말하다,"군소리하다, 두말하다

"
군소리하다,"군말하다, 두말하다

"
굶다,"주리다

"
굼실거리다,"굼실대다, 굼실굼실하다

"
굼실거리다,"굼실대다, 굼실굼실하다

"
굼실굼실하다,"굼실거리다, 굼실대다

"
굼실굼실하다,"굼실거리다, 굼실대다

"
굼실대다,"굼실거리다, 굼실굼실하다

"
굼실대다,"굼실거리다, 굼실굼실하다

"
굽신거리다,"굽실거리다, 굽실대다

"
굽신거리다,"굽실거리다, 굽실대다

"
굽실거리다,"굽신거리다, 굽실굽실하다, 굽실대다

"
굽실거리다,"굽신거리다, 굽실굽실하다, 굽실대다

"
굽실굽실하다,"굽신거리다, 굽실거리다, 굽실대다

"
굽실굽실하다,"굽신거리다, 굽실거리다, 굽실대다

"
굽실대다,"굽신거리다, 굽실거리다, 굽실굽실하다

"
굽실대다,"굽신거리다, 굽실거리다, 굽실굽실하다

"
굽어보다,"굽어살피다

"
굽어살피다,"굽어보다

"
귀국하다,"환국하다

"
귀엣말하다,"귓속말하다

"
귓속말하다,"귀엣말하다

"
그럭저럭하다,"그렁저렁하다

"
그렁저렁하다,"그럭저럭하다

"
근심되다,"걱정되다

"
근심하다,"걱정하다

"
근질거리다,"근질대다
작은말 간질거리다

"
근질거리다,"근질대다
작은말 간질거리다

"
근질대다,"근질거리다

"
근질대다,"근질거리다

"
글썽거리다,"글썽글썽하다, 글썽대다

"
글썽글썽하다,"글썽거리다, 글썽대다

"
글썽대다,"글썽거리다, 글썽글썽하다

"
긁적거리다,"긁적긁적하다, 긁적대다

"
긁적거리다,"긁적긁적하다, 긁적대다

"
긁적긁적하다,"긁적거리다, 긁적대다

"
긁적긁적하다,"긁적거리다, 긁적대다

"
긁적대다,"긁적거리다, 긁적긁적하다

"
긁적대다,"긁적거리다, 긁적긁적하다

"
급등하다,"폭등하다
"
급락하다,"폭락하다
"
급정거하다,"급정차하다

"
급정차하다,"급정거하다

"
기공되다,"착공되다
"
기공하다,"착공하다
"
기도하다,"기원하다2

"
기르다,"키우다

"
기르다,"양육하다

"
기립하다,"일어서다
"
기생하다,"붙어살다

"
기여하다,"공헌하다

"
기우뚱거리다,"기우뚱기우뚱하다1, 기우뚱대다

"
기우뚱기우뚱하다,"기우뚱거리다, 기우뚱대다

"
기우뚱대다,"기우뚱거리다, 기우뚱기우뚱하다1

"
기웃거리다,"기웃기웃하다1, 기웃대다

"
기웃기웃하다,"기웃거리다, 기웃대다

"
기웃대다,"기웃거리다, 기웃기웃하다1

"
기원하다,"기도하다2

"
기인하다,"말미암다

"
기절하다,"혼절하다

"
기증되다,"증여되다, 증정되다

"
기증하다,"증여하다, 증정하다

"
까닥거리다,"까닥까닥하다, 까닥대다
"
까닥까닥하다,"까닥거리다, 까닥대다

"
까닥대다,"까닥거리다, 까닥까닥하다

"
까딱거리다,"까딱까딱하다, 까딱대다
여린말 까닥거리다

"
까딱거리다,"까딱까딱하다, 까딱대다

"
까딱까딱하다,"까딱거리다, 까딱대다

"
까딱대다,"까딱거리다, 까딱까딱하다

"
까딱대다,"까딱거리다, 까딱까딱하다

"
까르르거리다,"까르르대다

"
까르르대다,"까르르거리다

"
까르륵거리다,"까르륵대다

"
까르륵거리다,"까르륵대다

"
까르륵대다,"까르륵거리다

"
까르륵대다,"까르륵거리다

"
까물거리다,"까물까물하다1, 까물대다
여린말 가물거리다

"
까물거리다,"까물까물하다1, 까물대다
여린말 가물거리다

"
까물거리다,"까물까물하다1, 까물대다
여린말 가물거리다

"
까물까물하다,"까물거리다, 까물대다
여린말 가물가물하다1

"
까물까물하다,"까물거리다, 까물대다
여린말 가물가물하다1

"
까물까물하다,"까물거리다, 까물대다
여린말 가물가물하다1

"
까물대다,"까물거리다, 까물까물하다1

"
까물대다,"까물거리다, 까물까물하다1

"
까물대다,"까물거리다, 까물까물하다1

"
까불거리다,"까불까불하다, 까불대다

"
까불거리다,"까불까불하다, 까불대다

"
까불까불하다,"까불거리다, 까불대다

"
까불까불하다,"까불거리다, 까불대다

"
까불대다,"까불거리다, 까불까불하다

"
까불대다,"까불거리다, 까불까불하다

"
깔깔거리다,"깔깔대다, 껄껄거리다

"
깔깔대다,"깔깔거리다
큰말 껄껄대다

"
깔딱거리다,"깔딱대다
큰말 껄떡거리다

"
깔딱거리다,"깔딱대다
큰말 껄떡거리다

"
깔딱대다,"깔딱거리다
큰말 껄떡대다

"
깔딱대다,"깔딱거리다
큰말 껄떡대다

"
깔짝거리다,"깔짝깔짝하다, 깔짝대다

"
깔짝거리다,"깔짝깔짝하다, 깔짝대다

"
깔짝깔짝하다,"깔짝거리다, 깔짝대다

"
깔짝깔짝하다,"깔짝거리다, 깔짝대다

"
깔짝대다,"깔짝거리다, 깔짝깔짝하다

"
깔짝대다,"깔짝거리다, 깔짝깔짝하다

"
깜박거리다,"깜박깜박하다, 깜박대다
큰말 껌벅거리다, 끔벅거리다
"
깜박거리다,"깜박깜박하다, 깜박대다
큰말 껌벅거리다, 끔벅거리다
"
깜박거리다,"깜박깜박하다, 깜박대다
"
깜박깜박하다,"깜박거리다, 깜박대다
큰말 껌벅껌벅하다, 끔벅끔벅하다
"
깜박깜박하다,"깜박거리다, 깜박대다
큰말 껌벅껌벅하다, 끔벅끔벅하다
"
깜박깜박하다,"깜박거리다, 깜박대다
"
깜박대다,"깜박거리다, 깜박깜박하다
큰말 껌벅대다, 끔벅대다
"
깜박대다,"깜박거리다, 깜박깜박하다
큰말 껌벅대다, 끔벅대다
"
깜박대다,"깜박거리다, 깜박깜박하다
"
깜빡거리다,"깜빡깜빡하다, 깜빡대다
여린말 깜박거리다

"
깜빡거리다,"깜빡깜빡하다, 깜빡대다
여린말 깜박거리다

"
깜빡거리다,"깜빡깜빡하다, 깜빡대다
여린말 깜박거리다

"
깜빡깜빡하다,"깜빡거리다, 깜빡대다
여린말 깜박깜박하다

"
깜빡깜빡하다,"깜빡거리다, 깜빡대다
여린말 깜박깜박하다

"
깜빡깜빡하다,"깜빡거리다, 깜빡대다
여린말 깜박깜박하다

"
깜빡대다,"깜빡거리다, 깜빡깜빡하다
여린말 깜박대다

"
깜빡대다,"깜빡거리다, 깜빡깜빡하다
여린말 깜박대다

"
깜빡대다,"깜빡거리다, 깜빡깜빡하다
여린말 깜박대다

"
깜작거리다,"깜작깜작하다, 깜작대다

"
깜작깜작하다,"깜작거리다, 깜작대다

"
깜작대다,"깜작거리다, 깜작깜작하다

"
깜짝거리다,"깜짝대다, 깜짝깜짝하다2
여린말 깜작거리다

"
깜짝깜짝하다,"깜짝거리다

"
깜짝깜짝하다,"깜짝거리다, 깜짝깜짝하다2
여린말 깜작깜작하다

"
깜짝대다,"깜짝거리다, 깜짝깜짝하다2
여린말 깜작대다

"
깝죽거리다,"깝죽깝죽하다, 깝죽대다

"
깝죽거리다,"깝죽깝죽하다, 깝죽대다

"
깝죽깝죽하다,"깝죽거리다, 깝죽대다

"
깝죽깝죽하다,"깝죽거리다, 깝죽대다

"
깝죽대다,"깝죽거리다, 깝죽깝죽하다

"
깝죽대다,"깝죽거리다, 깝죽깝죽하다

"
깡충거리다,"깡충깡충하다, 깡충대다

"
깡충깡충하다,"깡충거리다, 깡충대다

"
깡충대다,"깡충거리다, 깡충깡충하다

"
깨갱거리다,"깨갱깨갱하다, 깨갱대다

"
깨갱깨갱하다,"깨갱거리다, 깨갱대다

"
깨갱대다,"깨갱거리다, 깨갱깨갱하다

"
깨뜨리다,"깨트리다
"
깨뜨리다,"깨트리다
"
깨뜨리다,"깨트리다
"
깨뜨리다,"깨트리다
"
깨뜨리다,"깨트리다
"
깨작거리다,"깨작대다
큰말 끼적거리다2

"
깨작거리다,"깨작대다

"
깨작대다,"깨작거리다
큰말 끼적대다2

"
깨작대다,"깨작거리다

"
깨트리다,"깨뜨리다
"
깨트리다,"깨뜨리다
"
깨트리다,"깨뜨리다
"
깨트리다,"깨뜨리다
"
깨트리다,"깨뜨리다
"
깽깽거리다,"깽깽대다, 깽깽하다

"
깽깽거리다,"깽깽대다, 깽깽하다

"
깽깽대다,"깽깽거리다, 깽깽하다

"
깽깽대다,"깽깽거리다, 깽깽하다

"
깽깽하다,"깽깽거리다, 깽깽대다

"
깽깽하다,"깽깽거리다, 깽깽대다

"
껄껄거리다,"껄껄대다

"
껄껄대다,"껄껄거리다

"
껄떡거리다,"껄떡껄떡하다, 껄떡대다
작은말 깔딱거리다

"
껄떡거리다,"껄떡껄떡하다, 껄떡대다

"
껄떡거리다,"껄떡껄떡하다, 껄떡대다
작은말 깔딱거리다

"
껄떡껄떡하다,"껄떡거리다, 껄떡대다

"
껄떡껄떡하다,"껄떡거리다, 껄떡대다

"
껄떡껄떡하다,"껄떡거리다, 껄떡대다

"
껄떡대다,"껄떡거리다, 껄떡껄떡하다
작은말 깔딱대다

"
껄떡대다,"껄떡거리다, 껄떡껄떡하다

"
껄떡대다,"껄떡거리다, 껄떡껄떡하다, 깔딱대다

"
껌벅거리다,"껌벅껌벅하다, 껌벅대다
작은말 깜박거리다

"
껌벅거리다,"껌벅껌벅하다, 껌벅대다
작은말 깜박거리다

"
껌벅껌벅하다,"껌벅거리다, 껌벅대다
작은말 깜박깜박하다

"
껌벅껌벅하다,"껌벅거리다, 껌벅대다
작은말 깜박깜박하다

"
껌벅대다,"껌벅거리다, 껌벅껌벅하다
작은말 깜박대다

"
껌벅대다,"껌벅거리다, 껌벅껌벅하다
작은말 깜박대다

"
껑충거리다,"껑충껑충하다, 껑충대다

"
껑충껑충하다,"껑충거리다, 껑충대다

"
껑충대다,"껑충거리다, 껑충껑충하다

"
꼬다,"비꼬다

"
꼬르륵거리다,"꼬르륵대다

"
꼬르륵거리다,"꼬르륵대다

"
꼬르륵거리다,"꼬르륵대다

"
꼬르륵대다,"꼬르륵거리다

"
꼬르륵대다,"꼬르륵거리다

"
꼬르륵대다,"꼬르륵거리다

"
꼬물거리다,"꼬물꼬물하다, 꼬물대다
큰말 꾸물거리다

"
꼬물거리다,"꼬물꼬물하다, 꼬물대다
큰말 꾸물거리다

"
꼬물거리다,"꼬물꼬물하다, 꼬물대다
큰말 꾸물거리다

"
꼬물꼬물하다,"꼬물거리다, 꼬물대다
큰말 꾸물꾸물하다

"
꼬물꼬물하다,"꼬물거리다, 꼬물대다
큰말 꾸물꾸물하다

"
꼬물꼬물하다,"꼬물거리다, 꼬물대다
큰말 꾸물꾸물하다

"
꼬물대다,"꼬물거리다, 꼬물꼬물하다
큰말 꾸물대다

"
꼬물대다,"꼬물거리다, 꼬물꼬물하다
큰말 꾸물대다

"
꼬물대다,"꼬물거리다, 꼬물꼬물하다
큰말 꾸물대다

"
꼬불거리다,"꼬불꼬불하다, 꼬불대다

"
꼬불대다,"꼬불거리다, 꼬불꼬불하다

"
꼬불치다,"꿍치다

"
꼬이다,"꾀다1

"
꼬이다,"꾀다2

"
꼼지락거리다,"꼼지락꼼지락하다, 꼼지락대다
큰말 꿈지럭거리다

"
꼼지락꼼지락하다,"꼼지락거리다, 꼼지락대다
큰말 꿈지럭꿈지럭하다

"
꼼지락대다,"꼼지락거리다, 꼼지락꼼지락하다
큰말 꿈지럭대다

"
꽝꽝거리다,"꽝꽝대다
"
꽝꽝거리다,"꽝꽝대다
"
꽝꽝대다,"꽝꽝거리다
"
꽝꽝대다,"꽝꽝거리다
"
꽥꽥거리다,"꽥꽥대다, 꽥꽥하다

"
꽥꽥대다,"꽥꽥거리다, 꽥꽥하다

"
꽥꽥하다,"꽥꽥거리다, 꽥꽥대다

"
꾀다,"꼬이다1

"
꾀다,"꼬이다4

"
꾸르륵거리다,"꾸르륵꾸르륵하다, 꾸르륵대다

"
꾸르륵거리다,"꾸르륵꾸르륵하다, 꾸르륵대다

"
꾸르륵거리다,"꾸르륵꾸르륵하다, 꾸르륵대다

"
꾸르륵꾸르륵하다,"꾸르륵거리다, 꾸르륵대다

"
꾸르륵꾸르륵하다,"꾸르륵거리다, 꾸르륵대다

"
꾸르륵꾸르륵하다,"꾸르륵거리다, 꾸르륵대다

"
꾸르륵대다,"꾸르륵거리다, 꾸르륵꾸르륵하다

"
꾸르륵대다,"꾸르륵거리다, 꾸르륵꾸르륵하다

"
꾸르륵대다,"꾸르륵거리다, 꾸르륵꾸르륵하다

"
꾸물거리다,"꾸물꾸물하다, 꾸물대다
작은말 꼬물거리다

"
꾸물거리다,"꾸물꾸물하다, 꾸물대다
작은말 꼬물거리다

"
꾸물거리다,"꾸물꾸물하다, 꾸물대다
작은말 꼬물거리다

"
꾸물거리다,"꾸물대다

"
꾸물꾸물하다,"꾸물거리다, 꾸물대다
작은말 꼬물꼬물하다

"
꾸물꾸물하다,"꾸물거리다, 꾸물대다
작은말 꼬물꼬물하다

"
꾸물꾸물하다,"꾸물거리다, 꾸물대다
작은말 꼬물꼬물하다

"
꾸물대다,"꾸물거리다, 꾸물꾸물하다
작은말 꼬물대다

"
꾸물대다,"꾸물거리다, 꾸물꾸물하다
작은말 꼬물대다

"
꾸물대다,"꾸물거리다, 꾸물꾸물하다
작은말 꼬물대다

"
꾸물대다,"꾸물거리다

"
꾸중하다,"꾸지람하다, 꾸짖다

"
꾸지람하다,"꾸중하다, 꾸짖다

"
꾸짖다,"꾸중하다, 꾸지람하다

"
꿀꿀거리다,"꿀꿀대다

"
꿀꿀대다,"꿀꿀거리다

"
꿈지럭거리다,"꿈지럭꿈지럭하다, 꿈지럭대다
작은말 꼼지락거리다

"
꿈지럭꿈지럭하다,"꿈지럭거리다, 꿈지럭대다
작은말 꼼지락꼼지락하다

"
꿈지럭대다,"꿈지럭거리다, 꿈지럭꿈지럭하다
작은말 꼼지락대다

"
꿈틀거리다,"꿈틀꿈틀하다, 꿈틀대다

"
꿈틀거리다,"꿈틀꿈틀하다, 꿈틀대다

"
꿈틀꿈틀하다,"꿈틀거리다, 꿈틀대다

"
꿈틀꿈틀하다,"꿈틀거리다, 꿈틀대다

"
꿈틀대다,"꿈틀거리다, 꿈틀꿈틀하다

"
꿈틀대다,"꿈틀거리다, 꿈틀꿈틀하다

"
꿍치다,"꼬불치다

"
꿰뚫다,"관통하다

"
끄덕거리다,"끄덕끄덕하다, 끄덕대다

"
끄덕끄덕하다,"끄덕거리다, 끄덕대다

"
끄덕대다,"끄덕거리다, 끄덕끄덕하다

"
끄적거리다,"끄적대다

"
끄적대다,"끄적거리다

"
끈적거리다,"끈적대다

"
끈적거리다,"끈적대다

"
끈적대다,"끈적거리다

"
끈적대다,"끈적거리다

"
끌다,"이끌다

"
끌다,"이끌다

"
끔벅거리다,"끔벅끔벅하다, 끔벅대다
작은말 깜박거리다

"
끔벅거리다,"끔벅끔벅하다, 끔벅대다
작은말 깜박거리다

"
끔벅끔벅하다,"끔벅거리다, 끔벅대다
작은말 깜박깜박하다

"
끔벅끔벅하다,"끔벅거리다, 끔벅대다
작은말 깜박깜박하다

"
끔벅대다,"끔벅거리다, 끔벅끔벅하다
작은말 깜박대다

"
끔벅대다,"끔벅거리다, 끔벅끔벅하다
작은말 깜박대다

"
끙끙거리다,"끙끙대다

"
끙끙거리다,"끙끙대다

"
끙끙대다,"끙끙거리다

"
끙끙대다,"끙끙거리다

"
끝나다,"끝장나다

"
끝막음하다,"종결하다

"
끝장나다,"끝나다

"
끼적거리다,"끼적끼적하다1, 끼적대다1

"
끼적거리다,"끼적끼적하다2, 끼적대다2
작은말 깨작거리다

"
끼적끼적하다,"끼적거리다1, 끼적대다1

"
끼적끼적하다,"끼적거리다2, 끼적대다2

"
끼적대다,"끼적거리다1, 끼적끼적하다1

"
끼적대다,"끼적거리다2, 끼적끼적하다2
작은말 깨작대다

"
낄낄거리다,"낄낄대다
"
낄낄대다,"낄낄거리다

"
낑낑거리다,"낑낑대다

"
낑낑대다,"낑낑거리다

"
나들다,"드나들다

"
나들다,"드나들다

"
나들다,"드나들다

"
나불거리다,"나불나불하다1, 나불대다1
"
나불거리다,"나불대다2, 나불나불하다2

"
나불나불하다,"나불거리다1, 나불대다1
"
나불나불하다,"나불거리다2, 나불대다2

"
나불대다,"나불거리다1, 나불나불하다1
"
나불대다,"나불거리다2, 나불나불하다2

"
나풀거리다,"나풀나풀하다, 나풀대다
여린말 나불거리다1

"
나풀나풀하다,"나풀거리다, 나풀대다
여린말 나불나불하다1

"
나풀대다,"나풀거리다, 나풀나풀하다
여린말 나불대다1

"
낙제하다,"불합격하다
"
낙착되다,"결정되다

"
낙착하다,"결정하다

"
낚시질하다,"낚시하다

"
낚시하다,"낚시질하다

"
난파되다,"파선되다

"
난파하다,"파선하다

"
날름거리다,"날름대다, 날름날름하다
큰말 널름거리다

"
날름거리다,"날름대다, 날름날름하다
큰말 널름거리다

"
날름날름하다,"날름거리다, 날름대다
큰말 널름널름하다

"
날름날름하다,"날름거리다, 날름대다
큰말 널름널름하다

"
날름대다,"날름거리다, 날름날름하다
큰말 널름대다

"
날름대다,"날름거리다, 날름날름하다
큰말 널름대다

"
남진하다,"남하하다

"
남하하다,"남진하다
"
납득하다,"알아듣다, 이해하다

"
납부되다,"납입되다

"
납부하다,"납입하다

"
납입되다,"납부되다

"
납입하다,"납부하다

"
낭독하다,"낭송하다

"
낭송하다,"낭독하다

"
낳다,"배출하다2

"
내닫다,"내뛰다

"
내뛰다,"내닫다

"
내려뜨리다,"내려트리다

"
내려뜨리다,"내려트리다

"
내려트리다,"내려뜨리다

"
내려트리다,"내려뜨리다

"
내리쪼이다,"내리쬐다

"
내리쬐다,"내리쪼이다

"
내불다,"내뿜다

"
내뿜다,"내불다
"
내왕하다,"오가다, 왕래하다

"
내왕하다,"오가다, 왕래하다

"
내통하다,"간음하다, 야합하다, 통정하다

"
내한하다,"방한하다

"
냉대하다,"박대하다, 푸대접하다

"
너덜거리다,"너덜너덜하다1, 너덜대다
"
너덜너덜하다,"너덜거리다, 너덜대다

"
너덜대다,"너덜거리다, 너덜너덜하다1
"
너울거리다,"너울너울하다, 너울대다

"
너울거리다,"너울너울하다, 너울대다

"
너울너울하다,"너울거리다, 너울대다

"
너울너울하다,"너울거리다, 너울대다

"
너울대다,"너울거리다, 너울너울하다

"
너울대다,"너울거리다, 너울너울하다

"
너털거리다,"너털너털하다, 너털대다
여린말 너덜거리다

"
너털거리다,"너털너털하다, 너털대다

"
너털너털하다,"너털거리다, 너털대다
여린말 너덜너덜하다1

"
너털너털하다,"너털거리다, 너털대다

"
너털대다,"너털거리다, 너털너털하다

"
너털대다,"너털거리다, 너털너털하다

"
너풀거리다,"너풀너풀하다, 너풀대다

"
너풀너풀하다,"너풀거리다, 너풀대다

"
너풀대다,"너풀거리다, 너풀너풀하다

"
널름거리다,"널름널름하다, 널름대다
작은말 날름거리다

"
널름거리다,"널름널름하다, 널름대다
작은말 날름거리다

"
널름널름하다,"널름거리다, 널름대다
작은말 날름날름하다

"
널름널름하다,"널름거리다, 널름대다
작은말 날름날름하다

"
널름대다,"널름거리다, 널름널름하다
작은말 날름대다

"
널름대다,"널름거리다, 널름널름하다
작은말 날름대다

"
넘겨다보다,"넘어다보다

"
넘다,"건너뛰다

"
넘보다,"넘겨다보다, 넘어다보다

"
넘실거리다,"넘실넘실하다, 넘실대다

"
넘실거리다,"넘실넘실하다, 넘실대다

"
넘실거리다,"넘실넘실하다, 넘실대다

"
넘실넘실하다,"넘실거리다, 넘실대다

"
넘실넘실하다,"넘실거리다, 넘실대다

"
넘실넘실하다,"넘실거리다, 넘실대다

"
넘실대다,"넘실거리다, 넘실넘실하다

"
넘실대다,"넘실거리다, 넘실넘실하다

"
넘실대다,"넘실거리다, 넘실넘실하다

"
넘어다보다,"넘겨다보다

"
넘어다보다,"넘겨다보다, 넘보다

"
넘쳐흐르다,"흘러넘치다

"
넘쳐흐르다,"흘러넘치다

"
넘쳐흐르다,"흘러넘치다

"
넙죽거리다,"넙죽넙죽하다, 넙죽대다

"
넙죽거리다,"넙죽넙죽하다, 넙죽대다

"
넙죽넙죽하다,"넙죽거리다, 넙죽대다

"
넙죽넙죽하다,"넙죽거리다, 넙죽대다

"
넙죽대다,"넙죽거리다, 넙죽넙죽하다

"
넙죽대다,"넙죽거리다, 넙죽넙죽하다

"
노닥거리다,"노닥노닥하다, 노닥대다

"
노닥노닥하다,"노닥거리다, 노닥대다

"
노닥대다,"노닥거리다, 노닥노닥하다

"
노려보다,"흘겨보다

"
노름하다,"도박하다

"
논박되다,"반박되다

"
논박하다,"반박하다

"
논의되다,"의논되다

"
논의하다,"의논하다

"
논파하다,"설파하다

"
놀다,"놀아나다

"
놀아나다,"놀다

"
농담하다,"농하다

"
농익다,"무르익다
"
농익다,"무르익다

"
농하다,"농담하다

"
놓아기르다,"놓아먹이다

"
놓아먹이다,"놓아기르다

"
누그러들다,"누그러지다

"
누그러들다,"누그러지다

"
누그러뜨리다,"누그러트리다, 누그리다

"
누그러지다,"누그러들다

"
누그러지다,"누그러들다

"
누그러트리다,"누그러뜨리다, 누그리다

"
누그리다,"누그러뜨리다, 누그러트리다

"
누설되다,"누출되다

"
누설되다,"누출되다

"
누설하다,"누출하다

"
누설하다,"누출하다

"
누이다,"눕히다
"
누이다,"눕히다
"
누출되다,"누설되다

"
누출되다,"누설되다

"
누출하다,"누설하다

"
누출하다,"누설하다

"
눕히다,"누이다1

"
눕히다,"누이다1

"
뉘다,"눕히다

"
뉘다,"눕히다

"
뉘엿거리다,"뉘엿대다

"
뉘엿거리다,"뉘엿대다

"
뉘엿대다,"뉘엿거리다

"
뉘엿대다,"뉘엿거리다

"
느글거리다,"느글느글하다1, 느글대다
"
느글느글하다,"느글거리다, 느글대다
"
느글대다,"느글거리다, 느글느글하다1
"
느물거리다,"느물느물하다, 느물대다

"
느물느물하다,"느물거리다, 느물대다

"
느물대다,"느물거리다, 느물느물하다

"
능글거리다,"능글대다

"
능글대다,"능글거리다

"
니글거리다,"니글니글하다1, 니글대다
"
니글니글하다,"니글거리다, 니글대다
"
니글대다,"니글거리다, 니글니글하다1

"
다독거리다,"다독다독하다, 다독대다

"
다독거리다,"다독다독하다, 다독대다

"
다독거리다,"다독다독하다, 다독대다

"
다독다독하다,"다독거리다, 다독대다

"
다독다독하다,"다독거리다, 다독대다

"
다독다독하다,"다독거리다, 다독대다

"
다독대다,"다독거리다, 다독다독하다

"
다독대다,"다독거리다, 다독다독하다

"
다독대다,"다독거리다, 다독다독하다

"
다음가다,"버금가다

"
단결되다,"단합되다

"
단결하다,"단합하다

"
단교하다,"절교하다

"
단련하다,"연마하다

"
단장하다,"화장하다1

"
단합되다,"단결되다

"
단합하다,"단결하다

"
단행되다,"결행되다

"
단행하다,"결행하다

"
달그락거리다,"달그락달그락하다, 달그락대다
큰말 덜그럭거리다

"
달그락달그락하다,"달그락거리다, 달그락대다
큰말 덜그럭덜그럭하다

"
달그락대다,"달그락거리다, 달그락달그락하다
큰말 덜그럭대다

"
달달거리다,"달달대다
큰말 덜덜거리다

"
달달거리다,"달달대다
큰말 덜덜거리다

"
달달대다,"달달거리다
큰말 덜덜대다

"
달달대다,"달달거리다
큰말 덜덜대다

"
달랑거리다,"달랑달랑하다1, 달랑대다

"
달랑거리다,"달랑달랑하다1, 달랑대다
"
달랑달랑하다,"달랑거리다, 달랑대다

"
달랑달랑하다,"달랑거리다, 달랑대다

"
달랑대다,"달랑거리다, 달랑달랑하다1

"
달랑대다,"달랑거리다, 달랑달랑하다1

"
달싹거리다,"달싹대다

"
달싹거리다,"달싹대다

"
달싹대다,"달싹거리다

"
달싹대다,"달싹거리다

"
달음박질치다,"달음질치다

"
달음박질하다,"달음질하다, 뜀박질하다, 뜀질하다

"
달음질치다,"달음박질치다

"
달음질하다,"달음박질하다, 뜀박질하다, 뜀질하다

"
답신하다,"회신하다

"
답하다,"대답하다

"
답하다,"회답하다

"
당도하다,"도달하다

"
당선되다,"입선되다
"
당선하다,"입선하다
"
대꾸하다,"말대꾸하다

"
대담하다,"대화하다

"
대답하다,"답하다

"
대들다,"받다2

"
대롱거리다,"대롱대다, 대롱대롱하다

"
대롱대다,"대롱거리다, 대롱대롱하다

"
대롱대롱하다,"대롱거리다, 대롱대다

"
대립되다,"대치되다2

"
대립하다,"맞서다, 대치하다1

"
대여하다,"빌려주다

"
대우하다,"대접하다

"
대접하다,"대우하다

"
대체되다,"교체되다

"
대체하다,"갈다1, 교체하다

"
대취하다,"만취하다

"
대치되다,"대립되다

"
대치하다,"대립하다, 맞서다

"
대하다,"관하다

"
대화하다,"대담하다1

"
더듬거리다,"더듬대다, 더듬더듬하다

"
더듬거리다,"더듬대다, 더듬더듬하다
"
더듬대다,"더듬거리다, 더듬더듬하다

"
더듬대다,"더듬거리다, 더듬더듬하다
"
더듬더듬하다,"더듬거리다, 더듬대다

"
더듬더듬하다,"더듬거리다, 더듬대다
"
덜그럭거리다,"덜그럭대다, 덜그럭덜그럭하다
작은말 달그락거리다

"
덜그럭대다,"덜그럭거리다, 덜그럭덜그럭하다
작은말 달그락대다

"
덜그럭덜그럭하다,"덜그럭거리다, 덜그럭대다
작은말 달그락달그락하다

"
덜덜거리다,"덜덜대다
작은말 달달거리다

"
덜덜거리다,"덜덜대다
작은말 달달거리다

"
덜덜대다,"덜덜거리다
작은말 달달대다

"
덜덜대다,"덜덜거리다
작은말 달달대다

"
덜렁거리다,"덜렁대다, 덜렁덜렁하다

"
덜렁거리다,"덜렁대다, 덜렁덜렁하다

"
덜렁거리다,"덜렁대다, 덜렁덜렁하다

"
덜렁대다,"덜렁거리다, 덜렁덜렁하다

"
덜렁대다,"덜렁거리다, 덜렁덜렁하다

"
덜렁대다,"덜렁거리다, 덜렁덜렁하다

"
덜렁덜렁하다,"덜렁거리다, 덜렁대다

"
덜렁덜렁하다,"덜렁거리다, 덜렁대다

"
덜렁덜렁하다,"덜렁거리다, 덜렁대다

"
덜커덕거리다,"덜커덕대다, 덜커덕덜커덕하다
"
덜커덕대다,"덜커덕거리다, 덜커덕덜커덕하다
"
덜커덕덜커덕하다,"덜커덕거리다, 덜커덕대다

"
덜커덩거리다,"덜커덩대다, 덜커덩덜커덩하다
"
덜커덩대다,"덜커덩거리다, 덜커덩덜커덩하다
"
덜커덩덜커덩하다,"덜커덩거리다, 덜커덩대다

"
덜컥거리다,"덜컥대다1, 덜컥덜컥하다

"
덜컥거리다,"덜컥대다2
본말 덜커덕거리다

"
덜컥대다,"덜컥거리다1, 덜컥덜컥하다

"
덜컥대다,"덜컥거리다2
본말 덜커덕대다

"
덜컥덜컥하다,"덜컥거리다1, 덜컥대다1

"
덜컹거리다,"덜컹대다1, 덜컹덜컹하다

"
덜컹거리다,"덜컹대다2
본말 덜커덩거리다

"
덜컹대다,"덜컹거리다1, 덜컹덜컹하다

"
덜컹대다,"덜컹거리다2
본말 덜커덩대다

"
덜컹덜컹하다,"덜컹거리다1, 덜컹대다1

"
덤벙거리다,"덤벙대다

"
덤벙대다,"덤벙거리다

"
덩실거리다,"덩실대다, 덩실덩실하다

"
덩실대다,"덩실거리다, 덩실덩실하다

"
덩실덩실하다,"덩실거리다, 덩실대다

"
데모하다,"시위하다

"
데우다,"가열하다1

"
도닥거리다,"도닥대다, 도닥도닥하다
"
도닥대다,"도닥거리다, 도닥도닥하다
"
도닥도닥하다,"도닥거리다, 도닥대다
"
도달하다,"당도하다

"
도둑질하다,"도적질하다

"
도란거리다,"도란대다, 도란도란하다
큰말 두런거리다

"
도란대다,"도란거리다, 도란도란하다
큰말 두런대다

"
도란도란하다,"도란거리다, 도란대다
큰말 두런두런하다

"
도래하다,"전래하다

"
도망가다,"도망치다

"
도망치다,"도망가다

"
도망하다,"도주하다

"
도박하다,"노름하다

"
도산하다,"파산하다

"
도색하다,"색칠하다

"
도적질하다,"도둑질하다

"
도주하다,"도망하다

"
도지다,"동하다

"
도치되다,"뒤바뀌다

"
도치하다,"뒤바꾸다

"
독점하다,"독차지하다

"
독차지하다,"독점하다

"
돌보다,"돌아보다

"
돌아보다,"돌보다

"
동감하다,"공감하다

"
동동거리다,"동동대다

"
동동대다,"동동거리다

"
동반하다,"동행하다

"
동하다,"도지다

"
동행하다,"동반하다

"
되묻다,"반문하다

"
되새기다,"곱씹다, 되씹다

"
되새기다,"되새김질하다

"
되새기다,"곱씹다, 되씹다

"
되새김질하다,"되새기다

"
되씹다,"곱씹다, 되새기다

"
되씹다,"곱씹다, 되새기다

"
되씹다,"곱씹다, 되새기다

"
되작거리다,"되작대다, 되작되작하다
큰말 뒤적거리다

"
되작대다,"되작거리다, 되작되작하다
큰말 뒤적대다

"
되작되작하다,"되작거리다, 되작대다
큰말 뒤적뒤적하다

"
두근거리다,"두근대다, 두근두근하다

"
두근거리다,"두근대다, 두근두근하다

"
두근대다,"두근거리다, 두근두근하다

"
두근대다,"두근거리다, 두근두근하다

"
두근두근하다,"두근거리다, 두근대다

"
두근두근하다,"두근거리다, 두근대다

"
두런거리다,"두런대다, 두런두런하다
작은말 도란거리다

"
두런대다,"두런거리다, 두런두런하다
작은말 도란대다

"
두런두런하다,"두런거리다, 두런대다
작은말 도란도란하다

"
두리번거리다,"두리번대다, 두리번두리번하다

"
두리번대다,"두리번거리다, 두리번두리번하다

"
두리번두리번하다,"두리번거리다, 두리번대다

"
두말하다,"군말하다, 군소리하다

"
둘러쓰다,"뒤집어쓰다

"
둘러쓰다,"뒤집어쓰다

"
둘러쓰다,"뒤집어쓰다

"
뒤끓다,"들끓다

"
뒤뚱거리다,"뒤뚱대다, 뒤뚱뒤뚱하다

"
뒤뚱대다,"뒤뚱거리다, 뒤뚱뒤뚱하다

"
뒤뚱뒤뚱하다,"뒤뚱거리다, 뒤뚱대다

"
뒤바꾸다,"도치하다

"
뒤바뀌다,"도치되다

"
뒤서다,"뒤지다1

"
뒤엎다,"뒤집어엎다

"
뒤엎다,"뒤집어엎다

"
뒤엎다,"뒤집어엎다

"
뒤엎다,"뒤집어엎다

"
뒤적거리다,"뒤적대다, 뒤적뒤적하다
작은말 되작거리다
"
뒤적거리다,"뒤적대다, 뒤적뒤적하다
"
뒤적대다,"뒤적거리다, 뒤적뒤적하다
작은말 되작대다
"
뒤적대다,"뒤적거리다, 뒤적뒤적하다
"
뒤적뒤적하다,"뒤적거리다, 뒤적대다
작은말 되작되작하다
"
뒤적뒤적하다,"뒤적거리다, 뒤적대다
"
뒤지다,"뒤서다

"
뒤집어쓰다,"둘러쓰다

"
뒤집어쓰다,"둘러쓰다

"
뒤집어쓰다,"둘러쓰다

"
뒤집어엎다,"뒤엎다

"
뒤집어엎다,"뒤엎다

"
뒤집어엎다,"뒤엎다

"
뒤집어엎다,"뒤엎다

"
뒤척거리다,"뒤척대다, 뒤척뒤척하다
여린말 뒤적거리다

"
뒤척거리다,"뒤척대다, 뒤척뒤척하다
여린말 뒤적거리다

"
뒤척대다,"뒤척거리다, 뒤척뒤척하다
여린말 뒤적대다

"
뒤척대다,"뒤척거리다, 뒤척뒤척하다
여린말 뒤적대다

"
뒤척뒤척하다,"뒤척거리다, 뒤척대다
여린말 뒤적뒤적하다

"
뒤척뒤척하다,"뒤척거리다, 뒤척대다
여린말 뒤적뒤적하다

"
뒤치다꺼리하다,"뒷바라지하다

"
뒤치락거리다,"뒤치락대다

"
뒤치락대다,"뒤치락거리다

"
뒷바라지하다,"뒤치다꺼리하다

"
뒷받침하다,"지원하다1

"
드나들다,"나들다

"
드나들다,"나들다

"
드나들다,"나들다

"
득시글거리다,"득시글대다, 득시글득시글하다
"
득시글대다,"득시글거리다, 득시글득시글하다
"
득시글득시글하다,"득시글거리다, 득시글대다
"
득실거리다,"득실대다, 득실득실하다
본말 득시글거리다

"
득실대다,"득실거리다, 득실득실하다
본말 득시글대다

"
득실득실하다,"득실거리다, 득실대다
본말 득시글득시글하다

"
들끓다,"뒤끓다

"
들락거리다,"들락대다, 들랑거리다, 들랑대다

"
들락날락하다,"들랑날랑하다

"
들락대다,"들락거리다, 들랑거리다, 들랑대다

"
들랑거리다,"들락거리다, 들락대다, 들랑대다

"
들랑날랑하다,"들락날락하다

"
들랑대다,"들락거리다, 들락대다, 들랑거리다

"
들먹거리다,"들먹대다, 들먹들먹하다

"
들먹거리다,"들먹대다, 들먹들먹하다

"
들먹거리다,"들먹대다, 들먹들먹하다

"
들먹거리다,"들먹대다, 들먹들먹하다

"
들먹거리다,"들먹대다, 들먹들먹하다

"
들먹대다,"들먹거리다, 들먹들먹하다

"
들먹대다,"들먹거리다, 들먹들먹하다

"
들먹대다,"들먹거리다, 들먹들먹하다

"
들먹대다,"들먹거리다, 들먹들먹하다

"
들먹대다,"들먹거리다, 들먹들먹하다

"
들먹들먹하다,"들먹거리다, 들먹대다

"
들먹들먹하다,"들먹거리다, 들먹대다

"
들먹들먹하다,"들먹거리다, 들먹대다

"
들먹들먹하다,"들먹거리다, 들먹대다

"
들먹들먹하다,"들먹거리다, 들먹대다

"
들썩거리다,"들썩대다, 들썩들썩하다

"
들썩거리다,"들썩대다, 들썩들썩하다

"
들썩거리다,"들썩대다, 들썩들썩하다

"
들썩거리다,"들썩대다, 들썩들썩하다

"
들썩대다,"들썩거리다, 들썩들썩하다

"
들썩대다,"들썩거리다, 들썩들썩하다

"
들썩대다,"들썩거리다, 들썩들썩하다

"
들썩대다,"들썩거리다, 들썩들썩하다

"
들썩들썩하다,"들썩거리다, 들썩대다

"
들썩들썩하다,"들썩거리다, 들썩대다

"
들썩들썩하다,"들썩거리다, 들썩대다

"
들썩들썩하다,"들썩거리다, 들썩대다

"
들썽거리다,"들썽대다, 들썽들썽하다

"
들썽대다,"들썽거리다, 들썽들썽하다

"
들썽들썽하다,"들썽거리다, 들썽대다

"
들어박히다,"틀어박히다

"
들어붙다,"들러붙다

"
들어붙다,"들러붙다

"
들어붙다,"들러붙다

"
등극하다,"등위하다, 즉위하다

"
등위하다,"등극하다

"
따끔거리다,"따끔대다, 따끔따끔하다1

"
따끔거리다,"따끔대다, 따끔따끔하다1

"
따끔거리다,"따끔대다, 따끔따끔하다1

"
따끔대다,"따끔거리다, 따끔따끔하다1

"
따끔대다,"따끔거리다, 따끔따끔하다1

"
따끔대다,"따끔거리다, 따끔따끔하다1

"
따끔따끔하다,"따끔거리다, 따끔대다

"
따끔따끔하다,"따끔거리다, 따끔대다

"
따끔따끔하다,"따끔거리다, 따끔대다

"
딱딱거리다,"딱딱대다1

"
딱딱거리다,"딱딱대다2

"
딱딱대다,"딱딱거리다1

"
딱딱대다,"딱딱거리다2

"
딸랑거리다,"딸랑대다, 딸랑딸랑하다
여린말 달랑거리다

"
딸랑거리다,"딸랑대다, 딸랑딸랑하다

"
딸랑대다,"딸랑거리다, 딸랑딸랑하다
작은말 달랑대다

"
딸랑대다,"딸랑거리다, 딸랑딸랑하다

"
딸랑딸랑하다,"딸랑거리다, 딸랑대다

"
딸랑딸랑하다,"딸랑거리다, 딸랑대다

"
때려누이다,"때려눕히다

"
때려누이다,"때려눕히다

"
때려눕히다,"때려누이다

"
때려눕히다,"때려누이다

"
떠다밀다,"떠밀다

"
떠다밀다,"떠밀다

"
떠돌다,"유랑하다

"
떠듬거리다,"떠듬대다, 떠듬떠듬하다
여린말 더듬거리다

"
떠듬대다,"떠듬거리다, 떠듬떠듬하다
여린말 더듬대다

"
떠듬떠듬하다,"떠듬거리다, 떠듬대다
여린말 더듬더듬하다

"
떠밀다,"떠다밀다

"
떠밀다,"떠다밀다

"
떨구다,"떨어뜨리다, 떨어트리다

"
떨구다,"떨어뜨리다, 떨어트리다

"
떨구다,"떨어뜨리다, 떨어트리다

"
떨구다,"떨어뜨리다, 떨어트리다

"
떨구다,"떨어뜨리다, 떨어트리다

"
떨구다,"떨어뜨리다, 떨어트리다

"
떨구다,"떨어뜨리다, 떨어트리다

"
떨구다,"떨어뜨리다, 떨어트리다

"
떨구다,"떨치다2

"
떨구다,"떨치다2

"
떨구다,"떨어뜨리다, 떨어트리다

"
떨어뜨리다,"떨구다, 떨어트리다

"
떨어뜨리다,"떨구다, 떨어트리다

"
떨어뜨리다,"떨구다, 떨어트리다

"
떨어뜨리다,"떨구다, 떨어트리다

"
떨어뜨리다,"떨구다

"
떨어뜨리다,"떨구다, 떨어트리다

"
떨어뜨리다,"떨어트리다

"
떨어뜨리다,"떨구다, 떨어트리다

"
떨어뜨리다,"떨구다, 떨어트리다

"
떨어뜨리다,"떨구다, 떨어트리다

"
떨어뜨리다,"떨어트리다

"
떨어뜨리다,"떨어트리다

"
떨어트리다,"떨구다, 떨어뜨리다

"
떨어트리다,"떨구다, 떨어뜨리다

"
떨어트리다,"떨구다, 떨어뜨리다

"
떨어트리다,"떨구다, 떨어뜨리다

"
떨어트리다,"떨구다, 떨어뜨리다

"
떨어트리다,"떨어뜨리다

"
떨어트리다,"떨구다, 떨어뜨리다

"
떨어트리다,"떨구다, 떨어뜨리다

"
떨어트리다,"떨구다, 떨어뜨리다

"
떨어트리다,"떨구다, 떨어뜨리다

"
떨어트리다,"떨구다, 떨어뜨리다

"
떨어트리다,"떨어뜨리다

"
떨치다,"떨구다

"
떨치다,"떨구다

"
떵떵거리다,"떵떵대다

"
떵떵대다,"떵떵거리다

"
뚜벅거리다,"뚜벅대다, 뚜벅뚜벅하다

"
뚜벅대다,"뚜벅거리다, 뚜벅뚜벅하다

"
뚜벅뚜벅하다,"뚜벅거리다, 뚜벅대다
작은말 또박또박하다1

"
뚝딱거리다,"뚝딱대다, 뚝딱뚝딱하다1

"
뚝딱거리다,"뚝딱대다, 뚝딱뚝딱하다1

"
뚝딱대다,"뚝딱거리다, 뚝딱뚝딱하다1

"
뚝딱대다,"뚝딱거리다, 뚝딱뚝딱하다1

"
뚝딱뚝딱하다,"뚝딱거리다, 뚝딱대다

"
뚝딱뚝딱하다,"뚝딱거리다, 뚝딱대다

"
뚱땅거리다,"뚱땅대다, 뚱땅뚱땅하다

"
뚱땅대다,"뚱땅거리다, 뚱땅뚱땅하다

"
뚱땅뚱땅하다,"뚱땅거리다, 뚱땅대다

"
뛰놀다,"뛰어놀다

"
뛰어놀다,"뛰놀다

"
뜀박질하다,"뜀질하다

"
뜀박질하다,"달음박질하다, 달음질하다, 뜀질하다

"
뜀질하다,"뜀박질하다

"
뜀질하다,"달음박질하다, 달음질하다, 뜀박질하다

"
뜨끔거리다,"뜨끔대다, 뜨끔뜨끔하다1

"
뜨끔거리다,"뜨끔대다, 뜨끔뜨끔하다1

"
뜨끔대다,"뜨끔거리다, 뜨끔뜨끔하다1

"
뜨끔대다,"뜨끔거리다, 뜨끔뜨끔하다1

"
뜨끔뜨끔하다,"뜨끔거리다, 뜨끔대다

"
뜨끔뜨끔하다,"뜨끔거리다, 뜨끔대다

"
마름질하다,"재단하다

"
마사지하다,"안마하다

"
마수걸이하다,"개시하다1

"
마스터하다,"숙달하다

"
만개하다,"만발하다

"
만발하다,"만개하다

"
만지작거리다,"만지작대다, 만지작만지작하다

"
만지작대다,"만지작거리다, 만지작만지작하다

"
만지작만지작하다,"만지작거리다, 만지작대다

"
만취하다,"대취하다

"
말다툼하다,"말싸움하다, 언쟁하다

"
말대꾸하다,"대꾸하다

"
말똥거리다,"말똥대다, 말똥말똥하다1
큰말 멀뚱거리다

"
말똥대다,"말똥거리다, 말똥말똥하다1

"
말똥말똥하다,"말똥거리다, 말똥대다

"
말랑거리다,"말랑대다
큰말 물렁거리다

"
말랑대다,"말랑거리다

"
말미암다,"기인하다

"
말싸움하다,"말다툼하다

"
망가뜨리다,"망가트리다

"
망가트리다,"망가뜨리다

"
망각하다,"잊다

"
맞서다,"대립하다, 대치하다1

"
맡다,"맡아보다

"
맡아보다,"맡다1

"
매끈거리다,"매끈대다
큰말 미끈거리다

"
매끈대다,"매끈거리다

"
매료되다,"매혹되다
"
매료하다,"매혹하다
"
매식하다,"외식하다

"
매혹당하다,"매료당하다

"
매혹되다,"매료되다

"
매혹시키다,"매료시키다

"
매혹하다,"매료하다

"
머무적거리다,"머무적대다, 머무적머무적하다
"
머무적대다,"머무적거리다, 머무적머무적하다
"
머무적머무적하다,"머무적거리다, 머무적대다
"
머뭇거리다,"머뭇대다, 머뭇머뭇하다
본말 머무적거리다

"
머뭇대다,"머뭇거리다, 머뭇머뭇하다
본말 머무적대다

"
머뭇머뭇하다,"머뭇거리다, 머뭇대다
본말 머무적머무적하다

"
멀뚱거리다,"멀뚱대다, 멀뚱멀뚱하다
작은말 말똥거리다

"
멀뚱대다,"멀뚱거리다, 멀뚱멀뚱하다

"
멈추다,"멎다

"
멈추다,"멎다

"
멈칫거리다,"멈칫대다, 멈칫멈칫하다

"
멈칫대다,"멈칫거리다, 멈칫멈칫하다

"
멈칫멈칫하다,"멈칫거리다, 멈칫대다

"
멎다,"멈추다

"
멎다,"멈추다

"
메꾸다,"메우다

"
메꾸다,"메우다

"
메슥거리다,"메슥대다, 메슥메슥하다

"
메슥대다,"메슥거리다, 메슥메슥하다

"
메슥메슥하다,"메슥거리다, 메슥대다

"
메우다,"메꾸다

"
메우다,"메꾸다

"
명명하다,"명하다1

"
명하다,"명명하다

"
명하다,"명령하다

"
명하다,"임명하다, 임하다1

"
목격하다,"목도하다

"
목도하다,"목격하다

"
목매다,"목매달다

"
목매다,"목매달다

"
목매달다,"목매다

"
목매달다,"목매다

"
몰두하다,"골몰하다

"
몸서리나다,"몸서리치다

"
몸서리치다,"몸서리나다

"
무르익다,"농익다
"
무르익다,"농익다
"
문상하다,"조문하다

"
문책하다,"힐문하다

"
물다,"물어내다

"
물들이다,"염색하다

"
물렁거리다,"물렁대다
작은말 말랑거리다

"
물렁대다,"물렁거리다

"
물리다,"미루다

"
물어내다,"물다2

"
물컹거리다,"물컹대다

"
물컹대다,"물컹거리다

"
뭉그적거리다,"뭉그적대다, 뭉그적뭉그적하다

"
뭉그적대다,"뭉그적거리다, 뭉그적뭉그적하다

"
뭉그적뭉그적하다,"뭉그적거리다, 뭉그적대다

"
미끈거리다,"미끈대다
작은말 매끈거리다

"
미끈대다,"미끈거리다

"
미루다,"물리다3
"
미적거리다,"미적대다, 미적미적하다

"
미적대다,"미적거리다, 미적미적하다

"
미적미적하다,"미적거리다, 미적대다

"
바글거리다,"바글대다, 바글바글하다
큰말 버글거리다

"
바글거리다,"바글대다, 바글바글하다
큰말 버글거리다

"
바글대다,"바글거리다, 바글바글하다
큰말 버글대다

"
바글대다,"바글거리다, 바글바글하다
큰말 버글대다

"
바글바글하다,"바글거리다, 바글대다
큰말 버글버글하다

"
바글바글하다,"바글거리다, 바글대다
큰말 버글버글하다

"
바동거리다,"바동대다, 바동바동하다
큰말 바둥거리다, 버둥거리다

"
바동거리다,"바동대다, 바동바동하다
큰말 바둥거리다, 버둥거리다

"
바동대다,"바동거리다
큰말 바둥대다, 버둥대다

"
바동대다,"바동거리다
큰말 바둥대다, 버둥대다

"
바동바동하다,"바동거리다
큰말 바둥바둥하다, 버둥버둥하다

"
바동바동하다,"바동거리다
큰말 바둥바둥하다, 버둥버둥하다

"
바둥거리다,"바둥대다, 바둥바둥하다
작은말 바동거리다

"
바둥거리다,"바둥대다, 바둥바둥하다
작은말 바동거리다

"
바둥대다,"바둥거리다, 바둥바둥하다
작은말 바동대다

"
바둥대다,"바둥거리다, 바둥바둥하다
작은말 바동대다

"
바둥바둥하다,"바둥거리다, 바둥대다
작은말 바동바동하다

"
바둥바둥하다,"바둥거리다
작은말 바동바동하다

"
바라다보다,"바라보다

"
바라보다,"바라다보다

"
바로잡다,"고치다

"
바삭거리다,"바삭대다

"
바삭거리다,"바삭대다

"
바삭거리다,"바삭대다

"
바삭대다,"바삭거리다

"
바삭대다,"바삭거리다

"
바삭대다,"바삭거리다

"
바스락거리다,"바스락대다, 바스락바스락하다

"
바스락대다,"바스락거리다, 바스락바스락하다

"
바스락바스락하다,"바스락거리다, 바스락대다

"
박대하다,"푸대접하다
"
반들거리다,"반들대다, 반들반들하다
큰말 번들거리다

"
반들대다,"반들거리다, 반들반들하다
큰말 번들대다

"
반문하다,"되묻다

"
반박되다,"논박되다

"
반박하다,"논박하다

"
반전되다,"역전되다

"
반전하다,"역전하다

"
반질거리다,"반질대다, 반질반질하다2
큰말 번질거리다
"
반질거리다,"반질대다, 반질반질하다1
큰말 번질거리다
"
반질대다,"반질거리다, 반질반질하다2
큰말 번질대다
"
반질대다,"반질거리다, 반질반질하다1
큰말 번질대다
"
반질반질하다,"반질거리다, 반질대다

"
반짝거리다,"반짝대다, 반짝반짝하다1

"
반짝대다,"반짝거리다, 반짝반짝하다1

"
반짝반짝하다,"반짝거리다, 반짝대다
큰말 번쩍번쩍하다1
"
반포되다,"공고되다, 공시되다, 공포되다

"
반포하다,"공고하다1, 공시하다, 공포하다

"
받다,"거두다2

"
받다,"대들다

"
발급되다,"발부되다

"
발급하다,"발부하다

"
발매되다,"판매되다

"
발매하다,"판매하다

"
발부되다,"발급되다

"
발부하다,"발급하다

"
발송되다,"우송되다

"
발송하다,"우송하다

"
발신되다,"송신되다

"
발신하다,"송신하다

"
발화되다,"점화되다

"
발화하다,"점화하다

"
밝히다,"새우다

"
밤샘하다,"철야하다

"
방관하다,"방치하다, 좌시하다

"
방글거리다,"방글대다

"
방글대다,"방글거리다

"
방사하다,"성교하다

"
방실거리다,"방실대다, 방실방실하다

"
방실대다,"방실거리다, 방실방실하다

"
방실방실하다,"방실거리다, 방실대다

"
방심하다,"부주의하다

"
방치하다,"방관하다, 좌시하다

"
방한하다,"내한하다

"
방해되다,"거리끼다, 저해되다

"
방해하다,"저해하다

"
배기다,"버티다

"
배분되다,"분배되다

"
배분하다,"분배하다

"
배출하다,"낳다

"
버글거리다,"버글대다, 버글버글하다
작은말 바글거리다

"
버글거리다,"버글대다, 버글버글하다
작은말 바글거리다

"
버글대다,"버글거리다, 버글버글하다

"
버글대다,"버글거리다, 버글버글하다

"
버글버글하다,"버글거리다, 버글대다

"
버글버글하다,"버글거리다, 버글대다

"
버금가다,"다음가다
"
버둥거리다,"버둥대다, 버둥버둥하다
작은말 바동거리다

"
버둥거리다,"버둥대다, 버둥버둥하다
작은말 바동거리다

"
버둥대다,"버둥거리다, 버둥버둥하다

"
버둥대다,"버둥거리다, 버둥버둥하다

"
버둥버둥하다,"버둥거리다, 버둥대다

"
버둥버둥하다,"버둥거리다, 버둥대다

"
버르적거리다,"버르적대다, 버르적버르적하다

"
버르적대다,"버르적거리다, 버르적버르적하다

"
버르적버르적하다,"버르적거리다, 버르적대다

"
버벅거리다,"버벅대다

"
버벅대다,"버벅거리다

"
버석거리다,"버석대다, 버석버석하다1

"
버석대다,"버석거리다, 버석버석하다1

"
버석버석하다,"버석거리다, 버석대다

"
버티다,"배기다2

"
번득거리다,"번득대다, 번득번득하다
"
번득대다,"번득거리다, 번득번득하다

"
번득번득하다,"번득거리다, 번득대다

"
번들거리다,"번들대다, 번들번들하다
작은말 반들거리다

"
번들대다,"번들거리다, 번들번들하다
작은말 반들대다

"
번뜩거리다,"번뜩대다, 번뜩번뜩하다
여린말 번득거리다

"
번뜩거리다,"번뜩번뜩하다

"
번뜩대다,"번뜩거리다, 번뜩번뜩하다

"
번뜩번뜩하다,"번뜩거리다, 번뜩대다

"
번뜩번뜩하다,"번뜩거리다

"
번질거리다,"번질대다, 번질번질하다
작은말 반질거리다

"
번질거리다,"번질대다
작은말 반질거리다

"
번질대다,"번질거리다, 번질번질하다

"
번질대다,"번질거리다

"
번쩍거리다,"번쩍대다, 번쩍번쩍하다1

"
번쩍대다,"번쩍거리다, 번쩍번쩍하다1

"
번쩍번쩍하다,"번쩍거리다, 번쩍대다

"
벌떡거리다,"벌떡대다, 벌떡벌떡하다

"
벌떡거리다,"벌떡대다, 벌떡벌떡하다

"
벌떡거리다,"벌떡대다, 벌떡벌떡하다

"
벌떡대다,"벌떡거리다, 벌떡벌떡하다

"
벌떡대다,"벌떡거리다, 벌떡벌떡하다

"
벌떡대다,"벌떡거리다, 벌떡벌떡하다

"
벌떡벌떡하다,"벌떡거리다, 벌떡대다

"
벌떡벌떡하다,"벌떡거리다, 벌떡대다

"
벌떡벌떡하다,"벌떡거리다, 벌떡대다

"
벌렁거리다,"벌렁대다, 벌렁벌렁하다

"
벌렁대다,"벌렁거리다

"
벌렁벌렁하다,"벌렁거리다

"
벌름거리다,"벌름대다, 벌름벌름하다

"
벌름대다,"벌름거리다, 벌름벌름하다

"
벌름벌름하다,"벌름거리다, 벌름대다

"
법석거리다,"법석대다, 법석법석하다

"
법석대다,"법석거리다, 법석법석하다

"
법석법석하다,"법석거리다, 법석대다

"
벙글거리다,"벙글대다, 벙글벙글하다

"
벙글대다,"벙글거리다, 벙글벙글하다

"
벙글벙글하다,"벙글거리다, 벙글대다

"
벙긋거리다,"벙긋대다1, 벙긋벙긋하다1, 벙싯거리다, 벙싯대다, 벙싯벙싯하다
작은말 방긋거리다

"
벙긋거리다,"벙긋대다2, 벙긋벙긋하다2

"
벙긋대다,"벙긋거리다1, 벙긋벙긋하다1, 벙싯거리다, 벙싯대다, 벙싯벙싯하다

"
벙긋대다,"벙긋거리다2

"
벙긋벙긋하다,"벙긋거리다1, 벙긋대다1, 벙싯벙싯하다, 벙싯거리다, 벙싯대다

"
벙긋벙긋하다,"벙긋거리다2

"
벙싯거리다,"벙싯대다, 벙싯벙싯하다, 벙긋거리다1, 벙긋대다1, 벙긋벙긋하다1

"
벙싯대다,"벙싯거리다, 벙긋벙긋하다1, 벙싯벙싯하다, 벙긋거리다1, 벙긋대다1

"
벙싯벙싯하다,"벙싯거리다, 벙긋거리다1, 벙긋대다1, 벙긋벙긋하다1, 벙싯대다

"
변상하다,"변제하다

"
변제하다,"변상하다

"
변천되다,"변화되다

"
변천하다,"변화하다

"
변화되다,"변천되다

"
변화하다,"변천하다

"
병합되다,"합병되다

"
병합하다,"합병하다

"
보글거리다,"보글대다, 보글보글하다
큰말 부글거리다

"
보글거리다,"보글대다, 보글보글하다
큰말 부글거리다

"
보글거리다,"보글대다, 보글보글하다

"
보글대다,"보글거리다, 보글보글하다
큰말 부글대다

"
보글대다,"보글거리다, 보글보글하다
큰말 부글대다

"
보글대다,"보글거리다, 보글보글하다

"
보글보글하다,"보글거리다, 보글대다
큰말 부글부글하다

"
보글보글하다,"보글거리다, 보글대다
큰말 부글부글하다

"
보글보글하다,"보글거리다, 보글대다

"
보류되다,"유보되다

"
보류하다,"유보하다

"
보복하다,"앙갚음하다

"
보편화되다,"일반화되다

"
보편화하다,"일반화하다

"
복닥거리다,"복닥대다, 복닥복닥하다

"
복닥대다,"복닥거리다, 복닥복닥하다

"
복닥복닥하다,"복닥거리다, 복닥대다

"
복작거리다,"복작대다, 복작복작하다

"
복작대다,"복작거리다, 복작복작하다

"
복작복작하다,"복작거리다, 복작대다

"
부글거리다,"부글대다, 부글부글하다
작은말 보글거리다

"
부글거리다,"부글대다, 부글부글하다
작은말 보글거리다

"
부글거리다,"부글대다, 부글부글하다

"
부글거리다,"부글대다, 부글부글하다

"
부글대다,"부글거리다, 부글부글하다
작은말 보글대다

"
부글대다,"부글거리다, 부글부글하다
작은말 보글대다

"
부글대다,"부글거리다, 부글부글하다

"
부글대다,"부글거리다, 부글부글하다

"
부글부글하다,"부글거리다, 부글대다
작은말 보글보글하다

"
부글부글하다,"부글거리다, 부글대다
작은말 보글보글하다

"
부글부글하다,"부글거리다, 부글대다

"
부글부글하다,"부글거리다, 부글대다

"
부들거리다,"부들대다, 부들부들하다1

"
부들대다,"부들거리다, 부들부들하다1

"
부들부들하다,"부들거리다, 부들대다
"
부러뜨리다,"분지르다

"
부르릉거리다,"부르릉대다, 부르릉부르릉하다

"
부르릉대다,"부르릉거리다, 부르릉부르릉하다

"
부르릉부르릉하다,"부르릉거리다, 부르릉대다

"
부스럭거리다,"부스럭대다, 부스럭부스럭하다

"
부스럭대다,"부스럭거리다, 부스럭부스럭하다

"
부스럭부스럭하다,"부스럭거리다, 부스럭대다

"
부착되다,"장착되다

"
부착하다,"장착하다

"
부치다,"지지다

"
북상하다,"북진하다
"
북적거리다,"북적대다, 북적북적하다

"
북적대다,"북적거리다, 북적북적하다

"
북적북적하다,"북적거리다, 북적대다

"
북진하다,"북상하다

"
분만하다,"해산하다1, 출산하다

"
분배되다,"배분되다

"
분배하다,"배분하다

"
분실되다,"유실되다2

"
분실하다,"유실하다2
"
분전하다,"분투하다

"
분지르다,"부러뜨리다

"
분투하다,"분전하다

"
불거지다,"튀어나오다

"
불공드리다,"공양드리다

"
불끈거리다,"불끈대다, 불끈불끈하다

"
불끈거리다,"불끈대다, 불끈불끈하다

"
불끈거리다,"불끈대다, 불끈불끈하다

"
불끈대다,"불끈거리다, 불끈불끈하다

"
불끈대다,"불끈거리다, 불끈불끈하다

"
불끈대다,"불끈거리다, 불끈불끈하다

"
불끈불끈하다,"불끈거리다, 불끈대다

"
불끈불끈하다,"불끈거리다, 불끈대다

"
불끈불끈하다,"불끈거리다, 불끈대다

"
불룩거리다,"불룩대다, 불룩불룩하다1

"
불룩대다,"불룩거리다, 불룩불룩하다1

"
불룩불룩하다,"불룩거리다, 불룩대다

"
불복종하다,"불복하다

"
불복하다,"불복종하다

"
불사르다,"사르다

"
불사르다,"사르다

"
불합격하다,"낙제하다
"
붕붕거리다,"붕붕대다, 붕붕하다

"
붕붕거리다,"붕붕대다, 붕붕하다

"
붕붕거리다,"붕붕대다, 붕붕하다

"
붕붕대다,"붕붕거리다

"
붕붕대다,"붕붕거리다

"
붕붕대다,"붕붕거리다

"
붕붕하다,"붕붕거리다

"
붕붕하다,"붕붕거리다

"
붕붕하다,"붕붕거리다

"
붙들다,"붙잡다

"
붙들다,"붙잡다

"
붙들다,"붙잡다

"
붙어살다,"기생하다

"
붙잡다,"붙들다

"
붙잡다,"붙들다

"
붙잡다,"붙들다

"
비꼬다,"꼬다

"
비방하다,"흉보다

"
비실거리다,"비실대다, 비실비실하다

"
비실거리다,"비실대다, 비실비실하다

"
비실대다,"비실거리다

"
비실대다,"비실거리다

"
비실비실하다,"비실거리다

"
비실비실하다,"비실거리다

"
비아냥거리다,"비아냥대다

"
비아냥대다,"비아냥거리다

"
비웃다,"웃다

"
비쭉거리다,"비쭉대다, 비쭉비쭉하다

"
비쭉대다,"비쭉거리다

"
비쭉비쭉하다,"비쭉거리다

"
비틀거리다,"비틀대다, 비틀비틀하다

"
비틀대다,"비틀거리다

"
비틀리다,"비틀어지다

"
비틀비틀하다,"비틀거리다

"
비틀어지다,"비틀리다

"
비판하다,"비평하다, 평론하다

"
비평하다,"비판하다, 평론하다

"
빈둥거리다,"빈둥빈둥하다, 빈둥대다

"
빈둥대다,"빈둥거리다

"
빈둥빈둥하다,"빈둥거리다

"
빈정거리다,"빈정대다, 빈정빈정하다

"
빈정대다,"빈정거리다

"
빈정빈정하다,"빈정거리다

"
빌려주다,"대여하다

"
빌빌거리다,"빌빌대다

"
빌빌거리다,"빌빌대다

"
빌빌대다,"빌빌거리다

"
빌빌대다,"빌빌거리다

"
빙글거리다,"빙글빙글하다, 빙글대다

"
빙글대다,"빙글거리다

"
빙글빙글하다,"빙글거리다

"
빙긋거리다,"빙긋대다, 빙긋빙긋하다

"
빙긋대다,"빙긋거리다

"
빙긋빙긋하다,"빙긋거리다

"
빠뜨리다,"빠트리다
"
빠뜨리다,"빠트리다
"
빠뜨리다,"빠트리다

"
빠뜨리다,"빠트리다

"
빠트리다,"빠뜨리다

"
빠트리다,"빠뜨리다

"
빠트리다,"빠뜨리다

"
빠트리다,"빠뜨리다

"
빤질거리다,"빤질대다, 반질거리다

"
빤질거리다,"빤질대다, 빤질빤질하다1
여린말 반질거리다

"
빤질대다,"빤질거리다

"
빤질대다,"빤질거리다, 빤질빤질하다1

"
빤질빤질하다,"빤질거리다, 빤질대다
여린말 반질반질하다1

"
빤짝대다,"빤짝거리다

"
빤짝빤짝하다,"빤짝거리다

"
빨빨거리다,"빨빨대다

"
빨빨대다,"빨빨거리다

"
빵빵거리다,"빵빵대다

"
빵빵거리다,"빵빵대다

"
빵빵거리다,"빵빵대다

"
빵빵대다,"빵빵거리다

"
빵빵대다,"빵빵거리다

"
빵빵대다,"빵빵거리다

"
빼다,"내빼다

"
빼앗다,"뺏다

"
빽빽대다,"빽빽거리다

"
뻐개다,"쪼개다
"
뻐끔거리다,"뻐끔대다, 뻐끔뻐끔하다

"
뻐끔거리다,"뻐끔대다, 뻐끔뻐끔하다

"
뻐끔대다,"뻐끔거리다

"
뻐끔대다,"뻐끔거리다

"
뻐끔뻐끔하다,"뻐끔거리다

"
뻐끔뻐끔하다,"뻐끔거리다

"
삐거덕거리다,"삐거덕대다, 삐거덕삐거덕하다
"
삐거덕대다,"삐거덕거리다
"
삐거덕삐거덕하다,"삐거덕거리다
"
삐걱거리다,"삐걱대다, 삐걱삐걱하다
본말 삐거덕거리다

"
삐걱대다,"삐걱거리다
본말 삐거덕대다

"
삐걱삐걱하다,"삐걱거리다
본말 삐거덕삐거덕하다

"
삐악거리다,"삐악대다, 삐악삐악하다

"
삐악대다,"삐악거리다

"
삐악삐악하다,"삐악거리다

"
삐죽거리다,"삐죽대다, 삐죽삐죽하다1

"
삐죽대다,"삐죽거리다

"
삐죽삐죽하다,"삐죽거리다

"
삐지다,"삐치다

"
삐쭉거리다,"삐쭉대다, 삐쭉삐쭉하다1

"
삐쭉대다,"삐쭉거리다

"
삐쭉삐쭉하다,"삐쭉거리다

"
삐치다,"삐지다

"
사각거리다,"사각대다, 사각사각하다
큰말 서걱거리다

"
사각거리다,"사각대다, 사각사각하다
큰말 서걱거리다

"
사각거리다,"사각대다, 사각사각하다
큰말 서걱거리다

"
사각거리다,"사각대다, 사각사각하다
큰말 서걱거리다

"
사각거리다,"사각대다, 사각사각하다
큰말 서걱거리다

"
사각대다,"사각거리다
큰말 서걱대다

"
사각대다,"사각거리다
큰말 서걱대다

"
사각대다,"사각거리다
큰말 서걱대다

"
사각대다,"사각거리다
큰말 서걱대다

"
사각대다,"사각거리다
큰말 서걱대다

"
사각사각하다,"사각거리다
큰말 서걱서걱하다

"
사각사각하다,"사각거리다
큰말 서걱서걱하다

"
사각사각하다,"사각거리다
큰말 서걱서걱하다

"
사각사각하다,"사각거리다
큰말 서걱서걱하다

"
사각사각하다,"사각거리다
큰말 서걱서걱하다

"
사격하다,"쏘다

"
사냥하다,"수렵하다

"
사라지다,"죽다1

"
사르다,"불사르다

"
사르다,"불사르다

"
사임하다,"사직하다

"
사직하다,"사임하다

"
산보하다,"산책하다

"
산책하다,"산보하다

"
살랑거리다,"살랑대다, 살랑살랑하다

"
살랑거리다,"살랑대다, 살랑살랑하다

"
살랑거리다,"살랑대다, 살랑살랑하다

"
살랑대다,"살랑거리다

"
살랑대다,"살랑거리다

"
살랑대다,"살랑거리다

"
살랑살랑하다,"살랑거리다

"
살랑살랑하다,"살랑거리다

"
살랑살랑하다,"살랑거리다

"
살살거리다,"살살대다

"
살살대다,"살살거리다

"
살인하다,"살해하다

"
살해하다,"살인하다

"
새근거리다,"새근대다, 새근새근하다
"
새근거리다,"새근대다, 새근새근하다
"
새근대다,"새근거리다, 새근새근하다
"
새근대다,"새근거리다, 새근새근하다
"
새근새근하다,"새근거리다, 새근대다
"
새근새근하다,"새근거리다, 새근대다
"
새우다,"밝히다

"
색칠하다,"도색하다

"
샐쭉거리다,"샐쭉대다, 샐쭉샐쭉하다1

"
샐쭉거리다,"샐쭉대다, 샐쭉샐쭉하다1

"
샐쭉대다,"샐쭉거리다

"
샐쭉대다,"샐쭉거리다

"
샐쭉샐쭉하다,"샐쭉거리다

"
샐쭉샐쭉하다,"샐쭉거리다

"
생글거리다,"생글대다, 생글생글하다

"
생글대다,"생글거리다

"
생글생글하다,"생글거리다
큰말 싱글싱글하다

"
서걱거리다,"서걱대다, 서걱서걱하다
작은말 사각거리다

"
서걱거리다,"서걱대다, 서걱서걱하다
작은말 사각거리다

"
서걱거리다,"서걱대다, 서걱서걱하다
작은말 사각거리다

"
서걱거리다,"서걱대다, 서걱서걱하다
작은말 사각거리다

"
서걱거리다,"서걱대다, 서걱서걱하다
작은말 사각거리다

"
서걱대다,"서걱거리다
작은말 사각대다

"
서걱대다,"서걱거리다
작은말 사각대다

"
서걱대다,"서걱거리다
작은말 사각대다

"
서걱대다,"서걱거리다
작은말 사각대다

"
서걱대다,"서걱거리다
작은말 사각대다

"
서걱서걱하다,"서걱거리다
작은말 사각사각하다

"
서걱서걱하다,"서걱거리다
"
서걱서걱하다,"서걱거리다
"
서걱서걱하다,"서걱거리다
"
서걱서걱하다,"서걱거리다
작은말 사각사각하다

"
서브하다,"서비스하다

"
서비스하다,"서브하다

"
서성거리다,"서성대다, 서성서성하다

"
서성대다,"서성거리다

"
서성서성하다,"서성거리다

"
석권하다,"휩쓸다

"
선고하다,"언도하다

"
설파하다,"논파하다

"
성교하다,"교합하다, 방사하다1

"
세면하다,"세수하다

"
세수하다,"세면하다, 세안하다

"
세안하다,"세수하다

"
셈하다,"계산하다

"
소곤거리다,"소곤대다, 소곤소곤하다
큰말 수군거리다

"
소곤대다,"소곤거리다, 소곤소곤하다
큰말 수군대다

"
소곤소곤하다,"소곤거리다, 소곤대다
큰말 수군수군하다

"
소망하다,"염원하다

"
소생하다,"갱생하다, 재생하다, 회생하다

"
소송하다,"송사하다

"
소원하다,"원하다, 희망하다

"
소제하다,"청소하다

"
속닥거리다,"속닥대다, 속닥속닥하다
큰말 숙덕거리다

"
속닥대다,"속닥거리다, 속닥속닥하다
큰말 숙덕대다

"
속닥속닥하다,"속닥거리다, 속닥대다
큰말 숙덕숙덕하다

"
속삭거리다,"속삭대다, 속삭속삭하다

"
속삭대다,"속삭거리다

"
속삭속삭하다,"속삭거리다

"
속살거리다,"속살대다, 속살속살하다

"
속살대다,"속살거리다

"
속살속살하다,"속살거리다

"
손가락질하다,"흉보다

"
솟구치다,"치솟다

"
솟구치다,"치솟다

"
송사하다,"소송하다

"
송신되다,"발신되다
"
송신하다,"발신하다
"
쇄신되다,"혁신되다

"
쇄신하다,"혁신하다

"
쇠락하다,"쇠퇴하다, 조락하다

"
쇠퇴하다,"쇠락하다

"
수군거리다,"수군대다, 수군수군하다
작은말 소곤거리다
"
수군대다,"수군거리다, 수군수군하다
작은말 소곤대다
"
수군수군하다,"수군거리다, 수군대다
작은말 소곤소곤하다
"
수런거리다,"수런대다, 수런수런하다

"
수런대다,"수런거리다, 수런수런하다

"
수런수런하다,"수런거리다, 수런대다

"
수렵하다,"사냥하다

"
수리하다,"고치다, 수선하다2

"
수선거리다,"수선대다

"
수선대다,"수선거리다

"
수선하다,"고치다, 수리하다2

"
수습하다,"견습하다

"
수식하다,"장식하다, 치장하다

"
수정하다,"정정하다1

"
숙달하다,"마스터하다

"
숙덕거리다,"숙덕대다, 숙덕숙덕하다
작은말 속닥거리다
"
숙덕대다,"숙덕거리다, 숙덕숙덕하다
작은말 속닥대다
"
숙덕숙덕하다,"숙덕거리다, 숙덕대다
작은말 속닥속닥하다
"
순시하다,"순찰하다

"
순찰하다,"순시하다

"
술렁거리다,"술렁대다, 술렁술렁하다

"
술렁대다,"술렁거리다, 술렁술렁하다

"
술렁술렁하다,"술렁거리다, 술렁대다

"
쉬다,"갈리다1

"
스멀거리다,"스멀대다, 스멀스멀하다

"
스멀대다,"스멀거리다, 스멀스멀하다

"
스멀스멀하다,"스멀거리다, 스멀대다

"
승계되다,"계승되다

"
승계하다,"계승하다

"
승낙하다,"허가하다, 허락하다, 허하다1
"
시부렁거리다,"시부렁대다, 시부렁시부렁하다
"
시부렁대다,"시부렁거리다, 시부렁시부렁하다
"
시부렁시부렁하다,"시부렁거리다, 시부렁대다
"
시시덕거리다,"시시덕대다, 시시덕시시덕하다

"
시시덕대다,"시시덕거리다

"
시시덕시시덕하다,"시시덕거리다

"
시위하다,"데모하다

"
시집가다,"출가하다2
"
시큰거리다,"시큰대다, 시큰시큰하다

"
시큰대다,"시큰거리다

"
시큰시큰하다,"시큰거리다

"
식식거리다,"식식대다
"
식식대다,"식식거리다
"
실각하다,"실족하다

"
실례하다,"실수하다

"
실룩거리다,"실룩대다, 실룩실룩하다
"
실룩대다,"실룩거리다, 실룩실룩하다
"
실룩실룩하다,"실룩거리다, 실룩대다
"
실수하다,"실례하다

"
실시되다,"실행되다

"
실시하다,"실행하다

"
실족하다,"실각하다

"
실행되다,"실시되다

"
실행하다,"실시하다

"
싱글거리다,"싱글대다, 싱글싱글하다

"
싱글대다,"싱글거리다

"
싱글싱글하다,"싱글거리다

"
싸고돌다,"싸돌다

"
싸고돌다,"싸돌다

"
싸고돌다,"싸돌다

"
싸다니다,"싸대다
"
싸대다,"싸다니다

"
싸돌다,"싸고돌다

"
싸돌다,"싸고돌다

"
싸돌다,"싸고돌다

"
싹쓸이하다,"일소하다

"
쌔근거리다,"쌔근대다, 쌔근쌔근하다
여린말 새근거리다

"
쌔근거리다,"쌔근대다, 쌔근쌔근하다
여린말 새근거리다

"
쌔근대다,"쌔근거리다, 쌔근쌔근하다
여린말 새근대다

"
쌔근대다,"쌔근거리다, 쌔근쌔근하다
여린말 새근대다

"
쌔근쌔근하다,"쌔근거리다, 쌔근대다
여린말 새근새근하다

"
쌔근쌔근하다,"쌔근거리다, 쌔근대다
여린말 새근새근하다

"
쌕쌕거리다,"쌕쌕대다

"
쌕쌕거리다,"쌕쌕대다

"
쌕쌕대다,"쌕쌕거리다

"
쌕쌕대다,"쌕쌕거리다

"
쏘다,"사격하다

"
쑤군거리다,"쑤군대다, 쑤군쑤군하다
여린말 수군거리다

"
쑤군대다,"쑤군거리다, 쑤군쑤군하다
여린말 수군대다

"
쑤군쑤군하다,"쑤군거리다, 쑤군대다
여린말 수군수군하다

"
쑥덕거리다,"쑥덕대다, 쑥덕쑥덕하다
여린말 숙덕거리다

"
쑥덕대다,"쑥덕거리다, 쑥덕쑥덕하다
여린말 숙덕대다

"
쑥덕쑥덕하다,"쑥덕거리다, 쑥덕대다
여린말 숙덕숙덕하다

"
씨근거리다,"씨근대다, 씨근씨근하다

"
씨근대다,"씨근거리다, 씨근씨근하다

"
씨근씨근하다,"씨근거리다, 씨근대다

"
씨부렁거리다,"씨부렁대다, 씨부렁씨부렁하다
여린말 시부렁거리다

"
씨부렁대다,"씨부렁거리다, 씨부렁씨부렁하다
여린말 시부렁대다

"
씨부렁씨부렁하다,"씨부렁거리다, 씨부렁대다
여린말 시부렁시부렁하다

"
씩씩거리다,"씩씩대다
여린말 식식거리다

"
씩씩대다,"씩씩거리다
여린말 식식대다

"
씰룩거리다,"씰룩대다, 씰룩씰룩하다
여린말 실룩거리다

"
씰룩대다,"씰룩거리다, 씰룩씰룩하다
여린말 실룩대다

"
씰룩씰룩하다,"씰룩거리다, 씰룩대다
여린말 실룩실룩하다

"
아롱거리다,"아롱대다, 아롱아롱하다

"
아롱대다,"아롱거리다, 아롱아롱하다

"
아롱아롱하다,"아롱거리다, 아롱대다

"
아른거리다,"아른대다, 아른아른하다
큰말 어른거리다

"
아른거리다,"아른대다, 아른아른하다
큰말 어른거리다

"
아른거리다,"아른대다, 아른아른하다
큰말 어른거리다

"
아른대다,"아른거리다, 아른아른하다
큰말 어른대다

"
아른대다,"아른거리다, 아른아른하다
큰말 어른대다

"
아른대다,"아른거리다, 아른아른하다
큰말 어른대다

"
아른아른하다,"아른거리다, 아른대다
큰말 어른어른하다

"
아른아른하다,"아른거리다, 아른대다
큰말 어른어른하다

"
아른아른하다,"아른거리다, 아른대다
큰말 어른어른하다

"
아부하다,"아첨하다

"
아첨하다,"아부하다

"
안도하다,"안심하다

"
안마하다,"마사지하다

"
안심하다,"안도하다

"
알랑거리다,"알랑대다, 알랑알랑하다

"
알랑대다,"알랑거리다, 알랑알랑하다

"
알랑알랑하다,"알랑거리다, 알랑대다

"
알아차리다,"알아채다

"
알아채다,"알아차리다

"
알짱거리다,"알짱대다, 알짱알짱하다
큰말 얼쩡거리다

"
알짱거리다,"알짱대다, 알짱알짱하다
큰말 얼쩡거리다

"
알짱대다,"알짱거리다, 알짱알짱하다
큰말 얼쩡대다

"
알짱대다,"알짱거리다, 알짱알짱하다
큰말 얼쩡대다

"
알짱알짱하다,"알짱거리다, 알짱대다
큰말 얼쩡얼쩡하다

"
알짱알짱하다,"알짱거리다, 알짱대다
큰말 얼쩡얼쩡하다

"
앙갚음하다,"보복하다

"
애끓다,"애타다

"
애타다,"애끓다

"
야단치다,"꾸지람하다, 나무라다

"
야합하다,"간음하다, 내통하다, 통정하다

"
약탈하다,"겁탈하다

"
약혼하다,"정혼하다

"
양분되다,"이분되다

"
양분하다,"이분하다

"
양성되다,"육성되다

"
양성하다,"육성하다

"
양육하다,"기르다

"
양치하다,"양치질하다

"
양해하다,"용납하다, 이해하다

"
얕보다,"경시하다

"
어기적거리다,"어기적대다, 어기적어기적하다

"
어기적대다,"어기적거리다, 어기적어기적하다

"
어기적어기적하다,"어기적거리다, 어기적대다

"
어른거리다,"어른대다, 어른어른하다
작은말 아른거리다

"
어른거리다,"어른대다, 어른어른하다
작은말 아른거리다

"
어른거리다,"어른대다, 어른어른하다
작은말 아른거리다

"
어른대다,"어른거리다, 어른어른하다
작은말 아른대다

"
어른대다,"어른거리다, 어른어른하다
작은말 아른대다

"
어른대다,"어른거리다, 어른어른하다
작은말 아른대다

"
어른어른하다,"어른거리다, 어른대다
작은말 아른아른하다

"
어른어른하다,"어른거리다, 어른대다
작은말 아른아른하다

"
어른어른하다,"어른거리다, 어른대다
작은말 아른아른하다

"
어물거리다,"어물대다, 어물어물하다

"
어물거리다,"어물대다, 어물어물하다

"
어물대다,"어물거리다, 어물어물하다

"
어물대다,"어물거리다, 어물어물하다

"
어물어물하다,"어물거리다, 어물대다

"
어물어물하다,"어물거리다, 어물대다

"
어물쩍거리다,"어물쩍대다, 어물쩍어물쩍하다

"
어물쩍대다,"어물쩍거리다, 어물쩍어물쩍하다

"
어물쩍어물쩍하다,"어물쩍거리다, 어물쩍대다

"
어슬렁거리다,"어슬렁대다, 어슬렁어슬렁하다

"
어슬렁대다,"어슬렁거리다, 어슬렁어슬렁하다

"
어슬렁어슬렁하다,"어슬렁거리다, 어슬렁대다

"
어쩌고저쩌고하다,"이러쿵저러쿵하다

"
언도하다,"선고하다

"
언쟁하다,"말다툼하다

"
얹히다,"체하다1

"
얼씬거리다,"얼씬대다, 얼씬얼씬하다

"
얼씬거리다,"얼씬대다, 얼씬얼씬하다

"
얼씬대다,"얼씬거리다, 얼씬얼씬하다

"
얼씬대다,"얼씬거리다, 얼씬얼씬하다

"
얼씬얼씬하다,"얼씬거리다, 얼씬대다

"
얼씬얼씬하다,"얼씬거리다, 얼씬대다

"
얼쩡거리다,"얼쩡대다, 얼쩡얼쩡하다
작은말 알짱거리다

"
얼쩡거리다,"얼쩡대다, 얼쩡얼쩡하다
작은말 알짱거리다

"
얼쩡대다,"얼쩡거리다, 얼쩡얼쩡하다
작은말 알짱대다

"
얼쩡대다,"얼쩡거리다, 얼쩡얼쩡하다
작은말 알짱대다

"
얼쩡얼쩡하다,"얼쩡거리다, 얼쩡대다
작은말 알짱알짱하다

"
얼쩡얼쩡하다,"얼쩡거리다, 얼쩡대다
작은말 알짱알짱하다

"
엉기다,"엉키다

"
엉기다,"엉키다

"
엉기다,"엉키다

"
엉기다,"엉키다

"
엉클어지다,"엉키다
"
엉클어지다,"엉키다
"
엉클어지다,"엉키다
"
엉키다,"엉클어지다

"
엉키다,"엉클어지다

"
엉키다,"엉클어지다

"
엉키다,"엉기다

"
엉키다,"엉기다

"
엉키다,"엉기다

"
엉키다,"엉기다

"
에돌다,"우회하다

"
여물다,"영글다

"
여물다,"영글다

"
여쭈다,"여쭙다

"
여쭈다,"여쭙다

"
여쭙다,"여쭈다

"
여쭙다,"여쭈다

"
역전되다,"반전되다

"
역전하다,"반전하다

"
연관되다,"관련되다

"
연관하다,"관련하다

"
연달다,"잇달다, 잇따르다

"
연달다,"연잇다, 잇달다, 잇따르다

"
연마하다,"갈다2

"
연마하다,"단련하다

"
연잇다,"연달다, 잇달다, 잇따르다

"
염색하다,"물들이다
"
염원하다,"소망하다

"
영글다,"여물다1

"
영글다,"여물다1

"
오가다,"내왕하다, 왕래하다

"
오가다,"내왕하다, 왕래하다

"
오물거리다,"오물대다, 오물오물하다
큰말 우물거리다

"
오물거리다,"오물대다, 오물오물하다
큰말 우물거리다

"
오물거리다,"오물대다, 오물오물하다
큰말 우물거리다

"
오물거리다,"오물대다, 오물오물하다
큰말 우물거리다

"
오물대다,"오물거리다, 오물오물하다
큰말 우물대다

"
오물대다,"오물거리다, 오물오물하다
큰말 우물대다

"
오물대다,"오물거리다, 오물오물하다
큰말 우물대다

"
오물대다,"오물거리다, 오물오물하다
큰말 우물대다

"
오물오물하다,"오물거리다, 오물대다
큰말 우물우물하다

"
오물오물하다,"오물거리다, 오물대다
큰말 우물우물하다

"
오물오물하다,"오물거리다, 오물대다
큰말 우물우물하다

"
오물오물하다,"오물거리다, 오물대다
큰말 우물우물하다

"
오싹거리다,"오싹오싹하다

"
오싹오싹하다,"오싹거리다

"
오해되다,"곡해되다

"
오해하다,"곡해하다

"
옭매다,"옭아매다

"
옭매다,"옭아매다

"
옭아매다,"옭매다

"
옭아매다,"옭매다

"
옹알거리다,"옹알대다, 옹알옹알하다
큰말 웅얼거리다

"
옹알거리다,"옹알대다, 옹알옹알하다

"
옹알대다,"옹알거리다, 옹알옹알하다
"
옹알대다,"옹알거리다, 옹알옹알하다

"
옹알옹알하다,"옹알거리다, 옹알대다
"
옹알옹알하다,"옹알거리다, 옹알대다

"
와글거리다,"와글대다, 와글와글하다

"
와글거리다,"와글대다, 와글와글하다

"
와글거리다,"와글대다, 와글와글하다

"
와글대다,"와글거리다, 와글와글하다

"
와글대다,"와글거리다, 와글와글하다

"
와글대다,"와글거리다, 와글와글하다

"
와글와글하다,"와글거리다, 와글대다

"
와글와글하다,"와글거리다, 와글대다

"
와글와글하다,"와글거리다, 와글대다

"
왕래하다,"내왕하다, 오가다

"
왕래하다,"내왕하다, 오가다

"
왕왕거리다,"왕왕대다

"
왕왕거리다,"왕왕대다

"
왕왕대다,"왕왕거리다

"
왕왕대다,"왕왕거리다

"
왱왱거리다,"왱왱대다, 왱왱하다

"
왱왱거리다,"왱왱대다, 왱왱하다

"
왱왱거리다,"왱왱대다, 왱왱하다

"
왱왱대다,"왱왱거리다, 왱왱하다

"
왱왱대다,"왱왱거리다, 왱왱하다

"
왱왱대다,"왱왱거리다, 왱왱하다

"
왱왱하다,"왱왱거리다, 왱왱대다

"
왱왱하다,"왱왱거리다, 왱왱대다

"
왱왱하다,"왱왱거리다, 왱왱대다

"
외식하다,"매식하다

"
요리되다,"조리되다

"
요리하다,"조리하다2

"
요약하다,"간추리다

"
용납하다,"양해하다, 이해하다

"
우글거리다,"우글대다, 우글우글하다

"
우글대다,"우글거리다, 우글우글하다

"
우글우글하다,"우글거리다, 우글대다

"
우당탕거리다,"우당탕대다, 우당탕우당탕하다

"
우당탕대다,"우당탕거리다, 우당탕우당탕하다

"
우당탕우당탕하다,"우당탕거리다, 우당탕대다

"
우대하다,"후대하다

"
우러나다,"우러나오다

"
우러나오다,"우러나다

"
우롱하다,"조롱하다

"
우르릉거리다,"우르릉대다, 우르릉우르릉하다

"
우르릉거리다,"우르릉대다, 우르릉우르릉하다

"
우르릉대다,"우르릉거리다, 우르릉우르릉하다

"
우르릉대다,"우르릉거리다, 우르릉우르릉하다

"
우르릉우르릉하다,"우르릉거리다, 우르릉대다

"
우르릉우르릉하다,"우르릉거리다, 우르릉대다

"
우물거리다,"우물대다, 우물우물하다
작은말 오물거리다

"
우물거리다,"우물대다, 우물우물하다
작은말 오물거리다

"
우물거리다,"우물대다, 우물우물하다
작은말 오물거리다

"
우물거리다,"우물대다, 우물우물하다
작은말 오물거리다

"
우물대다,"우물거리다, 우물우물하다
작은말 오물대다

"
우물대다,"우물거리다, 우물우물하다
작은말 오물대다

"
우물대다,"우물거리다, 우물우물하다
작은말 오물대다

"
우물대다,"우물거리다, 우물우물하다
작은말 오물대다

"
우물우물하다,"우물거리다, 우물대다
작은말 오물오물하다

"
우물우물하다,"우물거리다, 우물대다
작은말 오물오물하다

"
우물우물하다,"우물거리다, 우물대다
작은말 오물오물하다

"
우물우물하다,"우물거리다, 우물대다
작은말 오물오물하다

"
우송되다,"발송되다

"
우송하다,"발송하다

"
우쭐거리다,"우쭐대다

"
우쭐거리다,"우쭐대다

"
우쭐대다,"우쭐거리다

"
우쭐대다,"우쭐거리다

"
우회하다,"에돌다

"
욱신거리다,"욱신대다, 욱신욱신하다

"
욱신대다,"욱신거리다, 욱신욱신하다

"
욱신욱신하다,"욱신거리다, 욱신대다

"
운명하다,"죽다1

"
울렁거리다,"울렁대다, 울렁울렁하다

"
울렁거리다,"울렁대다, 울렁울렁하다

"
울렁거리다,"울렁대다, 울렁울렁하다

"
울렁거리다,"울렁대다, 울렁울렁하다

"
울렁대다,"울렁거리다, 울렁울렁하다

"
울렁대다,"울렁거리다, 울렁울렁하다

"
울렁대다,"울렁거리다, 울렁울렁하다

"
울렁대다,"울렁거리다, 울렁울렁하다

"
울렁울렁하다,"울렁거리다, 울렁대다

"
울렁울렁하다,"울렁거리다, 울렁대다

"
울렁울렁하다,"울렁거리다, 울렁대다

"
울렁울렁하다,"울렁거리다, 울렁대다

"
울먹거리다,"울먹대다, 울먹울먹하다

"
울먹대다,"울먹거리다, 울먹울먹하다

"
울먹울먹하다,"울먹거리다, 울먹대다

"
움직거리다,"움직대다, 움직움직하다

"
움직대다,"움직거리다, 움직움직하다

"
움직움직하다,"움직거리다

"
움찔거리다,"움찔움찔하다, 움찔하다

"
움찔움찔하다,"움찔거리다, 움찔하다

"
움찔하다,"움찔거리다, 움찔움찔하다

"
웃다,"비웃다

"
웅성거리다,"웅성대다, 웅성웅성하다

"
웅성대다,"웅성거리다

"
웅성웅성하다,"웅성거리다, 웅성대다

"
웅얼거리다,"웅얼대다, 웅얼웅얼하다
작은말 옹알거리다

"
웅얼대다,"웅얼거리다, 웅얼웅얼하다
작은말 옹알대다

"
웅얼웅얼하다,"웅얼거리다, 웅얼대다
작은말 옹알옹알하다

"
원하다,"소원하다1

"
위배되다,"위반되다

"
위배하다,"위반하다

"
윙윙거리다,"윙윙대다, 윙윙하다

"
윙윙거리다,"윙윙대다, 윙윙하다

"
윙윙거리다,"윙윙대다, 윙윙하다

"
윙윙거리다,"윙윙대다, 윙윙하다

"
윙윙대다,"윙윙거리다

"
윙윙대다,"윙윙거리다

"
윙윙대다,"윙윙거리다

"
윙윙대다,"윙윙거리다

"
윙윙하다,"윙윙거리다, 윙윙대다

"
윙윙하다,"윙윙거리다, 윙윙대다

"
윙윙하다,"윙윙거리다, 윙윙대다

"
윙윙하다,"윙윙거리다, 윙윙대다

"
유랑하다,"떠돌다

"
유보되다,"보류되다

"
유보하다,"보류하다

"
유산하다,"낙태하다

"
유실되다,"분실되다

"
유실하다,"분실하다

"
육성되다,"양성되다

"
육성하다,"양성하다

"
융성하다,"흥성하다

"
으뜸가다,"제일가다
"
으르렁거리다,"으르렁대다, 으르렁으르렁하다

"
으르렁거리다,"으르렁대다, 으르렁으르렁하다

"
으르렁대다,"으르렁거리다, 으르렁으르렁하다

"
으르렁대다,"으르렁거리다, 으르렁으르렁하다

"
으르렁으르렁하다,"으르렁거리다, 으르렁대다

"
으르렁으르렁하다,"으르렁거리다, 으르렁대다

"
으쓱거리다,"으쓱대다, 으쓱으쓱하다

"
으쓱거리다,"으쓱대다, 으쓱으쓱하다

"
으쓱대다,"으쓱거리다, 으쓱으쓱하다

"
으쓱대다,"으쓱거리다, 으쓱으쓱하다

"
으쓱으쓱하다,"으쓱거리다, 으쓱대다

"
으쓱으쓱하다,"으쓱거리다, 으쓱대다

"
은거하다,"퇴거하다

"
을러대다,"을러메다

"
을러메다,"을러대다

"
응시하다,"주시하다

"
응얼거리다,"응얼대다, 응얼응얼하다

"
응얼거리다,"응얼대다, 응얼응얼하다

"
응얼거리다,"응얼대다, 응얼응얼하다

"
응얼대다,"응얼거리다

"
응얼대다,"응얼거리다

"
응얼대다,"응얼거리다

"
응얼응얼하다,"응얼거리다

"
응얼응얼하다,"응얼거리다

"
응얼응얼하다,"응얼거리다

"
의결되다,"결의되다

"
의결하다,"결의하다2

"
의논되다,"논의되다

"
의논하다,"논의하다

"
이글거리다,"이글대다, 이글이글하다

"
이글거리다,"이글대다, 이글이글하다

"
이글거리다,"이글대다, 이글이글하다

"
이글대다,"이글거리다, 이글이글하다

"
이글대다,"이글거리다, 이글이글하다

"
이글대다,"이글거리다, 이글이글하다

"
이글이글하다,"이글거리다, 이글대다

"
이글이글하다,"이글거리다, 이글대다

"
이글이글하다,"이글거리다, 이글대다

"
이끌다,"끌다

"
이끌다,"끌다

"
이러쿵저러쿵하다,"어쩌고저쩌고하다

"
이럭저럭하다,"이렁저렁하다

"
이렁저렁하다,"이럭저럭하다

"
이르다,"타이르다

"
이르다,"고자질하다

"
이분되다,"양분되다

"
이죽거리다,"이죽대다, 이죽이죽하다

"
이죽대다,"이죽거리다, 이죽이죽하다

"
이죽이죽하다,"이죽거리다, 이죽대다

"
이해하다,"양해하다, 용납하다

"
인가하다,"인허하다

"
인허하다,"인가하다

"
일렁거리다,"일렁대다, 일렁일렁하다

"
일렁거리다,"일렁대다, 일렁일렁하다

"
일렁거리다,"일렁대다, 일렁일렁하다

"
일렁대다,"일렁거리다, 일렁일렁하다

"
일렁대다,"일렁거리다, 일렁일렁하다

"
일렁대다,"일렁거리다, 일렁일렁하다

"
일렁일렁하다,"일렁거리다, 일렁일렁하다

"
일렁일렁하다,"일렁거리다, 일렁일렁하다

"
일렁일렁하다,"일렁거리다, 일렁일렁하다

"
일반화되다,"보편화되다

"
일반화하다,"보편화하다

"
일소하다,"싹쓸이하다

"
일어나다,"일어서다

"
일어서다,"기립하다

"
일어서다,"일어나다

"
임명하다,"명하다2, 임하다1
"
임신되다,"잉태되다

"
임신하다,"잉태하다

"
임하다,"명하다2, 임명하다

"
입대하다,"입영하다
"
입맞춤하다,"키스하다

"
입맞춤하다,"키스하다

"
입선되다,"당선되다

"
입선하다,"당선하다

"
입신양명하다,"입신출세하다

"
입신출세하다,"입신양명하다

"
입영하다,"입대하다

"
잇달다,"연달다, 잇따르다

"
잇달다,"연달다, 잇따르다, 연잇다

"
잇따르다,"연달다, 잇달다

"
잇따르다,"연달다, 연잇다, 잇달다

"
잉잉거리다,"잉잉대다1, 잉잉하다1

"
잉잉거리다,"잉잉대다2, 잉잉하다2

"
잉잉거리다,"잉잉대다2, 잉잉하다2

"
잉잉대다,"잉잉거리다1, 잉잉하다1

"
잉잉대다,"잉잉거리다2, 잉잉하다2

"
잉잉대다,"잉잉거리다2, 잉잉하다2

"
잉잉하다,"잉잉거리다1, 잉잉대다1

"
잉잉하다,"잉잉거리다2, 잉잉대다2

"
잉잉하다,"잉잉거리다2, 잉잉대다2

"
잉태되다,"임신되다

"
잉태하다,"임신하다

"
잊다,"망각하다

"
자결하다,"자해하다, 자살하다

"
자급하다,"자족하다1

"
자부하다,"자신하다

"
자살하다,"자결하다, 자해하다
"
자신하다,"자부하다

"
자족하다,"자급하다

"
자찬하다,"자칭하다, 자화자찬하다

"
자칭하다,"자찬하다, 자화자찬하다

"
자해하다,"자결하다, 자살하다

"
자화자찬하다,"자찬하다, 자칭하다

"
작살나다,"부서지다

"
잔류하다,"잔존하다

"
잔존하다,"잔류하다

"
잡수시다,"잡수다
"
잡아넣다,"잡아들이다

"
잡아넣다,"잡아들이다

"
잡아들이다,"잡아넣다

"
잡아들이다,"잡아넣다

"
장가가다,"장가들다
"
장가들다,"장가가다

"
장생하다,"장수하다

"
장수하다,"장생하다

"
장식되다,"치장되다

"
장식하다,"수식하다, 치장하다

"
장착되다,"부착되다

"
장착하다,"부착하다

"
재가하다,"개가하다

"
재가하다,"결재하다

"
재구성되다,"재조직되다, 재편성되다

"
재구성하다,"재조직하다, 재편성하다

"
재다,"쟁이다
본말 재우다1

"
재다,"쟁이다
본말 재우다1

"
재단하다,"마름질하다

"
재미나다,"재미있다

"
재생하다,"갱생하다, 소생하다, 회생하다

"
재잘거리다,"재잘대다, 재잘재잘하다

"
재잘거리다,"재잘대다, 재잘재잘하다

"
재잘대다,"재잘거리다, 재잘재잘하다

"
재잘대다,"재잘거리다, 재잘재잘하다

"
재잘재잘하다,"재잘거리다, 재잘대다

"
재잘재잘하다,"재잘거리다, 재잘대다

"
재조직되다,"재구성되다, 재편성되다

"
재조직하다,"재구성하다, 재편성하다

"
재편되다,"재편성되다

"
재편성되다,"재구성되다, 재조직되다, 재편되다

"
재편성하다,"재구성하다, 재조직하다, 재편하다

"
재편하다,"재편성하다

"
쟁이다,"재다3

"
쟁이다,"재다3

"
쟁쟁거리다,"쟁쟁대다

"
쟁쟁거리다,"쟁쟁대다

"
쟁쟁대다,"쟁쟁거리다

"
쟁쟁대다,"쟁쟁거리다

"
저장되다,"갈무리되다

"
저장하다,"갈무리하다

"
저해되다,"거리끼다, 방해되다

"
저해하다,"방해하다

"
적대시하다,"적시하다2

"
적발되다,"적출되다

"
적발하다,"적출하다

"
적시하다,"적대시하다

"
적출되다,"적발되다

"
적출하다,"적발하다

"
전래하다,"도래하다2

"
전망하다,"조망하다

"
절감하다,"통감하다

"
절교하다,"단교하다

"
절뚝거리다,"절뚝대다, 절뚝절뚝하다
"
절뚝대다,"절뚝거리다, 절뚝절뚝하다

"
절뚝절뚝하다,"절뚝거리다, 절뚝대다

"
절룩거리다,"절룩대다, 절룩절룩하다

"
절룩대다,"절룩거리다, 절룩절룩하다

"
절룩절룩하다,"절룩거리다, 절룩대다

"
점거되다,"점령되다

"
점거되다,"점령되다

"
점거하다,"점령하다

"
점거하다,"점령하다

"
점령되다,"점거되다

"
점령되다,"점거되다

"
점령하다,"점거하다

"
점령하다,"점거하다

"
점화되다,"발화되다1

"
점화하다,"발화하다1

"
정정하다,"수정하다3

"
정혼하다,"약혼하다

"
제기되다,"제의되다

"
제기하다,"제언하다, 제의하다

"
제언하다,"제기하다, 제의하다

"
제의되다,"제기되다

"
제의하다,"제기하다, 제언하다

"
제일가다,"으뜸가다

"
제하다,"즈음하다

"
조락하다,"쇠락하다

"
조롱하다,"우롱하다

"
조리되다,"요리되다

"
조리하다,"요리하다2

"
조망하다,"전망하다

"
조문하다,"문상하다

"
조여들다,"죄어들다

"
조여들다,"죄어들다

"
조여들다,"죄어들다

"
조잘거리다,"조잘대다, 조잘조잘하다
큰말 주절거리다

"
조잘거리다,"조잘대다, 조잘조잘하다

"
조잘대다,"조잘거리다, 조잘조잘하다

"
조잘대다,"조잘거리다, 조잘조잘하다

"
조잘조잘하다,"조잘거리다, 조잘대다

"
조잘조잘하다,"조잘거리다, 조잘대다

"
조처하다,"조치하다

"
조치하다,"조처하다

"
종결하다,"끝막음하다

"
종알거리다,"종알대다, 종알종알하다
큰말 중얼거리다
"
종알대다,"종알거리다, 종알종알하다
"
종알종알하다,"종알거리다, 종알대다
"
좌시하다,"방관하다, 방치하다

"
좌우되다,"좌지우지되다

"
좌지우지되다,"좌우되다

"
죄어들다,"조여들다

"
죄어들다,"조여들다

"
죄어들다,"조여들다

"
주거하다,"거주하다

"
주리다,"굶다

"
주물럭거리다,"주물럭대다, 주물럭주물럭하다

"
주물럭대다,"주물럭거리다, 주물럭주물럭하다

"
주물럭주물럭하다,"주물럭거리다, 주물럭대다

"
주시하다,"응시하다1

"
주전부리하다,"군것질하다

"
주절거리다,"주절주절하다
작은말 조잘거리다

"
주절주절하다,"주절거리다

"
주춤거리다,"주춤대다, 주춤주춤하다

"
주춤대다,"주춤거리다, 주춤주춤하다

"
주춤주춤하다,"주춤거리다, 주춤대다

"
죽다,"운명하다
"
줄다,"감하다
"
줄다,"감소하다
"
중계되다,"중계방송되다

"
중계되다,"중계방송되다

"
중계방송되다,"중계되다

"
중계방송되다,"중계되다

"
중계방송하다,"중계하다

"
중계방송하다,"중계하다

"
중계하다,"중계방송하다

"
중계하다,"중계방송하다

"
중매하다,"중신하다

"
중신하다,"중매하다

"
중얼거리다,"중얼대다, 중얼중얼하다
작은말 종알거리다

"
중얼대다,"중얼거리다, 중얼중얼하다
작은말 종알대다

"
중얼중얼하다,"중얼거리다, 중얼대다
작은말 종알종알하다

"
즈음하다,"제하다2

"
즉위하다,"등극하다

"
증여되다,"기증되다, 증정되다

"
증여하다,"기증하다, 증정하다

"
증정되다,"기증되다, 증여되다

"
증정하다,"기증하다, 증여하다

"
지근거리다,"지근대다
"
지근대다,"지근거리다
"
지끈거리다,"지끈대다, 지끈지끈하다
여린말 지근거리다

"
지끈대다,"지끈거리다, 지끈지끈하다
여린말 지근대다

"
지끈지끈하다,"지끈거리다, 지끈대다

"
지나가다,"지나다

"
지나가다,"지나다

"
지나다,"지나가다

"
지나다,"지나가다

"
지분거리다,"지분대다, 지분지분하다

"
지분대다,"지분거리다, 지분지분하다

"
지분지분하다,"지분거리다, 지분대다

"
지원하다,"뒷받침하다

"
지지다,"부치다4

"
지지하다,"지탱하다

"
지탱하다,"지지하다

"
진득거리다,"진득대다
"
진득거리다,"진득대다
"
진득대다,"진득거리다
"
진득대다,"진득거리다
"
진보되다,"개화되다

"
진보하다,"개명하다2, 개화하다1
"
질겅거리다,"질겅대다

"
질겅대다,"질겅거리다

"
질금거리다,"질금대다, 질금질금하다
"
질금거리다,"질금대다, 질금질금하다
"
질금거리다,"질금대다, 질금질금하다
"
질금거리다,"질금대다, 질금질금하다
"
질금대다,"질금거리다, 질금질금하다
"
질금대다,"질금거리다, 질금질금하다
"
질금대다,"질금거리다, 질금질금하다
"
질금대다,"질금거리다, 질금질금하다
"
질금질금하다,"질금거리다, 질금대다
"
질금질금하다,"질금거리다, 질금대다
"
질금질금하다,"질금거리다, 질금대다
"
질금질금하다,"질금거리다, 질금대다
"
질문하다,"질의하다
"
질벅거리다,"질벅대다, 질벅질벅하다1
"
질벅대다,"질벅거리다, 질벅질벅하다1

"
질벅질벅하다,"질벅거리다, 질벅대다

"
질의하다,"질문하다
"
질척거리다,"질척대다, 질척질척하다

"
질척대다,"질척거리다, 질척질척하다

"
질척질척하다,"질척거리다, 질척대다

"
질투하다,"투기하다

"
질투하다,"시샘하다

"
질퍼덕거리다,"질퍼덕대다, 질퍼덕질퍼덕하다
"
질퍼덕대다,"질퍼덕거리다, 질퍼덕질퍼덕하다
"
질퍼덕질퍼덕하다,"질퍼덕거리다, 질퍼덕대다
"
질퍽거리다,"질퍽대다, 질퍽질퍽하다
여린말 질벅거리다
본말 질퍼덕거리다

"
질퍽대다,"질퍽거리다, 질퍽질퍽하다
본말 질퍼덕대다

"
질퍽질퍽하다,"질퍽거리다, 질퍽대다
본말 질퍼덕질퍼덕하다

"
집어먹다,"집어삼키다

"
집어삼키다,"집어먹다

"
집어치우다,"걷어치우다

"
집적거리다,"집적대다, 집적집적하다
"
집적거리다,"집적대다, 집적집적하다
"
집적대다,"집적거리다, 집적집적하다
"
집적대다,"집적거리다, 집적집적하다
"
집적집적하다,"집적거리다, 집적대다
"
집적집적하다,"집적거리다, 집적대다
"
징징거리다,"징징대다

"
징징대다,"징징거리다

"
짤랑거리다,"짤랑대다, 짤랑짤랑하다

"
짤랑대다,"짤랑거리다, 짤랑짤랑하다

"
짤랑짤랑하다,"짤랑거리다, 짤랑대다

"
짭짭거리다,"짭짭대다
큰말 쩝쩝거리다

"
짭짭거리다,"짭짭대다
큰말 쩝쩝거리다

"
짭짭거리다,"짭짭대다
큰말 쩝쩝거리다

"
짭짭대다,"짭짭거리다
큰말 쩝쩝대다

"
짭짭대다,"짭짭거리다
큰말 쩝쩝대다

"
짭짭대다,"짭짭거리다
큰말 쩝쩝대다

"
짹짹거리다,"짹짹대다, 짹짹하다

"
짹짹대다,"짹짹거리다, 짹짹하다

"
짹짹하다,"짹짹거리다, 짹짹대다

"
쨍그랑거리다,"쨍그랑대다, 쨍그랑쨍그랑하다

"
쨍그랑대다,"쨍그랑거리다, 쨍그랑쨍그랑하다

"
쨍그랑쨍그랑하다,"쨍그랑거리다, 쨍그랑대다

"
쩍쩍거리다,"쩍쩍대다, 쩍쩍하다

"
쩍쩍대다,"쩍쩍거리다, 쩍쩍하다

"
쩍쩍하다,"쩍쩍거리다, 쩍쩍대다

"
쩔뚝거리다,"쩔뚝대다, 쩔뚝쩔뚝하다
여린말 절뚝거리다

"
쩔뚝대다,"쩔뚝거리다, 쩔뚝쩔뚝하다
여린말 절뚝대다

"
쩔뚝쩔뚝하다,"쩔뚝거리다, 쩔뚝대다
여린말 절뚝절뚝하다

"
쩝쩝거리다,"쩝쩝대다
작은말 짭짭거리다

"
쩝쩝거리다,"쩝쩝대다
작은말 짭짭거리다

"
쩝쩝거리다,"쩝쩝대다
작은말 짭짭거리다

"
쩝쩝대다,"쩝쩝거리다
작은말 짭짭대다

"
쩝쩝대다,"쩝쩝거리다
작은말 짭짭대다

"
쩝쩝대다,"쩝쩝거리다
작은말 짭짭대다

"
쩡쩡거리다,"쩡쩡대다, 쩡쩡하다1

"
쩡쩡거리다,"쩡쩡대다, 쩡쩡하다1

"
쩡쩡거리다,"쩡쩡대다, 쩡쩡하다1

"
쩡쩡대다,"쩡쩡거리다, 쩡쩡하다1

"
쩡쩡대다,"쩡쩡거리다, 쩡쩡하다1

"
쩡쩡대다,"쩡쩡거리다, 쩡쩡하다1

"
쩡쩡하다,"쩡쩡거리다, 쩡쩡대다

"
쩡쩡하다,"쩡쩡거리다, 쩡쩡대다

"
쩡쩡하다,"쩡쩡거리다, 쩡쩡대다

"
쪼개다,"뻐개다

"
쪼르륵거리다,"쪼르륵대다, 쪼르륵쪼르륵하다

"
쪼르륵거리다,"쪼르륵대다, 쪼르륵쪼르륵하다

"
쪼르륵대다,"쪼르륵거리다, 쪼르륵쪼르륵하다

"
쪼르륵대다,"쪼르륵거리다, 쪼르륵쪼르륵하다

"
쪼르륵쪼르륵하다,"쪼르륵거리다, 쪼르륵대다

"
쪼르륵쪼르륵하다,"쪼르륵거리다, 쪼르륵대다

"
쪼이다,"쬐다

"
쪼이다,"쬐다

"
쫑긋거리다,"쫑긋대다, 쫑긋쫑긋하다1

"
쫑긋대다,"쫑긋거리다, 쫑긋쫑긋하다1

"
쫑긋쫑긋하다,"쫑긋거리다, 쫑긋대다

"
쫑알거리다,"쫑알대다, 쫑알쫑알하다
여린말 종알거리다

"
쫑알대다,"쫑알거리다, 쫑알쫑알하다
여린말 종알대다

"
쫑알쫑알하다,"쫑알거리다, 쫑알대다
여린말 종알종알하다

"
쬐다,"쪼이다1

"
쬐다,"쪼이다1

"
쭈뼛거리다,"쭈뼛대다, 쭈뼛쭈뼛하다1

"
쭈뼛거리다,"쭈뼛대다, 쭈뼛쭈뼛하다1

"
쭈뼛거리다,"쭈뼛대다, 쭈뼛쭈뼛하다1

"
쭈뼛거리다,"쭈뼛대다, 쭈뼛쭈뼛하다1

"
쭈뼛대다,"쭈뼛거리다, 쭈뼛쭈뼛하다1

"
쭈뼛대다,"쭈뼛거리다, 쭈뼛쭈뼛하다1

"
쭈뼛대다,"쭈뼛거리다, 쭈뼛쭈뼛하다1

"
쭈뼛대다,"쭈뼛거리다, 쭈뼛쭈뼛하다1

"
쭈뼛쭈뼛하다,"쭈뼛거리다, 쭈뼛대다

"
쭈뼛쭈뼛하다,"쭈뼛거리다, 쭈뼛대다

"
쭈뼛쭈뼛하다,"쭈뼛거리다, 쭈뼛대다

"
쭈뼛쭈뼛하다,"쭈뼛거리다, 쭈뼛대다

"
쯧쯧거리다,"쯧쯧대다

"
쯧쯧대다,"쯧쯧거리다

"
찐득거리다,"찐득대다, 찐득찐득하다1
여린말 진득거리다

"
찐득거리다,"찐득대다, 찐득찐득하다1
여린말 진득거리다

"
찐득대다,"찐득거리다, 찐득찐득하다1
여린말 진득대다

"
찐득대다,"찐득거리다, 찐득찐득하다1
여린말 진득대다

"
찐득찐득하다,"찐득거리다, 찐득대다

"
찐득찐득하다,"찐득거리다, 찐득대다

"
찔끔거리다,"찔끔대다, 찔끔찔끔하다
여린말 질금거리다

"
찔끔거리다,"찔끔대다, 찔끔찔끔하다
여린말 질금거리다

"
찔끔거리다,"찔끔대다, 찔끔찔끔하다
여린말 질금거리다

"
찔끔거리다,"찔끔대다, 찔끔찔끔하다
여린말 질금거리다

"
찔끔대다,"찔끔거리다, 찔끔찔끔하다
여린말 질금대다

"
찔끔대다,"찔끔거리다, 찔끔찔끔하다
여린말 질금대다

"
찔끔대다,"찔끔거리다, 찔끔찔끔하다
여린말 질금대다

"
찔끔대다,"찔끔거리다, 찔끔찔끔하다
여린말 질금대다

"
찔끔찔끔하다,"찔끔거리다, 찔끔대다
여린말 질금질금하다

"
찔끔찔끔하다,"찔끔거리다, 찔끔대다
여린말 질금질금하다

"
찔끔찔끔하다,"찔끔거리다, 찔끔대다
여린말 질금질금하다

"
찔끔찔끔하다,"찔끔거리다, 찔끔대다
여린말 질금질금하다

"
찝쩍거리다,"찝쩍대다, 찝쩍찝쩍하다
여린말 집적거리다

"
찝쩍거리다,"찝쩍대다, 찝쩍찝쩍하다
여린말 집적거리다

"
찝쩍대다,"찝쩍거리다, 찝쩍찝쩍하다
여린말 집적대다

"
찝쩍대다,"찝쩍거리다, 찝쩍찝쩍하다
여린말 집적대다

"
찝쩍찝쩍하다,"찝쩍거리다, 찝쩍대다
여린말 집적집적하다

"
찝쩍찝쩍하다,"찝쩍거리다, 찝쩍대다
여린말 집적집적하다

"
찡긋거리다,"찡긋대다, 찡긋찡긋하다

"
찡긋대다,"찡긋거리다, 찡긋찡긋하다

"
찡긋찡긋하다,"찡긋거리다, 찡긋대다

"
착공되다,"기공되다

"
착공하다,"기공하다

"
찬미하다,"찬송하다, 찬양하다

"
찬송하다,"찬미하다, 찬양하다

"
찬양하다,"찬미하다, 찬송하다

"
찰그랑거리다,"찰그랑대다, 찰그랑찰그랑하다

"
찰그랑대다,"찰그랑거리다, 찰그랑찰그랑하다

"
찰그랑찰그랑하다,"찰그랑거리다, 찰그랑대다

"
찰랑거리다,"찰랑대다, 찰랑찰랑하다1
큰말 철렁거리다

"
찰랑거리다,"찰랑대다, 찰랑찰랑하다1

"
찰랑대다,"찰랑거리다, 찰랑찰랑하다1
큰말 철렁대다

"
찰랑대다,"찰랑거리다, 찰랑찰랑하다1

"
찰랑찰랑하다,"찰랑거리다, 찰랑대다
큰말 철렁철렁하다1

"
찰랑찰랑하다,"찰랑거리다, 찰랑대다

"
찰싹거리다,"찰싹대다, 찰싹찰싹하다
큰말 철썩거리다

"
찰싹거리다,"찰싹대다, 찰싹찰싹하다
큰말 철썩거리다

"
찰싹대다,"찰싹거리다, 찰싹찰싹하다
큰말 철썩대다

"
찰싹대다,"찰싹거리다, 찰싹찰싹하다
큰말 철썩대다

"
찰싹찰싹하다,"찰싹거리다, 찰싹대다
큰말 철썩철썩하다

"
찰싹찰싹하다,"찰싹거리다, 찰싹대다
큰말 철썩철썩하다

"
책망하다,"책하다

"
책하다,"책망하다

"
천대하다,"천시하다

"
천시하다,"천대하다

"
철렁거리다,"철렁대다, 철렁철렁하다1
작은말 찰랑거리다

"
철렁거리다,"철렁대다, 철렁철렁하다1

"
철렁대다,"철렁거리다, 철렁철렁하다1
작은말 찰랑대다

"
철렁대다,"철렁거리다, 철렁철렁하다1

"
철렁철렁하다,"철렁거리다, 철렁대다
작은말 찰랑찰랑하다1

"
철렁철렁하다,"철렁거리다, 철렁대다

"
철버덕거리다,"철버덕대다, 철버덕철버덕하다
"
철버덕대다,"철버덕거리다, 철버덕철버덕하다
"
철버덕철버덕하다,"철버덕거리다, 철버덕대다
"
철벅거리다,"철벅대다, 철벅철벅하다
본말 철버덕거리다

"
철벅대다,"철벅거리다, 철벅철벅하다
본말 철버덕대다

"
철벅철벅하다,"철벅거리다, 철벅대다
본말 철버덕철버덕하다

"
철썩거리다,"철썩대다, 철썩철썩하다
작은말 찰싹거리다

"
철썩거리다,"철썩대다, 철썩철썩하다
작은말 찰싹거리다

"
철썩대다,"철썩거리다, 철썩철썩하다, 찰싹대다

"
철썩대다,"철썩거리다, 철썩철썩하다
작은말 찰싹대다

"
철썩철썩하다,"철썩거리다, 철썩대다
작은말 찰싹찰싹하다

"
철썩철썩하다,"철썩거리다, 철썩대다
작은말 찰싹찰싹하다

"
철야하다,"밤샘하다

"
첨가되다,"삭제되다

"
첨벙거리다,"첨벙대다, 첨벙첨벙하다

"
첨벙대다,"첨벙거리다, 첨벙첨벙하다

"
첨벙첨벙하다,"첨벙거리다, 첨벙대다

"
청소하다,"소제하다

"
청혼하다,"구혼하다

"
체납하다,"체불하다

"
체류하다,"체재하다

"
체불하다,"체납하다

"
체재하다,"체류하다

"
체하다,"얹히다

"
촐랑거리다,"촐랑촐랑하다

"
촐랑거리다,"촐랑촐랑하다

"
촐랑촐랑하다,"촐랑거리다

"
촐랑촐랑하다,"촐랑거리다

"
총총거리다,"총총대다

"
총총대다,"총총거리다

"
총칭하다,"통칭하다

"
추렴하다,"갹출하다

"
추론하다,"추리하다

"
추리하다,"추론하다

"
추수하다,"가을걷이하다

"
축구하다,"축조하다

"
축조하다,"축구하다

"
출가하다,"시집가다

"
출간되다,"간행되다, 출판되다

"
출간하다,"간행하다, 출판하다

"
출감되다,"출옥되다

"
출감하다,"출옥하다

"
출렁거리다,"출렁출렁하다

"
출렁거리다,"출렁출렁하다

"
출렁출렁하다,"출렁거리다

"
출렁출렁하다,"출렁거리다

"
출산하다,"해산하다1, 분만하다

"
출옥되다,"출감되다

"
출옥하다,"출감하다

"
출판되다,"간행되다, 출간되다

"
출판하다,"간행하다, 출간하다

"
취업하다,"취직하다

"
취직하다,"취업하다

"
치근거리다,"치근대다, 치근치근하다

"
치근대다,"치근거리다

"
치근덕거리다,"치근덕치근덕하다

"
치근덕치근덕하다,"치근덕거리다

"
치근치근하다,"치근거리다
여린말 지근지근하다

"
치료하다,"고치다

"
치솟다,"솟구치다

"
치솟다,"솟구치다

"
치장되다,"장식되다

"
치장하다,"수식하다, 장식하다

"
칭얼거리다,"칭얼칭얼하다

"
칭얼칭얼하다,"칭얼거리다

"
캑캑거리다,"캑캑대다, 캑캑하다

"
캑캑대다,"캑캑거리다, 캑캑하다

"
캑캑하다,"캑캑거리다, 캑캑대다

"
컥컥거리다,"컥컥대다1, 컥컥하다1

"
컥컥거리다,"컥컥대다2, 컥컥하다2

"
컥컥대다,"컥컥거리다1, 컥컥대다1

"
컥컥대다,"컥컥거리다2, 컥컥하다2

"
컥컥하다,"컥컥거리다1, 컥컥대다1

"
컥컥하다,"컥컥거리다2, 컥컥대다2

"
컹컹거리다,"컹컹대다

"
컹컹대다,"컹컹거리다

"
콜록거리다,"콜록대다, 콜록콜록하다

"
콜록대다,"콜록거리다, 콜록콜록하다

"
콜록콜록하다,"콜록거리다, 콜록대다

"
콜콜거리다,"콜콜대다

"
콜콜대다,"콜콜거리다

"
콩콩거리다,"콩콩대다, 콩콩하다

"
콩콩거리다,"콩콩대다, 콩콩하다

"
콩콩대다,"콩콩거리다, 콩콩하다

"
콩콩대다,"콩콩거리다, 콩콩하다

"
콩콩하다,"콩콩거리다, 콩콩대다

"
콩콩하다,"콩콩거리다, 콩콩대다

"
쾅쾅거리다,"쾅쾅대다
"
쾅쾅거리다,"쾅쾅대다
"
쾅쾅대다,"쾅쾅거리다
"
쾅쾅대다,"쾅쾅거리다
"
쿠당탕거리다,"쿠당탕대다

"
쿠당탕대다,"쿠당탕거리다

"
쿡쿡거리다,"쿡쿡대다, 쿡쿡하다

"
쿡쿡거리다,"쿡쿡대다, 쿡쿡하다

"
쿡쿡거리다,"쿡쿡대다, 쿡쿡하다

"
쿡쿡대다,"쿡쿡거리다, 쿡쿡하다

"
쿡쿡대다,"쿡쿡거리다, 쿡쿡하다

"
쿡쿡대다,"쿡쿡거리다, 쿡쿡하다

"
쿡쿡하다,"쿡쿡거리다, 쿡쿡대다

"
쿡쿡하다,"쿡쿡거리다, 쿡쿡대다

"
쿡쿡하다,"쿡쿡거리다, 쿡쿡하다

"
쿵쾅거리다,"쿵쾅대다

"
쿵쾅거리다,"쿵쾅대다

"
쿵쾅거리다,"쿵쾅대다

"
쿵쾅대다,"쿵쾅거리다

"
쿵쾅대다,"쿵쾅거리다

"
쿵쾅대다,"쿵쾅거리다

"
쿵쿵거리다,"쿵쿵대다, 쿵쿵하다

"
쿵쿵거리다,"쿵쿵대다, 쿵쿵하다

"
쿵쿵거리다,"쿵쿵대다, 쿵쿵하다

"
쿵쿵거리다,"쿵쿵대다, 쿵쿵하다

"
쿵쿵대다,"쿵쿵거리다, 쿵쿵하다

"
쿵쿵대다,"쿵쿵거리다, 쿵쿵하다

"
쿵쿵대다,"쿵쿵거리다, 쿵쿵하다

"
쿵쿵대다,"쿵쿵거리다, 쿵쿵하다

"
쿵쿵하다,"쿵쿵거리다, 쿵쿵대다

"
쿵쿵하다,"쿵쿵거리다, 쿵쿵대다

"
쿵쿵하다,"쿵쿵거리다, 쿵쿵대다

"
쿵쿵하다,"쿵쿵거리다, 쿵쿵대다

"
킁킁거리다,"킁킁대다

"
킁킁대다,"킁킁거리다

"
키득거리다,"키득대다, 키득키득하다

"
키득대다,"키득거리다, 키득키득하다

"
키득키득하다,"키득거리다, 키득대다

"
키들거리다,"키들대다, 키들키들하다

"
키들대다,"키들거리다, 키들키들하다

"
키들키들하다,"키들거리다, 키들대다

"
키스하다,"입맞춤하다

"
키스하다,"입맞춤하다

"
키우다,"기르다

"
키우다,"기르다

"
킥킥거리다,"킥킥하다

"
킥킥하다,"킥킥거리다

"
타이르다,"이르다2

"
탈탈거리다,"탈탈대다, 탈탈하다

"
탈탈거리다,"탈탈대다, 탈탈하다

"
탈탈대다,"탈탈거리다, 탈탈하다

"
탈탈대다,"탈탈거리다, 탈탈하다

"
탈탈하다,"탈탈거리다, 탈탈대다

"
탈탈하다,"탈탈거리다, 탈탈대다

"
탕진하다,"털어먹다

"
터덜거리다,"터덜대다, 터덜터덜하다

"
터덜거리다,"터덜대다, 터덜터덜하다

"
터덜대다,"터덜거리다, 터덜터덜하다

"
터덜대다,"터덜거리다, 터덜터덜하다

"
터덜터덜하다,"터덜거리다, 터덜대다

"
터덜터덜하다,"터덜거리다, 터덜대다

"
터뜨리다,"터트리다

"
터뜨리다,"터트리다

"
터뜨리다,"터트리다

"
터뜨리다,"터트리다

"
터뜨리다,"터트리다

"
터뜨리다,"터트리다

"
터뜨리다,"터트리다

"
터트리다,"터뜨리다

"
터트리다,"터뜨리다

"
터트리다,"터뜨리다

"
터트리다,"터뜨리다

"
터트리다,"터뜨리다

"
터트리다,"터뜨리다

"
터트리다,"터뜨리다

"
털버덕거리다,"털버덕대다, 털버덕털버덕하다

"
털버덕거리다,"털버덕대다, 털버덕털버덕하다

"
털버덕대다,"털버덕거리다, 털버덕털버덕하다

"
털버덕대다,"털버덕거리다, 털버덕털버덕하다

"
털버덕털버덕하다,"털버덕거리다, 털버덕대다

"
털버덕털버덕하다,"털버덕거리다, 털버덕대다

"
털썩거리다,"털썩대다, 털썩털썩하다

"
털썩거리다,"털썩대다, 털썩털썩하다

"
털썩거리다,"털썩대다, 털썩털썩하다

"
털썩거리다,"털썩대다, 털썩털썩하다

"
털썩대다,"털썩거리다, 털썩털썩하다

"
털썩대다,"털썩거리다, 털썩털썩하다

"
털썩대다,"털썩거리다, 털썩털썩하다

"
털썩대다,"털썩거리다, 털썩털썩하다

"
털썩털썩하다,"털썩거리다, 털썩대다

"
털썩털썩하다,"털썩거리다, 털썩대다

"
털썩털썩하다,"털썩거리다, 털썩대다

"
털썩털썩하다,"털썩거리다, 털썩대다

"
털어먹다,"탕진하다

"
털털거리다,"털털대다, 털털하다1

"
털털거리다,"털털대다, 털털하다1

"
털털거리다,"털털대다, 털털하다1

"
털털대다,"털털거리다, 털털하다1

"
털털대다,"털털거리다, 털털하다1

"
털털대다,"털털거리다, 털털하다1

"
털털하다,"털털거리다, 털털대다

"
털털하다,"털털거리다, 털털대다

"
털털하다,"털털거리다, 털털대다

"
텀버덩거리다,"텀버덩대다, 텀버덩텀버덩하다
"
텀버덩대다,"텀버덩거리다, 텀버덩텀버덩하다
"
텀버덩텀버덩하다,"텀버덩거리다, 텀버덩대다
"
텀벙거리다,"텀벙대다, 텀벙텀벙하다
여린말 덤벙거리다
본말 텀버덩거리다

"
텀벙대다,"텀벙거리다, 텀벙텀벙하다
본말 텀버덩대다

"
텀벙텀벙하다,"텀벙거리다, 텀벙대다
본말 텀버덩텀버덩하다

"
토닥거리다,"토닥대다, 토닥토닥하다
여린말 도닥거리다

"
토닥대다,"토닥거리다, 토닥토닥하다
여린말 도닥대다

"
토닥토닥하다,"토닥거리다, 토닥대다
여린말 도닥도닥하다

"
토하다,"게우다, 구토하다

"
톡탁거리다,"톡탁대다, 톡탁톡탁하다

"
톡탁거리다,"톡탁대다, 톡탁톡탁하다

"
톡탁대다,"톡탁거리다, 톡탁톡탁하다

"
톡탁대다,"톡탁거리다, 톡탁톡탁하다

"
톡탁톡탁하다,"톡탁거리다, 톡탁대다
"
톡탁톡탁하다,"톡탁거리다, 톡탁대다

"
톡톡거리다,"톡톡대다

"
톡톡거리다,"톡톡대다

"
톡톡거리다,"톡톡대다

"
톡톡거리다,"톡톡대다

"
톡톡거리다,"톡톡대다

"
톡톡거리다,"톡톡대다

"
톡톡거리다,"톡톡대다

"
톡톡거리다,"톡톡대다

"
톡톡대다,"톡톡거리다

"
톡톡대다,"톡톡거리다

"
톡톡대다,"톡톡거리다

"
톡톡대다,"톡톡거리다

"
톡톡대다,"톡톡거리다

"
톡톡대다,"톡톡거리다

"
톡톡대다,"톡톡거리다

"
톡톡대다,"톡톡거리다

"
통감하다,"절감하다1

"
통정하다,"간음하다, 내통하다, 야합하다

"
통칭하다,"총칭하다

"
퇴각하다,"후퇴하다

"
퇴거하다,"은거하다

"
퇴임하다,"퇴직하다

"
퇴직하다,"퇴임하다

"
퇴행하다,"퇴화하다

"
퇴화하다,"퇴행하다
"
투덜거리다,"투덜투덜하다

"
투덜투덜하다,"투덜거리다

"
툴툴거리다,"툴툴대다

"
툴툴대다,"툴툴거리다

"
퉁기다,"튕기다

"
퉁기다,"튕기다

"
튀기다,"튕기다

"
튀어나오다,"불거지다

"
튕기다,"튀기다1

"
튕기다,"퉁기다

"
튕기다,"퉁기다

"
틀어박히다,"들어박히다

"
파견되다,"파송되다

"
파견하다,"파송하다

"
파닥거리다,"파닥대다, 파닥파닥하다

"
파닥거리다,"파닥대다, 파닥파닥하다

"
파닥대다,"파닥거리다, 파닥파닥하다

"
파닥대다,"파닥거리다, 파닥파닥하다

"
파닥파닥하다,"파닥거리다, 파닥대다

"
파닥파닥하다,"파닥거리다, 파닥대다

"
파산하다,"도산하다

"
파선되다,"난파되다

"
파선하다,"난파하다

"
파송되다,"파견되다

"
파송하다,"파견하다

"
판매되다,"발매되다

"
판매하다,"발매하다

"
팔딱거리다,"팔딱대다, 팔딱팔딱하다
큰말 펄떡거리다

"
팔딱거리다,"팔딱대다, 팔딱팔딱하다
큰말 펄떡거리다

"
팔딱거리다,"팔딱대다, 팔딱팔딱하다
큰말 펄떡거리다

"
팔딱대다,"팔딱거리다, 팔딱팔딱하다
큰말 펄떡대다

"
팔딱대다,"팔딱거리다, 팔딱팔딱하다
큰말 펄떡대다

"
팔딱대다,"팔딱거리다, 팔딱팔딱하다
큰말 펄떡대다

"
팔딱팔딱하다,"팔딱거리다, 팔딱대다
큰말 펄떡펄떡하다

"
팔딱팔딱하다,"팔딱거리다, 팔딱대다
큰말 펄떡펄떡하다

"
팔딱팔딱하다,"팔딱거리다, 팔딱대다
큰말 펄떡펄떡하다

"
팔랑거리다,"팔랑대다, 팔랑팔랑하다

"
팔랑거리다,"팔랑대다, 팔랑팔랑하다

"
팔랑대다,"팔랑거리다, 팔랑팔랑하다

"
팔랑대다,"팔랑거리다, 팔랑팔랑하다

"
팔랑팔랑하다,"팔랑거리다, 팔랑대다

"
팔랑팔랑하다,"팔랑거리다, 팔랑대다

"
패배하다,"패전하다
"
패전하다,"패배하다
"
퍼내다,"퍼지르다2

"
퍼덕거리다,"퍼덕대다, 퍼덕퍼덕하다

"
퍼덕거리다,"퍼덕대다, 퍼덕퍼덕하다

"
퍼덕거리다,"퍼덕대다, 퍼덕퍼덕하다

"
퍼덕대다,"퍼덕거리다, 퍼덕퍼덕하다

"
퍼덕대다,"퍼덕거리다, 퍼덕퍼덕하다

"
퍼덕대다,"퍼덕거리다, 퍼덕퍼덕하다

"
퍼덕퍼덕하다,"퍼덕거리다, 퍼덕대다

"
퍼덕퍼덕하다,"퍼덕거리다, 퍼덕대다

"
퍼덕퍼덕하다,"퍼덕거리다, 퍼덕대다

"
퍼지르다,"퍼내다

"
펄떡거리다,"펄떡대다, 펄떡펄떡하다
작은말 팔딱거리다

"
펄떡거리다,"펄떡대다, 펄떡펄떡하다
작은말 팔딱거리다

"
펄떡거리다,"펄떡대다, 펄떡펄떡하다
작은말 팔딱거리다

"
펄떡대다,"펄떡거리다, 펄떡펄떡하다
작은말 팔딱대다

"
펄떡대다,"펄떡거리다, 펄떡펄떡하다
작은말 팔딱대다

"
펄떡대다,"펄떡거리다, 펄떡펄떡하다
작은말 팔딱대다

"
펄떡펄떡하다,"펄떡거리다, 펄떡대다
작은말 팔딱팔딱하다

"
펄떡펄떡하다,"펄떡거리다, 펄떡대다
작은말 팔딱팔딱하다

"
펄떡펄떡하다,"펄떡거리다, 펄떡대다
작은말 팔딱팔딱하다

"
펄럭거리다,"펄럭대다, 펄럭이다, 펄럭펄럭하다

"
펄럭대다,"펄럭거리다, 펄럭이다, 펄럭펄럭하다

"
펄럭이다,"펄럭거리다, 펄럭대다, 펄럭펄럭하다

"
펄럭펄럭하다,"펄럭거리다, 펄럭대다, 펄럭이다

"
평론하다,"비판하다, 비평하다

"
폭등하다,"급등하다
"
폭락하다,"급락하다
"
푸대접하다,"냉대하다, 박대하다

"
푸드덕거리다,"푸드덕대다, 푸드덕푸드덕하다

"
푸드덕거리다,"푸드덕대다, 푸드덕푸드덕하다

"
푸드덕대다,"푸드덕거리다, 푸드덕푸드덕하다

"
푸드덕대다,"푸드덕거리다, 푸드덕푸드덕하다

"
푸드덕푸드덕하다,"푸드덕거리다, 푸드덕대다

"
푸드덕푸드덕하다,"푸드덕거리다, 푸드덕대다

"
핀잔하다,"꾸중하다, 꾸지람하다, 꾸짖다

"
하강하다,"강하하다
"
하늘거리다,"하늘대다, 하늘하늘하다1
큰말 흐늘거리다

"
하늘거리다,"하늘대다, 하늘하늘하다1
큰말 흐늘거리다

"
하늘거리다,"하늘대다, 하늘하늘하다1
큰말 흐늘거리다

"
하늘대다,"하늘거리다, 하늘하늘하다1

"
하늘대다,"하늘거리다, 하늘하늘하다1

"
하늘대다,"하늘거리다, 하늘하늘하다1

"
하늘하늘하다,"하늘거리다, 하늘대다

"
하늘하늘하다,"하늘거리다, 하늘대다

"
하늘하늘하다,"하늘거리다, 하늘대다

"
한들거리다,"한들대다, 한들한들하다

"
한들대다,"한들거리다, 한들한들하다

"
한들한들하다,"한들거리다, 한들대다

"
할딱거리다,"할딱대다, 할딱할딱하다
큰말 헐떡거리다

"
할딱거리다,"할딱대다, 할딱할딱하다
큰말 헐떡거리다

"
할딱대다,"할딱거리다, 할딱할딱하다

"
할딱대다,"할딱거리다, 할딱할딱하다

"
할딱할딱하다,"할딱거리다, 할딱대다

"
할딱할딱하다,"할딱거리다, 할딱대다

"
함께하다,"같이하다

"
함께하다,"같이하다

"
합병되다,"병합되다

"
합병하다,"병합하다

"
항변하다,"항의하다

"
항의하다,"항변하다1

"
해롱거리다,"해롱대다, 해롱해롱하다

"
해롱대다,"해롱거리다, 해롱해롱하다

"
해롱해롱하다,"해롱거리다, 해롱대다

"
해산하다,"분만하다, 출산하다

"
해죽거리다,"해죽대다, 해죽해죽하다

"
해죽대다,"해죽거리다, 해죽해죽하다

"
해죽해죽하다,"해죽거리다, 해죽대다

"
허가되다,"허락되다

"
허가하다,"승낙하다, 허락하다, 허하다1

"
허덕거리다,"허덕대다, 허덕허덕하다

"
허덕대다,"허덕거리다, 허덕허덕하다

"
허덕허덕하다,"허덕거리다, 허덕대다

"
허둥거리다,"허둥대다, 허둥허둥하다

"
허둥대다,"허둥거리다, 허둥허둥하다

"
허둥허둥하다,"허둥거리다, 허둥대다

"
허락되다,"허가되다

"
허락하다,"승낙하다, 허가하다, 허하다1

"
허물어뜨리다,"허물어트리다

"
허물어뜨리다,"허물어트리다

"
허물어뜨리다,"허물어트리다

"
허물어뜨리다,"허물어트리다

"
허물어뜨리다,"허물어트리다

"
허물어뜨리다,"허물어트리다

"
허물어뜨리다,"허물어트리다

"
허물어트리다,"허물어뜨리다

"
허물어트리다,"허물어뜨리다

"
허물어트리다,"허물어뜨리다

"
허물어트리다,"허물어뜨리다

"
허물어트리다,"허물어뜨리다

"
허물어트리다,"허물어뜨리다

"
허물어트리다,"허물어뜨리다

"
허우적거리다,"허우적대다, 허우적허우적하다

"
허우적거리다,"허우적대다, 허우적허우적하다

"
허우적대다,"허우적거리다, 허우적허우적하다

"
허우적대다,"허우적거리다, 허우적허우적하다

"
허우적허우적하다,"허우적거리다, 허우적대다

"
허우적허우적하다,"허우적거리다, 허우적대다

"
허하다,"승낙하다, 허가하다, 허락하다

"
헉헉거리다,"헉헉대다, 헉헉하다

"
헉헉대다,"헉헉거리다, 헉헉하다

"
헉헉하다,"헉헉거리다, 헉헉대다

"
헐떡거리다,"헐떡대다, 헐떡헐떡하다
작은말 할딱거리다

"
헐떡거리다,"헐떡대다, 헐떡헐떡하다
작은말 할딱거리다

"
헐떡대다,"헐떡거리다, 헐떡헐떡하다

"
헐떡대다,"헐떡거리다, 헐떡헐떡하다

"
헐떡헐떡하다,"헐떡거리다, 헐떡대다

"
헐떡헐떡하다,"헐떡거리다, 헐떡대다

"
헐렁거리다,"헐렁대다, 헐렁헐렁하다1

"
헐렁거리다,"헐렁대다, 헐렁헐렁하다1

"
헐렁대다,"헐렁거리다, 헐렁헐렁하다1

"
헐렁대다,"헐렁거리다, 헐렁헐렁하다1

"
헐렁헐렁하다,"헐렁거리다, 헐렁대다

"
헐렁헐렁하다,"헐렁거리다, 헐렁대다

"
헐레벌떡거리다,"헐레벌떡대다

"
헐레벌떡대다,"헐레벌떡거리다

"
헛갈리다,"헷갈리다

"
헛갈리다,"헷갈리다

"
헛돌다,"겉돌다

"
헤벌쭉거리다,"헤벌쭉대다

"
헤벌쭉대다,"헤벌쭉거리다

"
헤헤거리다,"헤헤대다, 헤헤하다

"
헤헤거리다,"헤헤대다, 헤헤하다

"
헤헤대다,"헤헤거리다, 헤헤하다

"
헤헤대다,"헤헤거리다, 헤헤하다

"
헤헤하다,"헤헤거리다, 헤헤대다

"
헤헤하다,"헤헤거리다, 헤헤대다

"
헷갈리다,"헛갈리다

"
헷갈리다,"헛갈리다

"
혁신되다,"쇄신되다

"
혁신하다,"쇄신하다

"
호령하다,"구령하다

"
호호거리다,"호호대다1, 호호하다1

"
호호거리다,"호호대다2

"
호호대다,"호호거리다1, 호호하다1

"
호호대다,"호호거리다2

"
호호하다,"호호거리다1, 호호대다1

"
혼인하다,"결혼하다

"
혼절하다,"기절하다

"
홀짝거리다,"홀짝대다, 홀짝홀짝하다

"
홀짝거리다,"홀짝대다, 홀짝홀짝하다

"
홀짝거리다,"홀짝대다, 홀짝홀짝하다

"
홀짝대다,"홀짝거리다, 홀짝홀짝하다

"
홀짝대다,"홀짝거리다, 홀짝홀짝하다

"
홀짝대다,"홀짝거리다, 홀짝홀짝하다

"
홀짝홀짝하다,"홀짝거리다, 홀짝대다

"
홀짝홀짝하다,"홀짝거리다, 홀짝대다

"
홀짝홀짝하다,"홀짝거리다, 홀짝대다

"
화끈거리다,"화끈대다, 화끈화끈하다1
큰말 후끈거리다

"
화끈대다,"화끈거리다, 화끈화끈하다1
큰말 후끈대다

"
화끈화끈하다,"화끈거리다, 화끈대다
큰말 후끈후끈하다1

"
화장하다,"단장하다

"
화합하다,"화해하다

"
화해하다,"화합하다2

"
환국하다,"귀국하다

"
회답하다,"답하다

"
회생하다,"소생하다, 갱생하다, 재생하다

"
회신하다,"답신하다

"
후끈거리다,"후끈대다, 후끈후끈하다1
작은말 화끈거리다

"
후끈대다,"후끈거리다, 후끈후끈하다1
작은말 화끈대다

"
후끈후끈하다,"후끈거리다, 후끈대다
작은말 화끈화끈하다1

"
후대하다,"우대하다
"
후들거리다,"후들대다, 후들후들하다

"
후들대다,"후들거리다, 후들후들하다

"
후들후들하다,"후들거리다, 후들대다

"
후루룩거리다,"후루룩대다

"
후루룩거리다,"후루룩대다

"
후루룩대다,"후루룩거리다

"
후루룩대다,"후루룩거리다

"
후퇴하다,"퇴각하다

"
후후거리다,"후후대다, 후후하다

"
후후대다,"후후거리다, 후후하다

"
후후하다,"후후거리다, 후후대다

"
훌쩍거리다,"훌쩍대다, 훌쩍훌쩍하다1

"
훌쩍거리다,"훌쩍대다, 훌쩍훌쩍하다1

"
훌쩍거리다,"훌쩍대다, 훌쩍훌쩍하다1

"
훌쩍대다,"훌쩍거리다, 훌쩍훌쩍하다1

"
훌쩍대다,"훌쩍거리다, 훌쩍훌쩍하다1

"
훌쩍대다,"훌쩍거리다, 훌쩍훌쩍하다1

"
훌쩍훌쩍하다,"훌쩍거리다, 훌쩍대다

"
훌쩍훌쩍하다,"훌쩍거리다, 훌쩍대다

"
훌쩍훌쩍하다,"훌쩍거리다, 훌쩍대다

"
휘적거리다,"휘적대다, 휘적휘적하다

"
휘적대다,"휘적거리다

"
휘적휘적하다,"휘적거리다

"
휘청거리다,"휘청대다, 휘청휘청하다

"
휘청거리다,"휘청대다, 휘청휘청하다

"
휘청거리다,"휘청대다, 휘청휘청하다

"
휘청대다,"휘청거리다, 휘청휘청하다

"
휘청대다,"휘청거리다, 휘청휘청하다

"
휘청대다,"휘청거리다, 휘청휘청하다

"
휘청휘청하다,"휘청거리다, 휘청대다

"
휘청휘청하다,"휘청거리다, 휘청대다

"
휘청휘청하다,"휘청거리다, 휘청대다

"
휩쓸다,"석권하다

"
흉보다,"비방하다, 손가락질하다

"
흐느적거리다,"흐느적대다, 흐느적흐느적하다

"
흐느적거리다,"흐느적대다, 흐느적흐느적하다

"
흐느적대다,"흐느적거리다, 흐느적흐느적하다

"
흐느적대다,"흐느적거리다, 흐느적흐느적하다

"
흐느적흐느적하다,"흐느적거리다, 흐느적대다

"
흐느적흐느적하다,"흐느적거리다, 흐느적대다

"
흐늘거리다,"흐늘대다, 흐늘흐늘하다1
작은말 하늘거리다

"
흐늘거리다,"흐늘대다, 흐늘흐늘하다1
작은말 하늘거리다

"
흐늘거리다,"흐늘대다, 흐늘흐늘하다1
작은말 하늘거리다

"
흐늘대다,"흐늘거리다, 흐늘흐늘하다1

"
흐늘대다,"흐늘거리다, 흐늘흐늘하다1

"
흐늘대다,"흐늘거리다, 흐늘흐늘하다1

"
흐늘흐늘하다,"흐늘거리다, 흐늘대다

"
흐늘흐늘하다,"흐늘거리다, 흐늘대다

"
흐늘흐늘하다,"흐늘거리다, 흐늘대다

"
흐물거리다,"흐물대다

"
흐물대다,"흐물거리다

"
흑흑거리다,"흑흑대다, 흑흑하다

"
흑흑대다,"흑흑거리다, 흑흑하다

"
흑흑하다,"흑흑거리다, 흑흑대다

"
흔들거리다,"흔들대다, 흔들흔들하다

"
흔들거리다,"흔들대다, 흔들흔들하다

"
흔들대다,"흔들거리다, 흔들흔들하다

"
흔들대다,"흔들거리다, 흔들흔들하다

"
흔들흔들하다,"흔들거리다, 흔들대다

"
흔들흔들하다,"흔들거리다, 흔들대다

"
흘겨보다,"노려보다

"
흘금거리다,"흘금대다, 흘금흘금하다
"
흘금대다,"흘금거리다, 흘금흘금하다

"
흘금흘금하다,"흘금거리다, 흘금대다
"
흘긋거리다,"흘긋대다, 흘긋흘긋하다
"
흘긋대다,"흘긋거리다, 흘긋흘긋하다

"
흘긋흘긋하다,"흘긋거리다, 흘긋대다
"
흘기다,"흘겨보다

"
흘깃거리다,"흘깃대다, 흘깃흘깃하다
"
흘깃대다,"흘깃거리다, 흘깃흘깃하다

"
흘깃흘깃하다,"흘깃거리다, 흘깃대다

"
흘끔거리다,"흘끔대다, 흘끔흘끔하다
여린말 흘금거리다

"
흘끔대다,"흘끔거리다, 흘끔흘끔하다

"
흘끔흘끔하다,"흘끔거리다, 흘끔대다
여린말 흘금흘금하다

"
흘끗거리다,"흘끗대다, 흘끗흘끗하다
여린말 흘긋거리다

"
흘끗대다,"흘끗거리다, 흘끗흘끗하다

"
흘끗흘끗하다,"흘끗거리다, 흘끗대다
여린말 흘긋흘긋하다

"
흘낏거리다,"흘낏대다, 흘낏흘낏하다
여린말 흘깃거리다

"
흘낏대다,"흘낏거리다, 흘낏흘낏하다

"
흘낏흘낏하다,"흘낏거리다, 흘낏대다
여린말 흘깃흘깃하다

"
흘러넘치다,"넘쳐흐르다

"
흘러넘치다,"넘쳐흐르다

"
흘러넘치다,"넘쳐흐르다

"
흠칫거리다,"흠칫대다, 흠칫흠칫하다

"
흠칫대다,"흠칫거리다, 흠칫흠칫하다

"
흠칫흠칫하다,"흠칫거리다, 흠칫대다

"
흥성하다,"융성하다

"
흥얼거리다,"흥얼대다, 흥얼흥얼하다

"
흥얼거리다,"흥얼대다, 흥얼흥얼하다

"
흥얼대다,"흥얼거리다, 흥얼흥얼하다

"
흥얼대다,"흥얼거리다, 흥얼흥얼하다

"
흥얼흥얼하다,"흥얼거리다, 흥얼대다

"
흥얼흥얼하다,"흥얼거리다, 흥얼대다

"
흥청거리다,"흥청대다

"
흥청거리다,"흥청대다

"
흥청대다,"흥청거리다

"
흥청대다,"흥청거리다

"
흥흥거리다,"흥흥대다, 흥흥하다

"
흥흥거리다,"흥흥대다, 흥흥하다

"
흥흥대다,"흥흥거리다, 흥흥하다

"
흥흥대다,"흥흥거리다, 흥흥하다

"
흥흥하다,"흥흥거리다, 흥흥대다

"
흥흥하다,"흥흥거리다, 흥흥대다

"
희끗거리다,"희끗대다

"
희끗거리다,"희끗대다, 희끗희끗하다1

"
희끗대다,"희끗거리다

"
희끗대다,"희끗거리다, 희끗희끗하다1

"
희끗희끗하다,"희끗거리다, 희끗대다

"
희망하다,"소원하다1

"
희번덕거리다,"희번덕대다

"
희번덕거리다,"희번덕대다

"
희번덕대다,"희번덕거리다

"
희번덕대다,"희번덕거리다

"
희희낙락거리다,"희희낙락대다

"
희희낙락대다,"희희낙락거리다

"
히죽거리다,"히죽대다, 히죽히죽하다
"
히죽대다,"히죽거리다, 히죽히죽하다

"
히죽히죽하다,"히죽거리다, 히죽대다
"
히쭉거리다,"히쭉대다, 히쭉히쭉하다
여린말 히죽거리다

"
히쭉대다,"히쭉거리다, 히쭉히쭉하다

"
히쭉히쭉하다,"히쭉거리다, 히쭉대다
여린말 히죽히죽하다

"
히히거리다,"히히대다, 히히하다

"
히히거리다,"히히대다, 히히하다

"
히히대다,"히히거리다, 히히하다

"
히히대다,"히히거리다, 히히하다

"
히히하다,"히히거리다, 히히대다

"
히히하다,"히히거리다, 히히대다

"
힐금거리다,"힐금대다, 힐금힐금하다
"
힐금대다,"힐금거리다, 힐금힐금하다

"
힐금힐금하다,"힐금거리다, 힐금대다
"
힐끔거리다,"힐끔대다, 힐끔힐끔하다
여린말 힐금거리다

"
힐끔대다,"힐끔거리다, 힐끔힐끔하다

"
힐끔힐끔하다,"힐끔거리다, 힐끔대다
여린말 힐금힐금하다

"
힐끗거리다,"힐끗대다, 힐끗힐끗하다

"
힐끗거리다,"힐끗대다, 힐끗힐끗하다

"
힐끗대다,"힐끗거리다, 힐끗힐끗하다

"
힐끗대다,"힐끗거리다, 힐끗힐끗하다

"
힐끗힐끗하다,"힐끗거리다, 힐끗대다

"
힐끗힐끗하다,"힐끗거리다, 힐끗대다

"
힐문하다,"문책하다

"
가라앉다,"갈앉다

"
가라앉다,"갈앉다

"
가라앉다,"갈앉다

"
가라앉다,"갈앉다

"
가라앉다,"갈앉다

"
가라앉다,"갈앉다

"
가지다,"갖다1

"
가지다,"갖다1

"
가지다,"갖다1

"
가지다,"갖다1

"
가지다,"갖다1

"
가지다,"갖다1

"
가지다,"갖다1

"
가지다,"갖다1

"
가지다,"갖다1

"
가지다,"갖다1

"
가지다,"갖다1

"
가지다,"갖다1

"
거두다,"걷다4

"
거두다,"걷다4

"
거두다,"걷다4

"
거두어들이다,"거둬들이다

"
거두어들이다,"거둬들이다

"
거두어들이다,"거둬들이다

"
거두어들이다,"거둬들이다

"
거두어들이다,"거둬들이다

"
거두어들이다,"거둬들이다

"
거두어들이다,"거둬들이다

"
거두어들이다,"거둬들이다

"
거두어들이다,"거둬들이다

"
거두어들이다,"거둬들이다

"
건드리다,"건들다

"
건드리다,"건들다

"
건드리다,"건들다

"
건드리다,"건들다

"
고리하다,"고러다

"
고만두다,"관두다

"
굽죄이다,"굽죄다

"
그리하다,"그러다

"
까부르다,"까불다2

"
까부르다,"까불다2

"
깨어나다,"깨나다

"
깨어나다,"깨나다

"
깨어나다,"깨나다

"
깨어나다,"깨나다

"
깨어지다,"깨지다

"
깨어지다,"깨지다

"
깨어지다,"깨지다

"
깨어지다,"깨지다

"
깨어지다,"깨지다

"
깨어지다,"깨지다

"
끼어들다,"껴들다

"
끼우다,"끼다3

"
끼우다,"끼다3

"
끼이다,"끼다2

"
끼이다,"끼다2

"
끼이다,"끼다2

"
끼이다,"끼다2

"
끼이다,"끼다2

"
나누이다,"나뉘다

"
나누이다,"나뉘다

"
나누이다,"나뉘다

"
나누이다,"나뉘다

"
내디디다,"내딛다

"
내디디다,"내딛다

"
내어놓다,"내놓다

"
내어놓다,"내놓다

"
내어놓다,"내놓다

"
내어놓다,"내놓다

"
내어놓다,"내놓다

"
내어놓다,"내놓다

"
놓아두다,"놔두다

"
놓아두다,"놔두다

"
놓아두다,"놔두다

"
놓아주다,"놔주다

"
누이다,"뉘다1

"
누이다,"뉘다1

"
누이다,"뉘다2

"
다리미질하다,"다림질하다

"
덜커덕거리다,"덜컥거리다2

"
덜커덕대다,"덜컥대다2

"
덜커덩거리다,"덜컹거리다2

"
덜커덩대다,"덜컹대다2

"
득시글거리다,"득실거리다

"
득시글대다,"득실대다

"
득시글득시글하다,"득실득실하다

"
들여다보이다,"들여다뵈다

"
들이밀다,"디밀다

"
들이밀다,"디밀다

"
들이밀다,"디밀다

"
들이밀다,"디밀다

"
들추어내다,"들춰내다

"
들추어내다,"들춰내다

"
들추어내다,"들춰내다

"
디디다,"딛다

"
디디다,"딛다

"
디디다,"딛다

"
때움질하다,"땜질하다

"
때움질하다,"땜질하다

"
때움질하다,"땜질하다

"
떼어먹다,"떼먹다

"
떼어먹다,"떼먹다

"
뜨이다,"띄다1

"
뜨이다,"띄다1

"
뜨이다,"띄다1

"
띄우다,"띄다2

"
마음먹다,"맘먹다

"
머무르다,"머물다

"
머무르다,"머물다

"
머무적거리다,"머뭇거리다

"
머무적대다,"머뭇대다

"
머무적머무적하다,"머뭇머뭇하다

"
보아주다,"봐주다

"
보아주다,"봐주다

"
보이다,"뵈다1

"
보이다,"뵈다1

"
보이다,"뵈다1

"
보이다,"뵈다1

"
보이다,"뵈다3

"
보이다,"뵈다3

"
보이다,"뵈다3

"
보이다,"뵈다3

"
보이다,"뵈다3

"
북돋우다,"북돋다

"
빼앗기다,"뺏기다

"
빼앗기다,"뺏기다

"
빼앗기다,"뺏기다

"
빼앗기다,"뺏기다

"
빼앗기다,"뺏기다

"
빼앗다,"뺏다

"
빼앗다,"뺏다

"
삐거덕거리다,"삐걱거리다

"
삐거덕대다,"삐걱대다

"
삐거덕삐거덕하다,"삐걱삐걱하다

"
삐거덕하다,"삐걱하다

"
싸움하다,"쌈하다

"
쏘아붙이다,"쏴붙이다

"
쏘이다,"쐬다1

"
쏘이다,"쐬다2

"
어찌하다,"어쩌다1

"
여쭈어보다,"여쭤보다

"
외우다,"외다

"
외우다,"외다

"
요러하다,"요렇다

"
요리하다,"요러다

"
이리하다,"이러다

"
이야기되다,"얘기되다

"
이야기되다,"얘기되다

"
이야기되다,"얘기되다

"
이야기되다,"얘기되다

"
이야기하다,"얘기하다

"
이야기하다,"얘기하다

"
이야기하다,"얘기하다

"
이야기하다,"얘기하다

"
잡수시다,"잡숫다

"
재우다,"재다3

"
재우다,"재다3

"
재우다,"재다4

"
저리하다,"저러다

"
조리하다,"조러다

"
조이다,"죄다

"
조이다,"죄다

"
조이다,"죄다

"
조이다,"죄다

"
질퍼덕거리다,"질퍽거리다

"
질퍼덕대다,"질퍽대다

"
질퍼덕질퍼덕하다,"질퍽질퍽하다

"
쪼개어지다,"쪼개지다

"
차이다,"채다1

"
차이다,"채다1

"
차이다,"채다1

"
철버덕거리다,"철벅거리다

"
철버덕대다,"철벅대다

"
철버덕철버덕하다,"철벅철벅하다

"
철버덕하다,"철벅하다

"
치어다보다,"쳐다보다

"
치어다보다,"쳐다보다

"
캐어묻다,"캐묻다

"
텀버덩거리다,"텀벙거리다

"
텀버덩대다,"텀벙대다

"
텀버덩텀버덩하다,"텀벙텀벙하다

"
텀버덩하다,"텀벙하다

"
트이다,"틔다

"
트이다,"틔다

"
트이다,"틔다

"
트이다,"틔다

"
트이다,"틔다

"
트이다,"틔다

"
파이다,"패다3

"
파이다,"패다3

"
파이다,"패다3

"
해어지다,"해지다

"
헤어지다,"헤지다

"
헤어지다,"헤지다

"
헤어지다,"헤지다

"
헤어지다,"헤지다

"
